Customer ID,Loan Sanction Amount (USD)
C-26247,86759.3812
C-35067,63175.32980000002
C-34590,0.0
C-16668,56969.99410000001
C-12196,62789.801900000006
C-2600,0.0
C-9047,83876.4007
C-2206,63587.07530000002
C-25607,0.0
C-11606,15935.8216
C-3624,62983.323899999996
C-43027,0.0
C-15190,108204.61990000003
C-25816,16715.493100000007
C-26370,41249.5398
C-1281,188993.8768000001
C-29433,4544.528799999999
C-36256,57253.921800000004
C-34217,38604.43199999999
C-39950,67532.534
C-6756,21556.21959999999
C-26652,53303.09730000005
C-3991,64092.379499999995
C-40312,38707.7243
C-24580,177350.41340000005
C-4949,0.0
C-18783,76678.54089999999
C-39205,61320.969800000006
C-23784,0.0
C-39508,117448.571
C-19062,113481.57440000001
C-48140,49149.67580000004
C-11314,63227.5598
C-766,70784.69669999997
C-39319,5466.718700000001
C-15299,53394.13840000001
C-10298,29264.1248
C-25573,54510.21830000003
C-18750,25225.034399999993
C-19298,38381.73649999997
C-11497,57706.20579999999
C-42250,23639.21650000001
C-17501,47334.71729999999
C-24290,57366.97319999999
C-8590,103276.87979999998
C-8038,63562.784599999984
C-25261,0.0
C-32634,12397.792700000002
C-15073,49169.2563
C-44174,19650.7289
C-31916,75601.03130000003
C-30620,22226.07050000001
C-12561,0.0
C-40301,98914.04490000001
C-14716,19816.592800000006
C-27558,34787.24409999999
C-32563,46047.19729999998
C-31387,25652.158900000006
C-45649,0.0
C-22572,28528.604499999987
C-48427,54674.460299999984
C-24904,66219.32359999999
C-27683,14106.466800000002
C-43495,65346.71499999998
C-25735,26060.973499999996
C-21375,78707.41500000002
C-41309,70063.91659999997
C-7767,27892.90810000001
C-11841,0.0
C-5763,88176.91570000006
C-8389,43771.672099999996
C-16692,42269.3066
C-33430,116888.29250000003
C-2953,206990.93559999994
C-11912,23586.712199999998
C-6072,62716.952200000014
C-6321,19632.2117
C-26772,67202.89019999998
C-24747,51265.71059999998
C-20883,184689.40089999995
C-11751,50247.96839999998
C-24776,88958.59939999999
C-20642,20020.873399999993
C-9613,0.0
C-45334,0.0
C-37941,61523.6073
C-2908,35556.01179999998
C-13784,15251.4702
C-26710,45326.073100000016
C-1892,66967.83090000002
C-49928,118638.8412
C-23082,66470.71900000001
C-27939,43178.852500000015
C-41801,820.4641999999999
C-19700,9385.752400000005
C-43113,39713.07329999999
C-27336,79963.86520000001
C-36772,39951.897699999994
C-3197,9732.798100000004
C-14674,85067.57129999995
C-5092,21350.182399999994
C-41664,0.0
C-85,27095.9665
C-48382,48467.74199999999
C-35744,90473.76300000005
C-32776,0.0
C-49131,0.0
C-29703,37114.27470000002
C-14880,39486.21099999998
C-36170,0.0
C-41645,1705.1166999999998
C-4784,41875.99359999999
C-38418,63083.90060000001
C-13222,76053.8859
C-32852,24385.632
C-21795,21944.270199999995
C-121,33541.17689999999
C-39952,35715.42179999999
C-45166,0.0
C-32641,56470.6146
C-27678,18680.47600000001
C-10704,0.0
C-33461,22386.038299999997
C-22001,93828.70220000009
C-30170,68230.29150000004
C-23960,61169.90829999997
C-16139,20820.684
C-27022,9812.486700000005
C-19074,23762.888099999993
C-49284,0.0
C-8598,47778.6494
C-14962,29978.43330000001
C-35254,0.0
C-30635,0.0
C-6981,15133.959600000004
C-5924,31990.857999999993
C-9590,35285.6694
C-23842,62236.93129999999
C-45972,0.0
C-39623,82367.09300000002
C-49153,0.0
C-34958,75467.34300000001
C-36476,64125.91050000002
C-28630,0.0
C-12012,66924.89760000001
C-37986,83550.60320000001
C-11513,65037.6891
C-48999,75155.69889999997
C-7194,61375.19669999999
C-14162,59091.3565
C-6137,12120.410499999996
C-7348,0.0
C-25756,0.0
C-40915,92704.93299999999
C-28646,24891.15880000001
C-31130,34248.253400000016
C-8532,12340.881300000001
C-24097,34195.168999999994
C-1855,23278.486300000004
C-35375,39863.190400000014
C-3997,148443.05730000001
C-42188,44459.50709999999
C-33694,9837.666899999998
C-1613,27732.445599999995
C-9405,62731.6308
C-5964,30205.513300000006
C-20231,23104.641099999997
C-23969,14442.8631
C-36011,0.0
C-23079,103905.31210000001
C-44925,175.40630000000002
C-9000,92025.2815
C-49513,0.0
C-49824,0.0
C-17542,70620.627
C-39446,40598.9792
C-24862,29595.43729999999
C-30025,37904.1083
C-20039,25229.266899999995
C-34113,93309.98219999997
C-19871,54464.14839999999
C-7017,25532.744399999996
C-16017,66355.00459999999
C-1475,82170.6086
C-35040,63480.515200000016
C-37318,18769.074999999993
C-4757,56877.38299999998
C-26696,49309.95560000001
C-2450,97185.74110000003
C-38702,49708.72149999999
C-31969,41594.54089999998
C-34069,27954.709600000013
C-23160,27036.899299999994
C-30804,0.0
C-49195,61379.615500000014
C-13029,55069.74260000002
C-39590,0.0
C-45950,0.0
C-1907,165221.5526
C-9729,29821.009200000004
C-24353,49902.53830000002
C-3768,104395.90720000006
C-48652,218748.97279999993
C-14858,12247.2471
C-32326,24518.029699999992
C-35385,0.0
C-45900,70845.20090000003
C-5823,35547.85820000001
C-29879,42206.609899999996
C-2015,51293.809300000015
C-19823,55869.824700000005
C-19528,52537.65219999998
C-40682,91331.87970000005
C-49354,0.0
C-25744,100715.4942
C-14328,56649.73149999999
C-2727,80744.60159999998
C-45497,19366.671000000002
C-17894,181657.09229999993
C-10903,19629.624499999994
C-39413,55221.6599
C-4926,27629.052600000003
C-29376,0.0
C-7440,32552.283599999995
C-38279,35795.7771
C-43246,54075.24240000001
C-33701,0.0
C-1603,108965.8846
C-21756,0.0
C-20553,0.0
C-40318,0.0
C-23274,41103.88619999998
C-3521,0.0
C-19742,31529.23439999998
C-42176,0.0
C-33938,108322.70820000005
C-20363,96067.56649999999
C-1614,117474.9828
C-22568,0.0
C-24796,33780.154899999994
C-25092,54428.62279999997
C-40256,34414.664099999995
C-27504,47315.79800000001
C-25753,77382.60519999999
C-27194,50252.4847
C-17798,0.0
C-11864,35953.01959999999
C-722,21593.990700000002
C-8111,131249.38619999998
C-25051,0.0
C-42216,41789.664899999996
C-20767,0.0
C-22334,61035.6994
C-23551,39663.46740000001
C-48437,287.7164
C-21452,57157.5312
C-16307,43963.8209
C-29324,38759.23689999999
C-4513,0.0
C-32774,18387.129999999997
C-15695,26462.173399999992
C-48811,101872.32590000004
C-24101,74119.8977
C-17567,38199.8702
C-3203,41409.12949999998
C-27870,66893.69649999999
C-34250,0.0
C-6052,38790.1282
C-33730,64601.47460000001
C-33735,47840.66970000001
C-41784,0.0
C-36379,63889.25210000001
C-37051,57736.569899999995
C-45284,15304.959200000001
C-22611,23242.880100000013
C-15220,18935.40350000001
C-46916,23485.339800000005
C-16477,0.0
C-32921,64421.27389999996
C-10743,62996.054800000005
C-25717,11418.1635
C-38804,65700.75050000001
C-47665,93134.26889999997
C-47745,31816.096600000015
C-8340,123146.25100000005
C-35857,5227.207299999999
C-13835,61930.494699999996
C-8181,103312.57239999999
C-7606,15669.0031
C-28889,92248.65210000005
C-19884,23711.89620000001
C-26792,0.0
C-29963,69906.79069999998
C-23208,13285.745600000002
C-26232,116239.94890000002
C-38972,0.0
C-28626,111396.89110000001
C-3278,22055.047599999998
C-9079,25918.062899999997
C-18569,28945.016099999997
C-43756,0.0
C-17687,50701.31780000001
C-5824,88410.80210000002
C-6145,22051.364799999996
C-5160,26260.406399999996
C-13520,32265.009899999994
C-2648,23087.575299999997
C-9345,174350.37300000002
C-46369,188652.74689999994
C-34024,29998.826200000014
C-37594,26425.208399999992
C-16600,40731.841100000005
C-12689,100636.2399
C-31285,0.0
C-20977,57210.912500000006
C-8645,69279.11819999998
C-28949,62298.15170000002
C-42339,0.0
C-18516,89317.30360000001
C-26843,18658.911099999998
C-37352,60838.634699999995
C-9621,33415.1635
C-40583,33352.716400000005
C-44959,47890.64600000002
C-10087,65651.42160000002
C-31261,131023.74750000006
C-2632,59164.506499999996
C-35797,90032.6715
C-9943,25411.409700000007
C-48614,0.0
C-38577,29802.722100000014
C-9012,15202.338600000008
C-22068,29584.62930000001
C-34390,10580.724200000004
C-17445,19451.8297
C-42960,25493.459399999985
C-29172,21677.945000000003
C-8067,14730.918899999999
C-19101,0.0
C-16365,0.0
C-46578,111145.57269999996
C-7726,38995.11460000001
C-11802,74140.04759999999
C-26157,0.0
C-12804,12393.324899999998
C-13829,24453.737399999998
C-16434,54609.562999999995
C-27426,96577.53389999998
C-40208,122740.81180000005
C-35800,20843.591199999988
C-14093,0.0
C-11648,132414.20039999994
C-44330,37613.2922
C-3517,68666.05379999997
C-21658,74322.3045
C-6711,28805.656199999998
C-16178,18995.827199999996
C-19315,33920.654299999995
C-12505,0.0
C-39404,66296.83440000007
C-23783,0.0
C-40002,45737.551500000016
C-30526,21915.5122
C-8034,42822.999299999996
C-33801,96258.252
C-44646,0.0
C-32172,21009.2136
C-15887,505.2291
C-391,0.0
C-35271,106956.66589999998
C-45419,21525.777400000003
C-26170,0.0
C-41141,60313.98419999998
C-19608,23264.207400000003
C-12816,35046.104600000006
C-2852,0.0
C-23982,45523.713599999995
C-27035,42506.71790000002
C-19243,33235.33260000001
C-33098,27733.467900000014
C-18918,59320.93719999998
C-38094,8681.776
C-39100,65871.73630000002
C-10477,14809.477599999998
C-41693,0.0
C-25244,68319.35399999999
C-30176,160954.62750000003
C-43024,12297.779300000002
C-17663,33081.41019999997
C-18116,51420.94189999998
C-12113,73089.8691
C-47954,0.0
C-5056,138544.89009999993
C-13678,0.0
C-11014,24249.179400000005
C-38944,12831.639400000007
C-6241,0.0
C-3386,13081.340999999999
C-44010,6081.586000000002
C-38450,54910.415700000034
C-5233,45688.123499999994
C-29556,15706.181999999999
C-8420,105658.54679999995
C-15978,28818.352699999996
C-34580,25338.2989
C-31624,0.0
C-26269,23066.603699999992
C-22174,21271.4081
C-39257,91529.07990000003
C-461,8536.7325
C-19987,20823.097300000005
C-22313,48166.9983
C-36169,45592.774300000005
C-27644,23983.021999999997
C-2735,0.0
C-15015,27978.7389
C-37397,31714.28519999998
C-45699,0.0
C-20783,56874.38479999999
C-17847,16583.723
C-38305,12058.213799999994
C-6907,0.0
C-7342,101701.86650000002
C-7045,0.0
C-13221,71072.63689999998
C-34726,21173.020300000004
C-35426,64295.6625
C-43748,69227.6208
C-2888,30234.31980000002
C-32967,20347.409200000002
C-30265,103804.33139999997
C-13304,122207.94439999992
C-17380,57528.45460000001
C-1417,47720.187999999995
C-21679,42460.291099999995
C-31369,134726.94400000002
C-18618,0.0
C-15173,34441.06840000001
C-25409,89587.50710000003
C-22695,89550.74019999994
C-7870,115212.2854
C-35059,125526.63370000005
C-19262,79968.4369
C-10179,0.0
C-10978,0.0
C-45858,33630.39359999998
C-8194,25377.144099999987
C-9392,59545.40790000001
C-49795,0.0
C-23829,25560.900999999998
C-28834,8833.314600000002
C-45277,51489.29100000001
C-11440,15062.435499999996
C-10158,45862.10320000001
C-46131,0.0
C-27846,34240.27839999999
C-12099,33348.9641
C-7556,27534.777999999988
C-36717,65526.74560000002
C-6230,33231.04799999999
C-26450,76466.74759999997
C-42638,38729.2191
C-40852,87919.91860000002
C-48264,6052.0649
C-25725,42818.58509999999
C-1251,23264.701999999997
C-38116,54025.54249999998
C-33330,55579.43029999999
C-28034,30453.37470000001
C-15275,48837.37550000001
C-18947,66175.18760000005
C-45711,24334.171000000017
C-39206,71439.49809999998
C-2536,51345.733000000044
C-45427,145015.13940000004
C-34637,0.0
C-8357,12386.668599999994
C-15199,92253.98580000002
C-42345,51409.109599999996
C-15973,53211.821
C-778,0.0
C-18961,14170.130500000005
C-31944,70195.672
C-49215,22410.6558
C-15736,23280.615799999996
C-39719,46609.204099999995
C-21669,99973.13329999994
C-12666,100191.89519999996
C-108,56209.87549999999
C-28294,43590.55450000001
C-931,48372.623000000014
C-46269,81020.25559999999
C-21864,55087.981
C-40951,13703.840600000003
C-17344,51480.294899999986
C-30471,15614.210699999998
C-6151,0.0
C-49031,2063.1016000000004
C-21146,0.0
C-9283,13109.449099999996
C-38375,9783.4451
C-37722,82653.0612
C-39145,90609.38960000002
C-7771,119010.80879999998
C-14611,59640.996399999996
C-3433,59715.685600000004
C-47000,193996.40349999987
C-38783,94099.5056
C-25384,46727.28850000002
C-27444,77133.44799999999
C-20567,60694.875
C-19163,161650.32859999995
C-7784,25950.807800000006
C-42195,0.0
C-15641,54024.36340000001
C-45148,58545.692599999995
C-49786,74275.08480000003
C-43483,137431.58030000006
C-31900,25937.9648
C-7955,18703.790200000003
C-49917,0.0
C-20928,119894.68469999995
C-32586,116716.2249
C-8832,16847.477599999995
C-37974,39888.120900000016
C-11184,105528.0329
C-27932,18638.984599999996
C-22581,76243.37799999998
C-17470,77077.61439999999
C-35562,0.0
C-21391,29359.692100000004
C-2036,78009.57259999998
C-487,24624.261399999992
C-49534,0.0
C-27793,112500.28029999997
C-47718,21643.287300000004
C-28840,0.0
C-36903,174799.36810000002
C-12478,17672.497600000006
C-5497,43066.87030000001
C-19291,23680.9729
C-37414,0.0
C-27189,53592.48540000002
C-23974,0.0
C-37756,0.0
C-6994,19514.8833
C-26676,11400.272399999998
C-18336,21333.47849999999
C-39249,53932.349
C-46594,74036.69889999997
C-46668,42224.72119999999
C-31182,20248.692500000005
C-33649,0.0
C-795,21331.757399999988
C-41864,13672.374800000005
C-27099,153463.73689999996
C-13217,11136.9447
C-27941,32906.9237
C-26999,53508.972100000035
C-19798,60163.633800000025
C-872,11517.561300000003
C-42696,0.0
C-4207,44840.588500000005
C-5977,29476.204900000015
C-37417,87513.1308
C-27520,108052.89279999999
C-28968,42726.75219999999
C-7218,117738.42890000003
C-9926,132510.78110000002
C-6283,15942.626299999993
C-28564,119899.10709999996
C-7458,48791.83789999999
C-23936,61723.69349999998
C-15056,43772.488099999995
C-48332,0.0
C-5285,66244.58299999998
C-22261,13725.6423
C-6649,64246.27730000003
C-39775,78123.67910000001
C-16672,0.0
C-22949,40487.39140000001
C-33264,0.0
C-18411,22344.280800000004
C-2981,23321.978199999998
C-25486,26879.529400000003
C-20743,53505.45019999999
C-43852,104041.7134
C-33935,0.0
C-12280,226801.32800000015
C-7324,0.0
C-10229,44585.7736
C-29096,76942.27439999998
C-7146,39752.8113
C-48092,0.0
C-7802,8984.280200000001
C-41995,60535.95000000005
C-24558,0.0
C-41069,48575.91419999999
C-49771,13742.131799999997
C-14429,26978.292800000007
C-36459,43928.58560000002
C-595,9940.651100000008
C-37861,23203.81709999999
C-5702,28964.192100000004
C-48665,2199.6437
C-44788,0.0
C-41968,766.1771000000001
C-28021,26457.406100000004
C-49046,123980.32859999998
C-48198,0.0
C-2224,34428.8706
C-29812,0.0
C-28119,21743.012900000005
C-33458,24530.237599999997
C-31298,38768.37699999999
C-42213,0.0
C-45134,0.0
C-18790,46145.26840000001
C-8651,38650.35019999999
C-34551,96515.24359999996
C-46838,5790.0428
C-45834,0.0
C-23656,51172.07229999997
C-35479,56400.145699999994
C-9171,101375.39510000005
C-32795,141625.95769999994
C-39761,20716.363300000005
C-6842,23795.640700000004
C-1477,155426.90640000004
C-29391,8206.588899999997
C-36372,55473.0477
C-3050,0.0
C-24135,0.0
C-17657,110903.0052
C-22379,57948.73760000001
C-48251,58154.10130000004
C-47996,0.0
C-46600,0.0
C-24183,0.0
C-39134,177807.40200000012
C-3569,62854.884099999996
C-44734,0.0
C-26917,45552.7414
C-43369,188354.41409999994
C-16973,81132.37320000002
C-10007,0.0
C-45821,0.0
C-22286,31145.838999999974
C-26486,38766.67409999999
C-4785,87434.02189999998
C-41874,0.0
C-40217,185851.56699999998
C-21423,66977.72059999997
C-42449,0.0
C-34243,91002.41069999996
C-3917,90087.63629999997
C-33066,85391.25720000001
C-2723,12417.191200000007
C-8412,91662.95780000003
C-9722,13123.3992
C-38320,39567.04660000001
C-29676,16163.339599999998
C-27298,45954.4041
C-31654,21156.391999999996
C-13695,16879.88429999999
C-25086,0.0
C-44465,0.0
C-21654,70294.1309
C-41060,91994.42580000003
C-49595,0.0
C-6280,96993.58680000002
C-14434,17115.322599999996
C-35331,39620.136099999996
C-22482,59283.957600000016
C-39569,44806.56370000002
C-7791,76269.4683
C-41802,175566.673
C-39667,27574.7378
C-12376,56920.65629999999
C-40906,88995.65210000002
C-38890,21512.217800000002
C-37476,66371.66239999999
C-44946,0.0
C-44451,15438.157799999997
C-37113,152427.83079999994
C-29497,23376.88290000002
C-19756,0.0
C-10272,19733.835900000002
C-32834,127246.45349999997
C-23725,51715.3935
C-10753,0.0
C-17104,0.0
C-19153,41670.384499999986
C-17340,13817.985699999996
C-43187,2458.3336
C-49532,0.0
C-9014,30794.485600000004
C-19519,64907.91860000003
C-46047,0.0
C-32269,17316.864199999996
C-808,14806.285900000008
C-25924,28795.299499999994
C-39832,57639.35610000002
C-9670,68095.07380000004
C-44243,45145.81409999999
C-32273,6237.698500000001
C-38474,96597.62280000003
C-3098,139454.04600000006
C-1113,102671.19570000004
C-48460,44074.13500000001
C-14158,0.0
C-16411,128593.8779
C-26187,116759.1181
C-47185,44824.40820000001
C-5417,62285.48360000003
C-43392,10100.0923
C-13685,235017.8408
C-18903,32431.06640000001
C-44156,0.0
C-28524,15191.620599999998
C-5184,49348.59860000001
C-45033,52348.88530000002
C-45354,41938.686499999996
C-41123,37539.85860000001
C-14213,0.0
C-6888,37721.469300000004
C-14104,0.0
C-2495,27417.749600000003
C-17057,116900.74969999996
C-5005,55723.00599999999
C-41297,48011.219800000006
C-42963,103.62459999999999
C-23251,15202.006099999997
C-23970,15228.5495
C-40714,137192.85739999998
C-38859,90193.0321
C-7112,67051.97099999999
C-18928,38616.02270000002
C-29862,87547.62290000003
C-30212,45175.169899999986
C-15021,64165.77610000003
C-7476,46209.528099999996
C-41600,0.0
C-32173,43431.26170000001
C-38518,39489.71779999999
C-38801,54590.114000000016
C-1784,102371.6366
C-24927,102479.1934
C-39547,63456.31830000003
C-43215,61994.97260000001
C-23422,0.0
C-37723,53604.46620000001
C-29178,101586.21100000001
C-19008,107348.4966
C-5849,80667.81689999999
C-6004,63259.64920000001
C-23104,20579.549400000004
C-24882,69655.47379999998
C-43468,8369.817200000005
C-35132,67671.77059999999
C-42580,33579.594699999994
C-11578,28174.55069999999
C-8678,14759.530699999998
C-19927,0.0
C-30508,32835.5121
C-44874,41213.505999999994
C-30186,0.0
C-10760,13768.185600000004
C-26481,79054.40089999996
C-46111,0.0
C-32145,101813.27020000007
C-32092,0.0
C-5752,94612.61460000002
C-16382,82802.4604
C-28591,120153.25449999995
C-44846,0.0
C-2932,50673.73179999999
C-36463,136740.9419
C-27695,37677.45269999998
C-40748,74455.64580000004
C-29783,131668.3826
C-49739,11798.350200000004
C-14812,62475.11830000004
C-17082,39410.170600000034
C-7455,97629.36079999998
C-19358,25705.223099999992
C-19549,35807.42340000001
C-2666,40080.5175
C-18984,68257.2623
C-13649,22251.211000000007
C-33798,12528.216599999996
C-10307,82148.39640000003
C-35501,0.0
C-8935,69384.09589999999
C-26153,18521.102100000007
C-4606,70982.51250000006
C-18360,0.0
C-39333,33354.86249999999
C-12426,96439.2235
C-6408,70525.44879999995
C-28868,14384.755400000005
C-42593,0.0
C-31808,83873.45549999998
C-32004,45367.315
C-32204,38053.837799999994
C-12801,101166.77639999999
C-25815,55150.61219999999
C-22768,57889.544299999994
C-32048,50866.106900000006
C-19658,19417.604000000003
C-26891,5206.5224
C-40188,0.0
C-25433,25953.930300000004
C-10378,79302.95889999997
C-31318,147028.4444
C-15344,0.0
C-22888,0.0
C-43034,239.06369999999998
C-19211,62211.175599999995
C-10432,0.0
C-22014,14828.804700000002
C-18211,0.0
C-23968,0.0
C-48530,57278.990300000005
C-28054,0.0
C-2058,18597.881599999993
C-34942,87043.4438
C-530,49135.513100000004
C-38117,14041.114599999999
C-20913,25622.428600000003
C-47070,0.0
C-26019,38833.09809999999
C-28532,53682.29670000003
C-46716,64607.405099999996
C-39327,45938.71310000001
C-7240,31330.584799999997
C-37949,186090.51509999993
C-2195,168849.14799999993
C-3355,82739.02470000001
C-19733,61293.74780000004
C-34255,74234.98309999998
C-49287,0.0
C-32256,105626.99699999996
C-22180,45312.85990000002
C-5193,47533.18429999998
C-38427,149620.08350000004
C-44886,21727.0801
C-3791,42000.626800000005
C-32566,63174.14990000003
C-15243,56804.67399999999
C-5240,40904.744399999996
C-49218,55278.9275
C-25534,0.0
C-47239,420.1979
C-8774,0.0
C-16520,120696.31560000005
C-20311,86563.32069999998
C-3650,0.0
C-18558,25539.440899999998
C-14820,130369.91540000004
C-34556,123017.19999999998
C-43883,111857.64540000005
C-40653,21080.905
C-47621,41196.29000000001
C-49147,63144.944600000046
C-440,124140.5065
C-11354,21556.781799999997
C-15107,63192.54749999998
C-24501,53520.31319999998
C-28551,25753.4334
C-28773,30589.8017
C-36617,136970.89930000005
C-28244,0.0
C-41307,125140.04270000002
C-832,43200.10420000001
C-8287,0.0
C-41225,88900.55619999999
C-13965,43454.77050000001
C-6491,64263.910899999995
C-10751,43386.31200000001
C-27955,25760.568799999997
C-29401,25214.983900000003
C-40588,28457.01419999999
C-41993,0.0
C-37136,130469.4841
C-41702,59336.40529999999
C-37634,32634.542400000006
C-7102,7053.793399999998
C-32351,19217.4862
C-17461,49443.30200000001
C-2675,18491.5459
C-34452,122956.91170000001
C-35202,46056.845199999996
C-35085,161006.2882999999
C-25301,35835.6696
C-18247,0.0
C-26468,28652.343299999997
C-39744,73624.202
C-39530,25632.127600000003
C-15276,35233.03510000001
C-27599,92400.63060000002
C-16294,108096.5059
C-45920,0.0
C-42972,69848.20999999996
C-35739,0.0
C-48070,0.0
C-20738,70559.81740000001
C-20164,0.0
C-35798,98104.1974
C-36931,44355.5206
C-40067,69161.07979999996
C-7033,9769.034999999998
C-2919,55966.89779999999
C-92,0.0
C-10068,101187.96260000006
C-30148,104449.0475
C-6804,15337.127
C-41739,119715.52250000002
C-26448,12193.156299999999
C-5100,32495.2856
C-6401,125638.2346
C-14665,39814.19950000001
C-3315,26890.141600000006
C-20983,48117.958
C-32947,0.0
C-13518,52022.19420000002
C-46708,0.0
C-6592,159651.57569999996
C-12364,21817.420400000006
C-46390,1558.1435000000001
C-7318,33702.6089
C-12943,22883.844799999995
C-2883,50402.50590000001
C-25283,20845.175900000002
C-1618,0.0
C-1271,9035.921900000001
C-40127,66413.27000000005
C-36317,26924.12439999999
C-48952,57099.633299999994
C-29240,77487.25380000002
C-25093,0.0
C-12384,43543.12790000001
C-34319,36092.66039999999
C-47779,0.0
C-12945,61823.059499999996
C-36060,0.0
C-5616,207.6508
C-41883,0.0
C-9039,5438.7653
C-25362,81363.3729
C-13744,70692.52899999995
C-25047,174774.8993
C-13036,110307.15100000001
C-36276,19081.711199999998
C-2811,0.0
C-21717,130475.28950000007
C-46988,0.0
C-48564,0.0
C-24260,49473.265600000006
C-39925,11484.278599999996
C-16917,117877.84389999996
C-27996,13129.146200000001
C-37659,31169.482399999997
C-15746,97370.68370000001
C-46465,0.0
C-40197,50702.99930000002
C-39307,113348.59389999996
C-23902,52695.798299999995
C-19873,16228.40970000001
C-47956,58450.97910000001
C-13273,0.0
C-48337,103505.36039999998
C-19271,0.0
C-37094,70825.52830000003
C-684,51696.10120000005
C-24481,32157.520800000006
C-12590,92654.55630000003
C-25151,43429.96699999999
C-17381,83887.27189999996
C-38274,42548.66069999998
C-1011,74682.81680000002
C-1000,110091.45979999997
C-20171,23146.9906
C-17936,144464.34480000005
C-44657,0.0
C-41222,83935.26509999998
C-42705,48479.730500000034
C-36949,125974.73489999997
C-17725,43824.69770000001
C-41035,0.0
C-2207,45734.986499999985
C-11404,44206.643999999986
C-1537,6790.082899999995
C-49111,122306.51099999998
C-39701,63308.08530000002
C-14555,10435.429599999998
C-23018,39543.945100000004
C-26076,47000.865999999995
C-1292,70485.03450000001
C-33809,24970.777900000005
C-34753,12622.9519
C-30028,67544.4686
C-33662,49665.18350000001
C-11938,54606.2558
C-15030,98830.83760000001
C-25693,149799.05579999994
C-39706,37934.711800000005
C-49830,0.0
C-1215,44381.375
C-22515,8311.560699999998
C-34267,61653.1717
C-31199,27756.349500000008
C-46236,12436.769300000009
C-16259,26846.64809999999
C-2730,48662.911399999975
C-17938,65525.429
C-41242,48322.6111
C-378,52951.76729999999
C-15648,0.0
C-48043,100268.20529999999
C-3027,124339.31379999999
C-43249,25253.609200000003
C-26632,0.0
C-16859,63776.096800000036
C-23573,122972.88749999994
C-21886,0.0
C-31479,55818.10819999999
C-37999,0.0
C-45817,80454.89179999998
C-19011,23234.055999999997
C-36365,22970.548299999995
C-7416,45753.66880000001
C-677,21078.5846
C-10599,16753.007999999994
C-1103,23159.7713
C-44906,20068.919599999997
C-16804,41400.15540000001
C-38012,35805.03230000001
C-13987,190448.46330000006
C-19544,95672.67610000003
C-3349,0.0
C-38961,39607.648199999996
C-38259,16068.848299999996
C-3666,21251.261199999997
C-36638,58012.399700000016
C-18230,203002.17690000002
C-11076,38532.99420000001
C-31226,45202.405300000006
C-9312,32447.632299999994
C-10276,97223.46199999996
C-44905,0.0
C-33369,0.0
C-34166,36598.70670000001
C-45310,88138.9882
C-30527,115757.45829999998
C-4627,17300.215299999996
C-38353,131891.0538
C-4974,97150.20689999998
C-32095,0.0
C-13549,13074.883200000007
C-43862,0.0
C-6688,87925.47370000003
C-5382,43512.54840000001
C-36550,65424.80600000001
C-721,53741.85839999996
C-1325,129947.8377999999
C-21418,126775.51569999999
C-33431,22849.70029999999
C-25465,0.0
C-6769,36924.620099999986
C-35667,55824.64800000001
C-22630,22291.202199999996
C-1353,49210.53770000003
C-15765,39023.4993
C-47348,0.0
C-26798,0.0
C-1575,121717.30440000001
C-26100,0.0
C-41279,21028.153800000004
C-43388,0.0
C-11917,114839.77609999996
C-6243,39873.51459999997
C-1218,46829.92810000001
C-20692,0.0
C-37907,43780.5775
C-20591,117068.71069999998
C-34997,21939.45770000001
C-28405,32060.215599999996
C-45810,12764.810200000005
C-10134,0.0
C-9407,23469.381299999994
C-19191,56983.42869999999
C-15367,19050.552000000003
C-44513,73401.92789999998
C-34160,26717.00489999999
C-1599,43230.067200000005
C-31067,26112.5764
C-25519,45055.06670000002
C-19761,36736.52
C-1661,87062.54490000002
C-2525,40290.867600000005
C-25450,23820.394
C-34833,25863.411900000003
C-8560,0.0
C-20590,17551.7568
C-9890,94291.34779999997
C-3415,7547.479400000004
C-7271,25459.6655
C-948,20302.824600000004
C-2910,95016.36729999993
C-16054,61578.5591
C-21243,19941.501700000004
C-22407,147338.1931000001
C-46383,0.0
C-48914,0.0
C-16529,0.0
C-24655,0.0
C-1926,86993.1512
C-32783,62856.907600000006
C-30296,25343.36210000001
C-23621,83376.0047
C-35554,0.0
C-46261,44759.28500000001
C-34107,32857.806000000004
C-42655,0.0
C-39873,57122.663499999966
C-17191,0.0
C-23048,60763.5296
C-33498,30735.514599999995
C-906,32702.067399999993
C-7234,21322.5488
C-18364,34364.7221
C-4434,75411.24610000002
C-23245,120190.65199999999
C-17033,116560.81969999996
C-2814,81342.4411
C-39554,61706.082699999984
C-24123,37534.05739999999
C-7293,0.0
C-41615,11870.1429
C-4869,34730.72959999999
C-2885,39124.59479999999
C-18098,82526.4771
C-8981,98136.20280000004
C-15668,0.0
C-2158,85017.5407
C-47085,14095.498700000006
C-29563,13518.5481
C-6396,12995.749999999993
C-27245,34395.05619999997
C-9571,11914.678300000005
C-13085,45920.72009999999
C-32744,16335.322300000007
C-49207,0.0
C-2573,124689.84810000005
C-42732,0.0
C-32858,48667.017
C-14529,15404.049499999992
C-7709,41053.07359999999
C-24245,209688.80440000002
C-28155,86697.6096
C-9237,74759.14300000001
C-20896,0.0
C-29529,41397.0058
C-49272,10067.557400000002
C-3094,104328.42039999996
C-4211,23901.286099999983
C-40530,59501.90080000002
C-26341,56656.80429999999
C-42206,70065.29120000004
C-31908,67472.85570000004
C-40632,0.0
C-14432,57390.4658
C-1169,12867.671799999993
C-29803,49532.4339
C-8662,159318.46720000007
C-11102,43053.90389999999
C-30954,25752.597999999998
C-48216,0.0
C-34932,26076.494999999995
C-16705,0.0
C-20735,25340.3713
C-10662,17709.120199999998
C-6235,124659.83299999997
C-20782,55793.61669999999
C-44827,130536.77029999999
C-33580,103038.50829999994
C-4046,31925.26770000001
C-15992,82154.20140000003
C-12605,91473.98710000001
C-23469,0.0
C-16923,26676.991099999996
C-41969,33743.836200000005
C-5294,41306.8781
C-27875,48850.22070000002
C-1197,58093.322199999995
C-49768,0.0
C-2251,0.0
C-33006,18646.2015
C-26789,26647.488400000002
C-30239,0.0
C-26818,128495.58369999999
C-1901,0.0
C-23518,29878.395200000014
C-7565,105936.15040000004
C-27349,16811.984700000008
C-11188,108515.7018
C-8581,130882.68819999999
C-25313,94632.12950000001
C-14905,25827.379799999984
C-34147,0.0
C-19991,44277.929499999984
C-44,51268.04010000003
C-37087,101389.73569999999
C-22924,26729.320900000002
C-33444,27159.3162
C-3520,126703.52780000005
C-34874,22582.439700000017
C-24759,119213.13080000004
C-5163,30684.330399999995
C-24438,23922.94000000001
C-39224,36810.29289999999
C-2862,47742.71470000002
C-9322,90468.72189999997
C-14479,8708.5923
C-22571,12656.8423
C-33363,15617.1757
C-42425,0.0
C-12100,36677.69929999999
C-48101,0.0
C-4800,72413.57379999995
C-37439,101603.99179999995
C-18640,25780.931599999993
C-37478,51005.0324
C-45410,44828.90849999997
C-23721,53831.25040000001
C-20805,91686.09879999998
C-4203,63107.620100000015
C-31016,32210.198600000003
C-35333,6382.252500000001
C-27054,18814.102300000006
C-33869,10143.9424
C-5611,115578.05320000002
C-28015,60911.1425
C-7157,95759.64080000004
C-47876,0.0
C-45609,0.0
C-46711,100322.44110000008
C-37894,43044.948499999984
C-18639,62703.660599999974
C-39707,59061.29550000004
C-36104,151175.3385999999
C-13946,101198.51789999999
C-11258,142343.69210000001
C-43994,0.0
C-43714,0.0
C-47433,13013.112899999996
C-35828,26433.924899999998
C-24589,25309.425800000015
C-38955,14776.351199999997
C-14097,38940.547199999986
C-41681,11350.2318
C-30975,43120.321700000015
C-42577,0.0
C-36919,16955.988799999996
C-24623,11361.357699999995
C-1994,11783.596899999999
C-47518,19245.0521
C-48910,0.0
C-27267,24711.77079999999
C-48509,95386.46870000003
C-33108,102452.23920000001
C-36352,41340.874200000006
C-42408,20843.167499999996
C-44763,0.0
C-44429,52309.43529999998
C-14203,62218.75210000001
C-26258,38054.57039999999
C-7597,42212.22029999999
C-29895,49506.562300000005
C-1519,53056.448099999994
C-37590,88447.25069999996
C-18931,153144.91029999996
C-10989,63880.85129999996
C-5345,52278.07670000002
C-28087,26637.18949999999
C-3593,40575.50090000001
C-21482,57554.6875
C-36998,24268.8966
C-29828,29944.381899999993
C-8924,100680.67980000003
C-18318,51256.129299999986
C-28919,24218.9611
C-6300,166216.7804
C-19045,0.0
C-47244,0.0
C-3813,0.0
C-9410,51672.329900000004
C-18688,0.0
C-28819,0.0
C-37548,0.0
C-17576,42316.91800000002
C-41448,53205.079699999995
C-44453,0.0
C-47121,51826.5384
C-18644,112395.06289999999
C-31096,42247.40340000001
C-4325,24380.821699999993
C-11150,15717.635599999994
C-47399,0.0
C-11854,124817.74230000004
C-9960,25216.308000000005
C-6389,57616.9424
C-36965,0.0
C-17652,22968.001699999993
C-49875,13944.352499999995
C-9387,54254.95199999998
C-36141,19702.3976
C-31672,37340.3849
C-31174,93528.8906
C-39123,65030.41949999998
C-36981,51126.981900000006
C-38636,59720.77380000001
C-19146,3830.4023999999995
C-1646,17488.786999999997
C-12204,83780.83780000005
C-3963,13999.8134
C-48599,101522.91209999999
C-40535,119201.51139999997
C-49003,37969.249699999986
C-25917,19976.002599999996
C-27572,183053.26260000005
C-8879,98766.90199999994
C-12492,92247.07489999998
C-33357,116398.1009
C-6624,70398.27969999997
C-15322,37807.003199999985
C-36286,18939.513999999996
C-44449,0.0
C-45203,0.0
C-27721,117145.32479999997
C-12668,42460.689499999986
C-38966,91430.9842
C-1827,89207.18109999999
C-5576,35974.72720000001
C-21883,27837.384499999993
C-18490,21290.684000000005
C-2551,14378.496400000002
C-29081,18758.416499999992
C-27653,47421.681899999996
C-23738,37573.963899999995
C-33181,0.0
C-17872,98008.14420000002
C-36224,42253.67159999998
C-9959,0.0
C-15142,20007.959499999997
C-23480,105494.6754
C-28252,82675.22530000002
C-47180,0.0
C-3908,0.0
C-20072,65432.97760000003
C-3490,23722.371600000006
C-45924,116333.1442
C-18345,0.0
C-21890,217004.15110000013
C-13936,38567.49619999999
C-30976,16924.244000000002
C-38402,51286.570699999975
C-4704,126861.55010000004
C-24827,35071.15259999998
C-311,0.0
C-12006,141246.21279999995
C-21646,42610.13759999999
C-17666,87417.43900000003
C-8625,9487.893900000001
C-45906,50567.03020000002
C-14530,85297.5376
C-15904,64287.2232
C-24650,57351.29360000003
C-33618,93951.32780000001
C-14982,39588.20740000002
C-18535,28422.507099999995
C-47517,16479.987200000007
C-41714,18531.544
C-44540,32762.8633
C-38287,0.0
C-43591,0.0
C-3750,59131.96989999998
C-10123,46604.433800000006
C-29823,56327.411099999976
C-706,103011.0247
C-43771,0.0
C-30935,19641.989300000005
C-9409,24020.17600000001
C-32052,0.0
C-21291,57482.783200000005
C-12533,0.0
C-45066,55761.35030000002
C-18952,14285.4833
C-33598,0.0
C-41516,21842.150300000012
C-20630,91180.26049999999
C-40828,48313.944699999985
C-23090,88937.64550000001
C-36146,32669.262500000008
C-30167,81135.00240000003
C-10,28881.947299999996
C-42182,0.0
C-7259,0.0
C-32266,34671.34640000001
C-41613,49300.4208
C-28771,0.0
C-10650,110002.30639999997
C-33635,24590.773100000002
C-8473,119212.12570000003
C-26093,25348.7449
C-10401,22276.600999999995
C-9256,0.0
C-22384,22263.7858
C-45099,0.0
C-22137,21844.961300000017
C-31747,0.0
C-10264,0.0
C-22593,85302.42320000003
C-6457,16349.666400000006
C-49382,53182.65320000004
C-48322,31015.40740000001
C-30083,63471.6071
C-33736,23648.9306
C-14514,56425.990499999985
C-47895,0.0
C-46058,33160.02559999999
C-10409,160773.10369999992
C-36999,38166.5876
C-46147,0.0
C-7830,80357.70000000001
C-15890,0.0
C-13225,61662.09459999999
C-30072,151650.4428999999
C-26769,73047.29940000002
C-9297,61971.36700000001
C-48807,16159.170199999999
C-17644,34920.71920000001
C-407,0.0
C-13485,46416.2225
C-3921,117012.5079
C-20504,87387.72080000004
C-10949,46906.68730000001
C-26961,73984.47950000002
C-12129,24306.5524
C-1587,45796.15819999998
C-12661,0.0
C-45602,120401.84020000002
C-43345,0.0
C-23204,32947.22860000001
C-35662,11347.9881
C-16935,6831.3399
C-18143,94464.97310000002
C-8752,139976.9209
C-27650,46285.26169999998
C-30398,90558.37779999997
C-16528,53610.88269999999
C-49874,102856.5946
C-7213,19539.9546
C-30377,74812.22769999999
C-26682,8761.2969
C-26509,111014.38450000001
C-48384,0.0
C-31429,44972.35380000002
C-21613,0.0
C-27515,33084.099700000006
C-48274,185656.76899999997
C-5091,66955.82209999999
C-3707,99763.84020000002
C-419,35706.270099999994
C-16844,25003.868599999994
C-12748,0.0
C-39683,89447.27030000002
C-17356,25091.615500000007
C-14964,6689.919300000001
C-15908,135765.0413
C-49439,0.0
C-651,77471.5384
C-20151,55939.30129999998
C-41459,0.0
C-21301,69379.43710000001
C-34002,145547.96609999993
C-49015,14891.7096
C-17419,91093.98660000003
C-20315,55176.77030000002
C-45808,147569.38189999995
C-27311,10845.658500000003
C-47577,2195.6319
C-7419,131690.37350000005
C-38286,6634.510200000003
C-8149,19141.773099999995
C-11809,39246.549999999996
C-2676,113264.55760000001
C-4571,32769.784100000026
C-35983,54281.941599999984
C-29940,0.0
C-30745,25202.420999999988
C-14591,26514.196399999993
C-32990,118504.99509999994
C-38072,45375.3049
C-22370,45119.310100000024
C-24894,45918.77479999999
C-10668,60899.375300000014
C-42782,87253.92709999999
C-7270,50453.50949999999
C-32522,73610.22009999999
C-33627,188411.38979999998
C-39977,19039.172300000006
C-27020,32506.344000000012
C-2051,27493.029400000003
C-33571,23364.104699999993
C-33036,54924.726300000024
C-37096,0.0
C-20998,0.0
C-33479,0.0
C-11202,108561.8748
C-29404,40989.16519999999
C-10719,48455.45790000001
C-23570,18767.407299999988
C-15740,44268.92779999998
C-23697,84572.90889999997
C-655,209219.53279999993
C-9762,32946.54699999999
C-18169,60679.37499999997
C-22297,34055.8288
C-5567,20878.036299999996
C-11368,59927.79400000004
C-1422,33934.734800000006
C-9698,45186.795500000015
C-35210,122007.72480000003
C-12067,23043.2296
C-38734,26204.205
C-4910,109764.37069999994
C-33860,0.0
C-15362,82885.70790000005
C-39999,42471.3376
C-43523,9180.997500000005
C-39121,79836.9297
C-47395,0.0
C-41966,0.0
C-1974,0.0
C-44911,0.0
C-32501,28106.881199999996
C-11541,45953.583399999996
C-6722,23925.04099999999
C-14869,40275.51239999998
C-37900,89359.19589999998
C-1153,72118.75360000003
C-40710,68307.9632
C-14903,52625.7902
C-41500,0.0
C-32037,60161.683100000024
C-34596,60823.33449999999
C-44958,34822.519099999976
C-18829,74389.88529999998
C-27125,14082.152800000005
C-15581,15239.2677
C-20958,40055.3903
C-21420,46788.40989999998
C-27294,23169.262399999996
C-37187,115270.0376
C-42472,0.0
C-37987,45513.132300000005
C-35409,13437.087199999994
C-37636,48019.4442
C-25977,51402.416099999995
C-349,69122.65440000006
C-37684,43183.93370000001
C-545,52787.604499999965
C-46075,54844.90409999999
C-22963,42985.01959999999
C-45224,39906.371800000015
C-9691,9901.656899999996
C-665,76114.1532
C-44273,6761.386799999998
C-8558,63257.377799999995
C-12401,66236.88539999997
C-14660,79572.32050000002
C-2343,23086.317200000005
C-23633,49906.35420000004
C-32418,12841.254999999997
C-39914,71206.23009999997
C-40581,0.0
C-26713,55087.04620000001
C-30567,70279.14309999999
C-11871,110977.92469999997
C-27591,64609.879300000044
C-19017,123163.61489999993
C-13134,25458.045999999984
C-27647,46724.320500000016
C-42929,0.0
C-49561,65829.58949999999
C-21327,32839.440900000016
C-26096,30685.57290000001
C-7967,43431.09179999999
C-10957,14946.643100000001
C-44822,47482.760200000004
C-41350,72553.66670000003
C-44455,1042.9278
C-2219,44874.23179999999
C-38659,0.0
C-46883,21919.4506
C-271,104103.26940000002
C-42359,58629.45880000001
C-29117,50969.751500000006
C-44553,26996.945499999998
C-19647,64003.5945
C-24423,10914.631500000001
C-30470,23457.12290000001
C-48469,0.0
C-23634,134920.70709999994
C-12484,132075.3067999999
C-26020,119575.52600000003
C-12295,49567.88389999999
C-23128,30856.0496
C-21087,75931.78650000005
C-31722,18557.6878
C-36036,0.0
C-38726,108609.5892
C-22769,78300.1391
C-39905,115070.94519999996
C-27197,88728.08750000004
C-32403,62757.84490000001
C-14700,92639.46700000003
C-21284,71676.4941
C-12528,0.0
C-12508,50912.437700000024
C-7149,118388.39020000001
C-3119,26299.091400000016
C-35807,8279.0342
C-20568,7264.305699999996
C-8901,20156.339600000003
C-35925,76089.47169999997
C-44322,106841.16630000001
C-24132,0.0
C-25625,65036.416100000024
C-16321,42735.6389
C-18295,55719.06299999999
C-39422,0.0
C-45473,61304.449400000005
C-12598,27260.66010000001
C-23482,14544.268899999997
C-34508,23316.963099999997
C-4928,45482.2752
C-41577,33097.1937
C-10220,24949.991900000008
C-30789,79136.93899999995
C-49027,72975.23950000003
C-616,29296.380100000013
C-26530,80998.26320000002
C-38580,52077.634299999976
C-30934,88075.45549999998
C-13941,78761.21010000001
C-2102,87338.91870000002
C-26503,56043.005200000014
C-19116,56704.03960000001
C-44139,0.0
C-24023,59375.42040000002
C-49900,0.0
C-5608,0.0
C-25790,64373.28620000004
C-33294,60156.01730000007
C-844,71724.8478
C-12314,25686.448199999984
C-21076,85890.58220000002
C-38308,0.0
C-45897,13903.428999999996
C-1174,4454.289299999999
C-4681,69008.98490000004
C-41312,0.0
C-204,0.0
C-16893,24431.18179999999
C-3423,18297.1438
C-29932,0.0
C-42203,0.0
C-19862,82171.51139999999
C-17005,0.0
C-32840,62690.15809999999
C-42305,13616.021800000002
C-47626,82718.01189999998
C-5137,25929.962999999992
C-41509,4348.8240000000005
C-37090,26830.13370000001
C-12812,136466.8257
C-4228,36240.3784
C-23045,0.0
C-7795,55974.075699999994
C-30309,73878.00610000001
C-30894,138958.10530000005
C-39571,47377.549600000006
C-36240,58829.90399999999
C-44170,0.0
C-22271,64157.72569999997
C-36190,38209.27620000001
C-9667,79938.56780000003
C-5604,0.0
C-24624,182653.053
C-20424,45507.390600000006
C-332,14954.796499999997
C-22201,29399.801300000003
C-28999,149817.81770000004
C-33927,44872.64500000001
C-45168,55522.1253
C-12640,18567.83920000001
C-42180,0.0
C-26233,38416.847300000016
C-32360,29659.378299999993
C-34524,63887.51950000001
C-4035,38368.039300000004
C-25494,136928.17359999998
C-24585,117923.60430000002
C-14223,20354.621999999992
C-18195,117808.20509999996
C-1158,65287.79370000004
C-46292,0.0
C-16225,38118.29399999999
C-26790,34535.1859
C-32448,116385.53379999999
C-31828,20452.699800000002
C-36479,91310.77579999994
C-7466,54922.18879999998
C-9461,0.0
C-20937,48190.976800000004
C-47661,0.0
C-696,39107.37230000001
C-28575,11374.813100000003
C-15255,92938.06019999999
C-23750,117913.12889999995
C-33364,11411.6345
C-14477,58482.0116
C-32425,61621.41510000003
C-24700,67962.10890000002
C-9874,39684.92809999999
C-4459,60814.243400000014
C-35676,100576.65510000002
C-29818,24423.283399999993
C-13986,0.0
C-36652,35601.31379999999
C-1383,0.0
C-6847,57166.40349999998
C-21254,59773.72009999997
C-48417,5138.0507
C-17265,28670.787800000002
C-37401,94073.40159999998
C-18957,50344.28219999999
C-11713,18719.10959999999
C-12069,11751.208700000007
C-10705,25268.53499999999
C-980,133922.47650000005
C-16041,25398.123600000003
C-18454,53500.06239999998
C-19746,37688.133300000016
C-41270,76923.68299999999
C-26892,18964.754200000003
C-3367,87550.09570000006
C-42072,65875.9717
C-12593,51037.1955
C-35875,115327.42000000001
C-3655,97682.22930000005
C-44064,0.0
C-19745,44328.70849999999
C-47778,7109.3077
C-32354,26303.283099999986
C-14690,47616.50659999997
C-2436,65443.5291
C-9195,22291.891400000008
C-10996,20620.969900000004
C-46446,87363.76769999995
C-47727,0.0
C-44440,24340.498700000007
C-38768,75017.91270000006
C-44458,42047.586500000005
C-28022,69944.5426
C-1833,65063.46929999999
C-44048,0.0
C-43581,38889.26689999999
C-11836,101748.87680000006
C-40238,106207.49560000002
C-9540,46525.583099999996
C-24295,109222.03139999995
C-11870,13644.647099999995
C-9176,0.0
C-491,60162.34969999998
C-46211,0.0
C-19575,21723.645699999997
C-20477,40120.683899999975
C-7549,0.0
C-13827,0.0
C-2521,0.0
C-22928,19633.9492
C-34367,48595.4163
C-44143,62492.58719999999
C-32305,38997.03039999998
C-22982,49620.14399999999
C-8570,23868.7325
C-47762,24963.91109999999
C-15745,46067.68699999998
C-45348,0.0
C-24749,79044.96000000004
C-2886,81561.74690000003
C-44644,0.0
C-42030,0.0
C-2422,111518.91450000004
C-44592,2328.7387
C-7337,33118.03330000002
C-16799,48077.247400000015
C-1496,6461.154700000001
C-4487,30036.67329999999
C-21362,68048.04279999998
C-11718,42274.3077
C-38186,46659.45350000002
C-26635,46172.222600000016
C-20721,34509.619000000006
C-10600,24930.369899999994
C-13269,108037.02879999996
C-40699,57955.04810000001
C-10456,20039.311500000003
C-2914,39856.157100000004
C-26715,21530.310400000006
C-40359,0.0
C-12470,13886.558699999996
C-19880,177850.78700000007
C-43675,0.0
C-21623,0.0
C-5701,82754.58759999998
C-19785,48381.0942
C-28535,0.0
C-7575,66661.9051
C-8713,39473.1015
C-5556,36645.506899999986
C-8333,27839.291599999997
C-39849,126135.33970000001
C-45164,0.0
C-37717,9167.175
C-48544,0.0
C-44768,0.0
C-47782,57343.81250000002
C-7443,15126.761500000006
C-23911,87191.72299999997
C-38369,110803.84920000004
C-17243,18275.4736
C-29150,26098.922000000002
C-23906,20900.531600000002
C-33285,0.0
C-45544,0.0
C-17712,24827.5995
C-43525,138162.75660000008
C-5201,0.0
C-45293,0.0
C-40814,16440.851899999998
C-9763,44220.1584
C-31173,108502.86289999998
C-43912,59260.61439999999
C-35267,8804.7776
C-24883,57411.86070000004
C-47583,5790.0428
C-4364,34725.2055
C-38468,58431.12340000001
C-31953,76251.76210000002
C-8119,0.0
C-36820,0.0
C-27132,0.0
C-12158,43810.20319999998
C-24229,68654.76759999999
C-45092,24017.894000000008
C-11256,26895.9176
C-32078,75894.13880000002
C-26805,24753.458300000002
C-6587,79662.84650000001
C-16375,0.0
C-38872,8274.370600000002
C-11666,117021.46380000007
C-47971,0.0
C-1758,29446.728799999993
C-47270,0.0
C-44497,0.0
C-45485,0.0
C-11999,47180.3768
C-40569,93765.25249999996
C-19737,43084.65989999998
C-5142,21030.373900000006
C-32906,66381.1924
C-16349,59659.91620000002
C-24711,55468.13300000001
C-30833,27166.93589999999
C-43492,82672.31720000002
C-5421,96187.69920000002
C-34082,26153.69619999999
C-2721,17034.859200000003
C-34369,99042.75210000001
C-32260,33147.5001
C-31597,76642.36330000001
C-4752,33899.67730000001
C-32455,33677.48219999999
C-40491,124079.75290000005
C-14873,68196.01309999998
C-21551,71492.4594
C-8116,10904.587699999993
C-16330,21925.453300000005
C-4802,133561.27270000003
C-45841,141523.32579999993
C-13061,170594.15669999993
C-16078,92440.02659999994
C-5128,15601.797600000002
C-46631,41343.530199999994
C-27368,144523.82109999994
C-21132,11070.0607
C-5243,146541.8085
C-25764,41821.307499999995
C-49433,37585.813
C-30765,50916.6975
C-5941,70935.45680000003
C-44619,13590.3442
C-31269,101912.15269999998
C-17795,22487.495500000005
C-15688,71618.88519999999
C-3289,103876.53980000004
C-44648,0.0
C-13060,32380.07649999998
C-11363,19665.641
C-25003,77245.57859999998
C-1404,0.0
C-18505,70269.7909
C-32860,70227.36000000002
C-1226,17158.309599999993
C-45141,53164.15009999999
C-9143,167011.7177
C-4323,74056.3385
C-1521,68548.41620000002
C-41180,37903.44889999999
C-20947,39190.53499999999
C-40770,52176.59079999999
C-44128,75702.9629
C-1630,88803.15350000003
C-18626,20978.820300000003
C-47404,10324.574000000004
C-12049,0.0
C-14855,14821.282200000001
C-16168,47482.564699999995
C-29548,18729.41939999999
C-28599,27868.751599999996
C-11596,24157.521999999994
C-12999,48892.436400000006
C-30638,505.2291
C-39867,36414.02129999999
C-31751,79647.74949999998
C-12493,86228.3118
C-12584,51796.63199999998
C-24518,42198.51250000001
C-15630,21857.82219999999
C-27867,138927.85549999998
C-10871,49420.243200000004
C-25085,7925.8633999999975
C-18875,43031.97759999998
C-30658,232979.5196
C-49159,71568.55089999994
C-30612,15820.147300000006
C-20638,0.0
C-42246,0.0
C-24381,0.0
C-48996,0.0
C-16822,148031.29860000004
C-34881,92579.77190000004
C-9465,26011.0876
C-27607,26224.330000000005
C-28342,47888.28000000002
C-49082,1062.7682
C-20508,45243.19579999998
C-18024,200603.8865
C-6366,118907.25899999995
C-37311,19320.7405
C-15345,57332.1593
C-26306,45037.04510000001
C-5597,58340.11590000002
C-44609,0.0
C-49706,70128.42829999999
C-45156,23299.7671
C-41522,0.0
C-39836,29654.807399999983
C-22916,36318.99030000001
C-30038,35687.86750000001
C-40372,20198.5182
C-12627,88579.25259999998
C-17313,29749.335700000007
C-37382,12554.472000000007
C-1339,43701.908800000005
C-13271,63869.9337
C-40538,92686.24560000001
C-35220,68732.3186
C-43686,0.0
C-192,83813.10349999998
C-12818,0.0
C-45205,55640.99509999998
C-7119,26043.621500000005
C-231,0.0
C-4578,85708.48639999995
C-33810,50069.20670000001
C-34686,49046.22869999999
C-14796,49425.3749
C-6032,30413.77449999999
C-48521,31532.426800000012
C-20155,0.0
C-33183,59537.02069999997
C-21120,81469.22000000003
C-18946,51093.11110000001
C-26257,19249.046
C-15373,97069.15250000003
C-47420,94120.07010000004
C-44269,0.0
C-20954,11146.938199999999
C-35151,63296.19909999996
C-44362,136949.67830000003
C-5186,43783.473499999986
C-8524,99450.72720000001
C-31471,71958.14319999998
C-46447,0.0
C-31885,129692.81130000004
C-32012,22283.3005
C-20566,89494.62909999996
C-2866,80978.41939999998
C-31098,61759.94070000001
C-18638,66654.86000000003
C-33504,17008.388
C-34261,10338.270800000004
C-28562,135387.79080000005
C-25802,0.0
C-18543,0.0
C-9190,38840.531299999995
C-6975,29475.46759999999
C-4525,0.0
C-8202,129833.96429999998
C-17884,20881.941700000003
C-11245,114904.48819999998
C-36274,27765.35999999999
C-16046,60132.62459999998
C-20706,111972.1785
C-42720,0.0
C-49694,62582.84459999998
C-42274,38848.89469999998
C-4679,0.0
C-2685,0.0
C-6075,176076.22349999988
C-36249,34285.3182
C-21360,19106.420900000005
C-7201,9300.539099999996
C-37945,84293.30510000004
C-11873,12933.900600000003
C-18214,53535.296900000016
C-9126,62705.96970000001
C-39294,37511.6531
C-43968,66176.95309999998
C-30647,23789.204499999993
C-40754,158337.3685
C-10100,55975.846899999975
C-48747,53633.587000000014
C-15454,44480.31710000001
C-22631,43393.176699999996
C-1641,92955.04819999995
C-1568,0.0
C-22433,5446.029499999999
C-1662,56833.70670000001
C-39656,46871.88780000001
C-37204,104556.37640000001
C-15617,46410.53829999999
C-24856,46348.496900000035
C-35738,0.0
C-1620,43379.999900000024
C-32791,24876.106199999984
C-38273,15846.740600000001
C-45008,25779.367999999995
C-43112,0.0
C-34100,112615.08100000002
C-36943,71758.9959
C-46033,123366.69090000006
C-25330,41991.264400000015
C-20205,37833.977699999996
C-321,7131.024600000001
C-21310,38963.32759999999
C-8746,39180.21280000001
C-30668,40345.59490000001
C-4868,0.0
C-32426,60580.25980000001
C-22352,74660.89919999999
C-335,0.0
C-3079,0.0
C-4865,135882.51320000002
C-48396,8946.747500000005
C-29927,71438.44600000003
C-45515,0.0
C-28098,61796.99350000001
C-1212,0.0
C-16462,0.0
C-39807,42683.46259999999
C-293,0.0
C-33495,23694.508400000002
C-31600,51123.53570000003
C-18197,115547.63929999998
C-5828,79439.22339999999
C-48356,46178.002
C-22272,74037.21480000002
C-14743,10652.650100000003
C-2128,21714.400899999997
C-44523,159845.20169999998
C-36523,70486.9853
C-9586,68561.30399999999
C-5136,0.0
C-6830,22722.8763
C-12713,63089.69370000001
C-45482,128175.21050000003
C-46048,17418.330699999995
C-45773,208703.0174000001
C-12973,23217.047399999992
C-3693,56878.8776
C-20620,77092.02659999997
C-19375,0.0
C-16596,27138.2873
C-11867,139368.29299999995
C-46864,0.0
C-28179,80385.59149999998
C-31877,0.0
C-24366,70816.91080000001
C-46534,0.0
C-2880,37802.30319999999
C-19958,7617.469899999999
C-19791,28308.223399999995
C-44929,1665.6726
C-45282,0.0
C-7350,25558.7877
C-46396,92505.10260000006
C-12456,105034.94569999997
C-9311,56815.037500000006
C-39689,27551.347200000007
C-10222,34835.7609
C-2783,24208.014499999994
C-33971,0.0
C-8720,0.0
C-38029,125947.51119999998
C-74,128474.61800000003
C-43255,22525.674799999993
C-38272,0.0
C-39462,19106.89179999999
C-16673,70424.49829999995
C-27320,23356.119099999993
C-30291,159421.59420000005
C-40017,96136.04899999997
C-33492,54658.67279999997
C-12243,0.0
C-33872,0.0
C-13988,23331.489500000003
C-21472,85241.33099999996
C-17769,77821.04719999999
C-10045,43782.8217
C-9603,21894.492499999997
C-31076,49151.38859999999
C-19713,24919.081199999993
C-36714,45673.9178
C-44826,0.0
C-32247,25227.168300000005
C-29361,12390.6163
C-585,0.0
C-40935,28211.753800000002
C-10851,33921.7702
C-10710,102382.84480000002
C-13375,16740.2198
C-16472,90275.7986
C-5500,175870.12479999993
C-1900,0.0
C-22712,22033.928
C-14778,16551.017199999995
C-48257,0.0
C-15447,233695.75430000003
C-17302,77521.86869999999
C-8406,43949.54749999998
C-20982,53007.47760000001
C-37045,20161.327100000006
C-44491,100636.87529999997
C-45662,52646.8862
C-32565,0.0
C-3261,42612.58669999998
C-27359,64460.56070000005
C-36833,80217.26060000004
C-23712,56790.99109999996
C-22131,29839.140000000003
C-18495,45020.68920000001
C-12647,64429.97809999999
C-23757,77728.48399999998
C-45802,0.0
C-23505,26998.372999999992
C-34605,61137.92929999997
C-7130,71275.17790000002
C-39405,28439.223599999994
C-23589,25729.997299999995
C-3925,39510.06510000002
C-35906,10483.779499999999
C-28987,30151.901500000014
C-4416,84686.98819999995
C-30536,0.0
C-18072,0.0
C-19522,27584.6143
C-22802,23329.088000000003
C-42828,0.0
C-16996,10814.782400000002
C-9201,35698.2721
C-9752,20038.35710000001
C-4797,109037.9537
C-10466,33820.3873
C-7065,63844.931099999994
C-13259,22471.224099999996
C-49123,37649.110199999996
C-16530,23103.53109999999
C-2039,128350.66040000002
C-46189,0.0
C-23370,180977.6437
C-44934,23986.492000000006
C-43469,223.71740000000003
C-45999,40954.2177
C-25760,16828.6176
C-13918,37813.243700000006
C-6876,41803.70080000001
C-13146,113973.18839999993
C-30677,80683.7207
C-542,32382.212900000006
C-19135,103713.75390000001
C-30261,54298.37379999998
C-39745,36010.3906
C-17659,29456.008399999995
C-3616,57427.98980000003
C-1503,134.3392
C-39093,48034.27369999998
C-18661,0.0
C-9446,50313.8796
C-18380,45147.2133
C-37452,47997.640200000016
C-41342,5562.262300000002
C-22671,71873.2932
C-32850,77359.89410000005
C-45243,0.0
C-22034,89805.86030000003
C-8295,231114.50460000004
C-41284,0.0
C-13889,19668.619099999996
C-40587,113775.91729999999
C-14680,87597.3535
C-14601,0.0
C-12160,12452.6717
C-12993,12492.047899999998
C-28088,26872.163299999997
C-31612,0.0
C-3126,47558.2444
C-15751,11211.575700000003
C-47508,0.0
C-24939,68339.2345
C-6882,28028.829500000007
C-21788,53823.65549999997
C-43964,85128.6008
C-30266,34789.106400000004
C-6394,96669.18119999999
C-43533,0.0
C-14791,12745.311900000004
C-11403,44154.226200000005
C-17464,94320.53530000003
C-4557,39978.09779999999
C-38303,89556.72369999993
C-49452,167849.268
C-20364,27862.635799999993
C-15849,56696.3709
C-8725,31717.610500000006
C-34804,96465.9242
C-35979,8774.728099999995
C-12499,70892.0491
C-43198,11748.2957
C-28225,44569.930300000015
C-29397,105837.8349
C-4895,47348.403000000006
C-2756,25929.31749999999
C-33111,49630.5075
C-22333,14311.457000000002
C-46087,20701.9033
C-47578,0.0
C-27114,27842.7836
C-34894,20146.6858
C-46586,0.0
C-23494,130388.69099999996
C-1371,54134.171800000004
C-1777,36787.287800000006
C-14598,58863.67930000003
C-18344,121027.86560000002
C-10418,97486.33569999998
C-43572,82930.0711
C-13850,37882.27049999999
C-11983,0.0
C-39356,38812.13219999998
C-34201,17129.310500000007
C-9830,18055.774000000005
C-23286,124042.5914
C-48239,40960.8574
C-25950,62063.36430000004
C-11209,51868.03150000001
C-22152,4214.896699999997
C-6568,97207.95280000001
C-43322,0.0
C-26001,91640.33340000003
C-16686,16867.95819999999
C-17438,21129.815099999996
C-38514,56911.8682
C-27084,5272.9193
C-12029,17415.6545
C-34453,63594.618099999985
C-790,68908.55959999998
C-540,32178.30579999999
C-25886,52441.84539999999
C-748,0.0
C-49052,0.0
C-20748,77456.68270000005
C-22844,87964.04410000001
C-17684,34597.704600000005
C-32068,109927.20190000004
C-47144,32767.213100000015
C-5269,70900.23560000001
C-41929,2348.8013
C-20659,42883.050200000005
C-38934,59551.422199999986
C-4341,26306.391
C-32764,93011.42040000003
C-13537,59997.33009999998
C-33858,90074.38599999998
C-26207,61786.07230000002
C-40431,39682.60879999999
C-1944,25498.7546
C-42119,0.0
C-48626,0.0
C-43466,56376.37639999999
C-43375,0.0
C-37348,85835.49759999996
C-27985,26801.2727
C-41158,85888.12350000002
C-39772,24541.16520000001
C-5730,207872.25110000008
C-22109,9911.484499999999
C-16865,0.0
C-30518,64926.58549999998
C-36477,0.0
C-2996,23704.26919999999
C-47730,30185.252999999997
C-3383,36164.31959999998
C-4499,88256.91029999999
C-39170,24840.351799999993
C-32572,62527.871900000006
C-27029,59817.3053
C-23996,20480.181900000003
C-9186,34002.95839999999
C-31430,121502.71969999999
C-42911,14038.524999999998
C-6652,52998.72280000001
C-45068,0.0
C-6698,133306.59429999997
C-41781,0.0
C-17272,8711.929600000001
C-20690,102883.987
C-6718,68547.18000000002
C-9948,88974.42989999999
C-34767,42009.15710000002
C-7524,38889.9201
C-38371,22627.1236
C-49630,24690.924800000004
C-34721,68978.9653
C-16406,28972.46520000001
C-21203,118582.71709999994
C-9130,0.0
C-20795,52133.840100000016
C-26586,55483.10499999999
C-26043,4983.2513
C-32959,17283.0071
C-46553,0.0
C-16456,29401.802500000005
C-422,40931.0665
C-33286,0.0
C-34153,183563.75280000005
C-43953,137258.59480000005
C-25147,39098.2378
C-42535,105855.83709999998
C-39156,12068.360100000007
C-43046,43139.474799999996
C-42036,61508.80690000001
C-41166,86495.46380000001
C-14368,57573.73609999997
C-17694,20221.83239999999
C-8236,0.0
C-10111,18434.831599999998
C-47293,0.0
C-37770,22362.231999999996
C-25680,27721.33859999999
C-18853,0.0
C-38507,0.0
C-10375,52217.44739999999
C-31550,91418.01839999996
C-6402,107720.95420000002
C-1205,34196.281999999985
C-48238,82069.33749999997
C-47533,0.0
C-5628,31399.47939999999
C-49950,0.0
C-21892,99122.27740000002
C-31802,8960.457399999996
C-9981,75965.4995
C-38162,19159.634499999993
C-113,25809.334900000005
C-32238,0.0
C-29780,42093.6774
C-3903,45168.33479999998
C-24544,36133.98010000001
C-14722,54818.389800000004
C-45180,71855.13490000002
C-28411,17775.352199999998
C-28765,14313.272199999992
C-35765,47433.138500000015
C-19338,0.0
C-21186,70259.94930000002
C-8559,69425.01780000002
C-19926,75044.2232
C-21566,72414.55910000001
C-42362,0.0
C-46746,39455.86689999998
C-21480,107360.4735
C-17207,105753.46789999999
C-3752,0.0
C-26750,47557.410699999986
C-42333,0.0
C-7896,0.0
C-10811,45431.178800000016
C-20053,24332.4567
C-16910,213700.29920000007
C-23003,0.0
C-18549,17728.8816
C-23408,77811.03489999997
C-3759,41214.94450000001
C-27064,57142.49720000003
C-28446,100850.187
C-29377,7029.653299999997
C-852,31919.329299999994
C-5004,16294.49040000001
C-34845,22227.730300000007
C-44670,59906.020100000016
C-44781,990.0798
C-19127,55660.83930000001
C-16352,0.0
C-12578,28134.615500000007
C-25964,63512.71030000002
C-44637,0.0
C-18099,37852.284
C-48855,127881.95059999998
C-29167,90655.14369999994
C-37656,25241.549000000017
C-26061,56255.3161
C-48752,145668.08030000006
C-12380,29084.620900000016
C-29922,0.0
C-10156,17336.538100000005
C-7535,89476.01020000003
C-37505,14793.93349999999
C-34293,0.0
C-6411,56540.1654
C-38278,26380.738800000006
C-25653,35349.312600000005
C-41325,0.0
C-8162,0.0
C-4249,0.0
C-20143,100776.89760000001
C-49575,19361.964899999995
C-7314,22012.5564
C-47737,0.0
C-20238,13025.4441
C-4620,22341.17660000001
C-6665,14621.167200000002
C-14913,44324.01479999998
C-47135,41475.29729999997
C-6317,31651.86399999999
C-29229,86096.6041
C-42867,63775.10039999999
C-13823,52471.10180000002
C-45534,48195.18020000002
C-2924,0.0
C-36625,29741.566700000014
C-4540,112017.1149
C-11881,122827.33730000006
C-49983,109220.18440000001
C-40799,112611.96500000004
C-5975,34062.356499999994
C-39813,40818.17449999998
C-95,22199.972999999987
C-42381,1428.6153
C-9708,131472.6028
C-11580,14666.571900000006
C-1967,0.0
C-573,45581.653199999986
C-13590,45060.8762
C-28048,27957.799300000002
C-18028,46870.4554
C-15822,27487.254300000008
C-46175,259.2452
C-21268,34408.93049999999
C-49104,0.0
C-22816,94092.68790000005
C-7465,48371.315100000014
C-19027,0.0
C-49415,433.83410000000003
C-48866,0.0
C-4563,0.0
C-7189,28228.384199999982
C-26692,29412.9571
C-923,49146.65519999998
C-28734,12299.820399999995
C-47976,32086.183100000006
C-43479,36291.43789999999
C-24745,76878.7392
C-6023,43016.751199999984
C-37362,68512.2692
C-8719,46946.73940000001
C-1463,56098.31559999996
C-43229,40783.7464
C-10369,21058.021399999998
C-28618,7123.534399999995
C-47986,47638.039400000016
C-29386,24455.99630000001
C-20589,0.0
C-9430,12916.431900000007
C-10171,42621.692700000014
C-15623,66792.21500000001
C-27510,187227.43660000004
C-26369,130703.84840000002
C-37334,19496.185800000007
C-39521,0.0
C-2107,29577.938800000004
C-41468,918.2919
C-5666,65947.418
C-10202,112188.25320000004
C-31626,97952.15020000002
C-23502,9496.951899999996
C-46776,0.0
C-5024,167057.32779999988
C-17261,74611.3297
C-21079,45852.035
C-46733,25453.5065
C-41975,0.0
C-23547,54897.9845
C-35900,0.0
C-39742,16802.605600000006
C-28685,55959.35539999998
C-16077,26413.279100000007
C-42722,0.0
C-12388,0.0
C-44073,0.0
C-26532,26417.42150000002
C-42159,0.0
C-33610,33898.83440000001
C-43475,131112.4683
C-28365,26429.198299999996
C-27699,0.0
C-115,0.0
C-7918,25739.1535
C-29741,24452.94119999999
C-7043,89630.78089999993
C-19578,49373.72340000001
C-29755,0.0
C-21912,34208.17519999999
C-18789,70319.1101
C-47738,0.0
C-18297,45092.4891
C-807,18137.053900000003
C-34244,110929.14540000001
C-15376,71208.15319999999
C-35608,0.0
C-3882,68738.67419999996
C-21475,132466.6722
C-15501,15033.454900000004
C-2942,25265.766999999996
C-24533,55439.35549999999
C-11978,77651.77829999999
C-1288,0.0
C-27196,21755.3945
C-12399,18565.50069999999
C-9525,145397.39399999994
C-46079,0.0
C-17913,36892.490500000014
C-16140,13781.6616
C-29040,25097.43570000001
C-12997,35758.340699999986
C-3271,104248.4727
C-28079,27129.123299999992
C-44808,0.0
C-44623,0.0
C-27188,32674.891300000014
C-25426,56993.7807
C-34667,0.0
C-2041,33403.650200000004
C-13275,45902.7471
C-25203,37113.65749999999
C-16308,34319.847799999996
C-34674,35388.28919999999
C-46440,77659.5781
C-22296,25884.7184
C-42786,0.0
C-7659,43600.562300000005
C-16151,42948.3915
C-10039,64987.281300000024
C-2582,49874.74299999999
C-39877,35980.72430000001
C-9046,22596.472199999993
C-23933,68049.94080000001
C-13689,114569.63839999994
C-26847,51668.0747
C-1899,17095.111100000002
C-38135,0.0
C-48293,0.0
C-42330,25070.676599999988
C-29106,62551.26480000005
C-21664,62394.17480000001
C-12616,67169.04199999997
C-4275,32322.9999
C-25359,12045.499400000002
C-28648,0.0
C-22227,57993.12809999999
C-27006,0.0
C-29568,16168.085499999994
C-24379,127990.69630000001
C-19938,201572.21160000016
C-26608,70576.6683
C-48190,259.2452
C-1533,20102.316100000004
C-8519,99052.77959999995
C-29128,65039.80440000002
C-5260,23482.026399999988
C-5194,77186.74180000002
C-2742,71964.05410000004
C-31389,53952.17959999998
C-6690,104658.72530000006
C-33992,60730.9368
C-11096,32826.23590000001
C-13429,29613.367300000005
C-24475,0.0
C-17009,130961.80780000005
C-37174,55978.17039999998
C-7529,56102.363200000014
C-48873,0.0
C-28417,0.0
C-22124,14949.994999999997
C-5372,25235.337700000015
C-20616,19900.120500000008
C-6760,22613.162900000007
C-34829,0.0
C-9998,48478.93559999999
C-33290,23275.3544
C-6990,38505.26960000001
C-43212,109840.87009999996
C-2205,49390.653099999996
C-46964,107048.65720000005
C-26658,0.0
C-26256,0.0
C-12483,146648.30999999997
C-28528,0.0
C-14975,94660.5004
C-24852,85112.65689999997
C-41305,0.0
C-14017,134272.02640000003
C-36662,0.0
C-35188,3857.783299999996
C-30735,0.0
C-16274,52627.17230000001
C-45736,40085.50149999999
C-3557,69464.30309999999
C-31049,67773.41179999997
C-48292,58714.3472
C-25631,98455.7565
C-43072,0.0
C-5685,53099.56809999996
C-3504,53179.22760000001
C-2929,104291.61179999996
C-12119,10416.069100000004
C-4764,77052.37959999999
C-42510,65060.942299999966
C-25615,69880.54219999998
C-15496,69664.82060000002
C-31195,0.0
C-27501,20578.7207
C-34324,0.0
C-19138,24293.445
C-44493,0.0
C-31379,77801.2506
C-1367,119146.2425
C-12290,44929.654500000004
C-25843,0.0
C-10542,87677.78440000003
C-28738,45720.246000000014
C-24679,71346.12860000005
C-9744,0.0
C-42248,44602.10459999999
C-40121,40429.75730000001
C-32178,30523.9427
C-43054,49811.66309999998
C-39444,80163.56820000002
C-20718,58154.872
C-18515,47196.21779999999
C-31791,102428.49499999992
C-19582,38114.1271
C-32807,51972.805700000004
C-17035,68245.3322
C-29766,0.0
C-4511,45894.98249999999
C-10863,41928.52439999999
C-47300,0.0
C-21643,41928.703499999974
C-36413,51833.370999999985
C-36380,208845.68630000015
C-4239,35086.72350000001
C-19373,48667.3814
C-4497,59167.6048
C-23034,22863.962899999995
C-29364,16410.755399999995
C-11101,31322.557399999987
C-24380,0.0
C-44594,0.0
C-12183,0.0
C-39535,51315.992699999995
C-44300,47974.62500000001
C-45688,0.0
C-7034,54036.89379999998
C-35836,0.0
C-20629,29334.819700000004
C-14853,93559.5779
C-39038,60800.46129999995
C-49802,112995.68369999998
C-47295,0.0
C-31417,34115.04709999998
C-5348,39667.575600000004
C-40328,77677.70309999997
C-45788,19768.904499999986
C-11564,28366.180700000008
C-24823,67359.99360000005
C-41030,37815.29620000001
C-30112,24021.433499999996
C-45587,0.0
C-16150,92310.76399999998
C-8157,22166.936799999992
C-49622,0.0
C-34404,59148.59060000002
C-18816,187685.3568
C-18199,109891.6807
C-17532,30504.6596
C-38491,73226.52430000003
C-34018,73029.4216
C-44589,0.0
C-49221,25758.275
C-42142,146093.77839999995
C-26029,166484.79590000003
C-15102,0.0
C-992,75211.43800000002
C-20071,75037.7599
C-34713,64233.35560000005
C-5543,103826.94149999993
C-21842,254157.07950000017
C-11953,46533.168099999995
C-3219,43866.1606
C-34469,24063.492100000003
C-6781,54641.996800000044
C-43864,0.0
C-25080,51626.21389999999
C-40724,0.0
C-17439,140717.622
C-40595,19680.9917
C-4528,0.0
C-48088,19761.289999999997
C-34537,47314.69249999999
C-45337,0.0
C-18178,65956.2703
C-6289,79745.64639999998
C-6966,93277.14610000001
C-24743,24134.5666
C-44366,59413.08570000005
C-30993,0.0
C-35760,150089.0853
C-30486,87822.26239999995
C-7367,152753.37390000004
C-10664,0.0
C-29761,126173.64239999998
C-10447,20207.4637
C-47614,0.0
C-1607,113216.67409999996
C-17011,35773.072
C-8053,24906.56210000001
C-21495,104105.3438
C-29717,25836.73779999999
C-47024,77977.73169999997
C-28272,56250.913499999995
C-3317,38061.081799999985
C-19325,68921.7442
C-33831,175147.44459999996
C-45739,21186.670900000005
C-738,0.0
C-27263,12602.7734
C-36712,30305.4348
C-22149,85194.8344
C-27115,29910.554300000007
C-18402,25317.938399999995
C-37173,105799.31370000001
C-41201,118050.32370000001
C-22938,0.0
C-13997,21308.698399999994
C-6190,73701.64270000001
C-44119,88775.6454
C-24866,26502.838299999996
C-28961,61501.08459999998
C-8699,18377.484500000002
C-21687,117035.65780000002
C-34572,67067.2347
C-44699,0.0
C-7728,58790.69110000001
C-24471,29004.112499999985
C-26531,122129.8541
C-16831,87064.52570000003
C-34800,28576.974199999993
C-14808,72147.32060000002
C-48668,51346.82459999999
C-39526,0.0
C-49282,97350.29829999998
C-13441,9249.340900000001
C-35465,86466.2776
C-12208,38354.139400000015
C-31312,75437.27709999999
C-49755,0.0
C-26656,30939.67459999999
C-35129,137043.60399999996
C-34935,68793.06609999998
C-39953,0.0
C-34856,51858.8227
C-6835,54439.089499999995
C-9714,9129.216599999996
C-43457,50845.229299999985
C-9172,71873.21489999993
C-47240,0.0
C-11908,27238.25160000001
C-23674,39663.08729999999
C-29317,151548.30759999997
C-8388,16257.145900000001
C-16409,24295.8077
C-49384,86188.35570000001
C-977,20331.558800000003
C-31114,105284.03469999997
C-42308,33640.81360000001
C-4335,58394.4834
C-1781,68548.38100000002
C-4943,11583.107800000009
C-26368,38362.51979999999
C-29764,0.0
C-6433,0.0
C-19446,52048.368400000014
C-45021,63592.71659999999
C-49753,57620.77980000003
C-47985,23828.53919999999
C-39039,57697.09909999997
C-43000,0.0
C-17819,74048.38289999998
C-22359,31188.4669
C-24620,0.0
C-36443,9180.734100000003
C-45103,0.0
C-21271,34191.693
C-31884,51802.795900000005
C-12472,37444.3007
C-18863,22532.782799999997
C-20914,129429.66890000006
C-167,90832.80380000002
C-33048,16151.004700000001
C-7860,170262.0761
C-17553,70919.45
C-14670,20244.0696
C-17414,93591.75319999996
C-49806,47309.38569999999
C-10915,11598.520099999998
C-49232,0.0
C-41128,85952.5235
C-28013,65277.09430000003
C-31967,61669.4552
C-46604,239.06369999999998
C-27809,91265.21950000004
C-33663,91234.52840000004
C-12894,53076.004699999976
C-1923,131372.90290000002
C-30898,96308.14779999999
C-49580,0.0
C-6982,47219.174700000025
C-45659,206168.90180000002
C-15523,64385.782499999994
C-39188,22485.16
C-21396,49704.41539999998
C-13208,30239.083900000012
C-45097,82765.46899999998
C-29843,7166.316799999995
C-32989,22593.604999999996
C-10442,24398.7266
C-32123,27395.670099999992
C-10594,14312.898799999994
C-35192,170565.2824
C-25391,36481.0783
C-44990,115516.57780000003
C-46996,16735.766799999994
C-34622,38005.337500000016
C-29751,0.0
C-13412,118140.74749999997
C-21183,92890.02070000004
C-39735,29977.07969999999
C-48876,28490.704199999993
C-25622,140278.26570000002
C-31678,34627.95110000002
C-36629,23225.209500000008
C-43014,0.0
C-3933,34498.69139999998
C-49335,73682.78160000002
C-13338,66029.59439999997
C-6826,73392.78509999996
C-19063,56569.56820000001
C-44125,0.0
C-5986,25894.733699999986
C-45713,22107.139900000002
C-14078,55736.267000000014
C-16455,25227.073200000003
C-22714,71724.3371
C-17799,147199.424
C-34006,18107.32410000001
C-35870,0.0
C-25153,105536.36089999996
C-23770,55428.97080000001
C-32136,21466.048600000002
C-23584,81273.9658
C-25232,205806.5781999999
C-30110,31149.08149999999
C-23461,0.0
C-15386,26049.246800000008
C-28768,113581.25580000001
C-26184,16347.785200000006
C-5767,38611.5198
C-8834,30624.387799999997
C-47266,0.0
C-48087,2345.8461
C-46675,0.0
C-49902,67545.33069999996
C-36238,9654.078400000006
C-31594,0.0
C-24026,44425.889899999995
C-46421,37443.46409999998
C-39698,59833.22689999996
C-47657,0.0
C-16314,41266.4442
C-16620,86241.98800000003
C-16293,68673.26950000001
C-7735,71812.3879
C-25976,76295.0833
C-1337,111864.77420000004
C-9230,20423.885900000005
C-44995,0.0
C-39031,98009.86150000007
C-35595,24107.2254
C-10688,52201.61920000001
C-36996,0.0
C-14971,140601.71130000005
C-29715,38815.84670000001
C-8850,70455.11020000001
C-19779,82506.36179999998
C-11558,71287.98879999999
C-47078,0.0
C-39302,41567.72749999998
C-27210,178491.47540000002
C-9372,35729.77240000001
C-22863,67614.68260000001
C-28936,88309.00869999993
C-2194,38622.8952
C-35356,69147.75490000001
C-11663,0.0
C-6736,48427.17189999999
C-19512,58576.732500000035
C-4771,130277.41789999996
C-17300,58186.77940000002
C-20472,54333.35929999997
C-38095,114262.18699999998
C-37410,65256.55000000001
C-2918,19267.033800000012
C-35455,23013.83249999999
C-45519,14260.880000000003
C-35251,21761.0647
C-27554,23493.846300000005
C-40165,49396.943099999975
C-49788,0.0
C-38530,39812.95259999999
C-46583,34124.32759999999
C-9542,36523.56519999999
C-23446,0.0
C-11453,23506.991299999994
C-49633,46624.79070000001
C-45035,160236.0704
C-12482,55221.98419999998
C-38841,88953.91219999995
C-2399,107407.95530000002
C-27026,53677.4223
C-21880,22991.622399999993
C-10183,0.0
C-2566,0.0
C-39029,18121.325
C-45947,102570.1017
C-43243,0.0
C-47002,409.65560000000005
C-5642,91242.31899999999
C-41582,0.0
C-23292,96961.06999999998
C-26817,99454.94490000002
C-12651,61824.54579999999
C-37379,21581.051399999997
C-20216,25133.96190000001
C-45122,0.0
C-45436,0.0
C-28331,17746.7576
C-13262,0.0
C-35449,94908.48809999994
C-5686,0.0
C-40025,50717.85490000001
C-12904,15803.344700000001
C-42641,12513.710100000002
C-9666,105385.83380000001
C-20854,101096.79450000003
C-282,125685.33779999998
C-21659,22900.4325
C-46662,0.0
C-49805,7472.9413
C-16915,23549.63799999999
C-47172,3140.656699999999
C-34929,73231.22729999997
C-15499,49319.07760000002
C-199,16886.3664
C-8626,45173.2573
C-43313,0.0
C-12368,14425.037199999997
C-16542,47717.2383
C-34075,34078.57969999999
C-22150,27625.59919999999
C-22023,0.0
C-49377,22793.234900000003
C-24233,57780.374600000025
C-22766,26745.40829999998
C-28128,50459.75670000002
C-41659,0.0
C-37490,27994.05390000001
C-4011,28790.236500000017
C-23598,75386.40039999998
C-45547,72340.2665
C-10483,104919.40900000004
C-38431,90573.0041
C-6636,0.0
C-15815,0.0
C-4457,22314.01099999999
C-41420,10918.611599999998
C-32670,44601.830700000006
C-35594,0.0
C-6269,0.0
C-24151,23764.428900000003
C-8841,84503.9315000001
C-44270,0.0
C-11773,112655.21120000003
C-24154,109235.69980000002
C-6960,52491.75160000001
C-8914,60453.937100000025
C-9965,75473.84359999998
C-12355,46800.9148
C-15440,133698.80680000002
C-10047,13929.844600000002
C-39088,0.0
C-5392,17302.864400000006
C-26925,38927.6176
C-44343,13191.986499999999
C-36956,132353.97990000006
C-26072,20128.787200000002
C-32337,84588.05660000003
C-1177,126586.41369999993
C-10890,0.0
C-13122,63168.9675
C-24220,127849.96900000004
C-36183,22668.63370000001
C-38107,15854.396999999997
C-910,37014.462899999984
C-23419,53859.4591
C-2576,54252.15400000001
C-25201,36804.64399999999
C-24361,0.0
C-48594,960.9286
C-9547,141074.53269999995
C-9370,25274.68789999999
C-28208,108288.82139999999
C-9136,76691.99939999999
C-47977,124363.75170000002
C-29645,22285.791099999988
C-20549,20512.716700000004
C-42626,0.0
C-19562,0.0
C-5528,18597.6792
C-39519,120361.96350000001
C-24056,82411.27640000002
C-28953,119979.16800000002
C-42300,52496.025700000006
C-14890,31889.381999999998
C-42876,0.0
C-21563,71602.68699999998
C-36869,110104.86480000001
C-8381,0.0
C-16537,97657.44270000003
C-21968,10059.371700000002
C-44572,0.0
C-13320,75992.29969999995
C-38137,33767.9708
C-7632,21021.2422
C-17538,63084.81670000001
C-45563,8611.381300000001
C-32434,24412.7588
C-3931,0.0
C-26209,33824.5597
C-27987,17367.325399999998
C-28364,54892.336700000014
C-1241,184223.07509999984
C-14523,11414.355999999996
C-32580,7504.593500000001
C-18205,15713.951099999995
C-27815,0.0
C-2645,29173.530600000006
C-20940,0.0
C-35560,16674.8917
C-18342,38371.081199999986
C-49664,28620.19979999999
C-26634,121244.10559999998
C-8472,56168.97569999997
C-1196,29224.236599999997
C-9938,0.0
C-8441,32597.130599999982
C-31990,0.0
C-16384,0.0
C-6709,214080.05880000006
C-8917,38293.67319999998
C-40706,30027.752399999998
C-29640,20382.743100000007
C-34137,0.0
C-34835,19791.053200000002
C-44585,539.8812
C-49829,19529.0462
C-41979,1133.728
C-42642,56857.00120000002
C-40467,82941.89489999996
C-196,67870.37799999998
C-13384,95463.49050000001
C-1230,33595.936700000006
C-1942,90315.72510000001
C-40218,9679.4338
C-15931,18451.877600000003
C-48869,0.0
C-16563,14200.936099999992
C-35001,0.0
C-1266,8915.107100000003
C-11764,239.06369999999998
C-21046,16607.1995
C-49428,69395.68879999997
C-32506,18694.394800000002
C-32627,140254.54680000004
C-20464,19888.914300000004
C-3896,16615.353300000002
C-35232,0.0
C-29882,118177.78110000004
C-47767,0.0
C-45889,446.6499
C-47579,16677.541599999997
C-15274,78925.7946
C-19403,48462.81090000002
C-16709,54864.01190000002
C-11788,17083.821699999997
C-4549,41544.38799999999
C-9414,19033.5617
C-42672,62973.998499999994
C-41318,40468.31220000001
C-44512,88368.0893000001
C-35258,14544.489600000004
C-19481,22854.7005
C-40331,113394.95880000002
C-28174,15419.672500000002
C-16160,42226.66739999999
C-8540,5864.174599999999
C-8854,47424.447799999994
C-43776,0.0
C-31956,108595.05520000003
C-43762,0.0
C-47001,0.0
C-31584,147357.44860000006
C-30121,37386.00889999999
C-29000,0.0
C-2530,138164.45980000007
C-20183,0.0
C-31586,87062.02389999999
C-23710,19818.535199999995
C-49190,0.0
C-22782,0.0
C-8212,104699.59270000004
C-34495,5011.611399999998
C-34539,27279.218900000007
C-16469,92465.304
C-37409,13860.5262
C-27228,24933.639000000003
C-21645,44400.530600000006
C-40660,65323.02090000001
C-21508,72234.90830000001
C-37309,70174.7506
C-1133,28179.986499999995
C-40831,0.0
C-47899,32835.5612
C-8982,73435.3508
C-6475,0.0
C-11001,0.0
C-41434,0.0
C-41856,541.4279
C-32581,28524.623399999986
C-27355,110316.92279999996
C-46634,0.0
C-35342,42467.422300000006
C-29069,91757.09199999998
C-33756,0.0
C-13753,0.0
C-47893,45560.17340000001
C-43682,48983.89420000001
C-30837,25528.1852
C-11949,69037.5582
C-6007,26236.604
C-30806,0.0
C-14059,235054.65910000008
C-19474,41751.4837
C-16075,30030.91199999999
C-30840,62768.41470000004
C-14874,4646.824500000001
C-7592,59259.04730000002
C-46466,90566.34930000007
C-26128,0.0
C-26587,19325.491199999993
C-21840,112399.08840000002
C-45477,0.0
C-41336,0.0
C-37485,102567.70000000001
C-31604,219565.7070000001
C-24142,22944.022499999985
C-4371,64229.8047
C-22008,112188.46910000002
C-4361,78448.68530000001
C-49499,58386.44360000001
C-18422,19723.4539
C-27658,114609.53670000004
C-10513,505.2291
C-2863,81576.76699999998
C-30695,12078.710999999996
C-9174,20373.036200000002
C-3305,79322.42720000002
C-17560,13016.87360000001
C-37703,0.0
C-7915,47399.955399999984
C-2523,32873.44999999998
C-36478,43840.96530000001
C-34621,0.0
C-3839,22221.462600000013
C-6405,16250.448000000002
C-9360,0.0
C-47294,87157.64800000003
C-21378,22268.095799999996
C-3873,45093.84149999999
C-32731,37398.600499999986
C-44537,38039.4429
C-18615,94160.90179999992
C-35065,129018.495
C-47235,28028.661400000005
C-41643,84814.35720000001
C-28561,35468.32560000001
C-11165,33277.71070000001
C-43589,20292.730800000005
C-19653,60952.17990000003
C-37332,49653.207599999994
C-16413,0.0
C-6412,100236.80380000002
C-24719,214287.1875
C-9128,64528.404299999995
C-42516,0.0
C-38604,134831.0139000001
C-42588,0.0
C-24543,83094.3977
C-8705,66342.4303
C-19668,32291.932399999994
C-10261,9523.493899999996
C-33486,68072.5341
C-4034,94797.9252
C-35072,87582.84750000002
C-47014,78519.03840000002
C-31220,0.0
C-18117,28645.374799999994
C-33659,19239.838500000005
C-5238,36286.73550000001
C-48502,17982.833900000012
C-1829,26972.1665
C-37256,107162.81019999993
C-1987,38896.64499999999
C-14567,0.0
C-25021,28539.306499999995
C-6631,53613.37109999998
C-10128,26343.185199999993
C-8764,37679.062500000015
C-37291,36369.771
C-1676,33850.30279999999
C-10139,109352.80490000005
C-11688,10264.821199999998
C-43637,212785.3408
C-28110,113413.92650000005
C-29671,109144.61850000001
C-9246,23769.850300000002
C-10116,85846.66619999999
C-24598,6901.908999999999
C-734,65097.9784
C-38708,38302.34749999998
C-11892,16945.084700000007
C-13191,36493.77959999998
C-36980,0.0
C-14840,84546.4302
C-15421,63987.20860000001
C-38635,0.0
C-27899,34863.83139999998
C-22381,8940.5599
C-5037,35403.78699999999
C-31732,73256.8412
C-4126,68591.0992
C-26111,54389.08559999998
C-31985,41238.850200000015
C-22199,28940.885399999992
C-8516,0.0
C-23685,26115.775600000004
C-37529,46119.594999999994
C-49576,14935.853900000002
C-42158,15766.5928
C-45322,13003.615100000006
C-28509,72645.45999999999
C-20999,11071.8755
C-23490,100622.33579999999
C-9305,45555.08230000002
C-30050,32972.098399999995
C-40247,48579.69440000001
C-40069,74430.35400000004
C-815,14713.126399999997
C-16291,101920.15879999998
C-3859,38654.0088
C-13526,39743.1675
C-11318,63125.86570000005
C-44528,0.0
C-49592,0.0
C-44452,79399.15169999996
C-15818,40307.41889999999
C-19715,53763.614099999984
C-40850,47544.966199999995
C-32164,37473.990099999995
C-42920,38003.545799999985
C-46588,0.0
C-19830,44839.922600000005
C-17379,58649.906500000034
C-22445,0.0
C-19395,0.0
C-15162,29913.018199999995
C-12837,55061.30859999998
C-15278,27378.628700000005
C-39392,65581.58789999998
C-38084,15968.059500000008
C-48822,0.0
C-3907,40505.51559999998
C-19754,28612.992399999992
C-16966,23736.421900000005
C-2541,30330.241500000007
C-44488,0.0
C-28181,0.0
C-1104,108099.25780000004
C-34638,38862.69630000001
C-11022,21986.09180000001
C-3322,40408.3475
C-7586,48406.32600000002
C-48030,0.0
C-48760,0.0
C-8970,0.0
C-27914,83405.9982
C-14175,108685.97999999998
C-38249,142394.32669999998
C-47827,0.0
C-30725,45944.0539
C-16105,67644.10149999999
C-42505,136778.55659999995
C-44828,74956.31499999999
C-5055,9671.335799999999
C-48732,28217.455299999998
C-14923,166625.95679999999
C-21894,20990.88830000001
C-26007,45430.273100000006
C-42127,204450.12669999994
C-49437,47373.92759999999
C-19102,33972.477299999984
C-36890,0.0
C-2917,27636.699300000007
C-1305,68696.54590000001
C-39443,19169.835499999997
C-36001,0.0
C-36785,76208.42440000003
C-6517,0.0
C-28992,19127.903200000004
C-25321,9467.600000000004
C-9726,17213.53869999999
C-17820,17166.073300000004
C-11330,18833.4276
C-37213,64615.82180000001
C-39344,107787.16319999998
C-17654,0.0
C-40097,106145.45990000002
C-33896,10246.1203
C-14379,54731.29740000001
C-16733,96135.66929999994
C-42511,34084.98199999998
C-38261,92426.61180000003
C-23607,65803.36609999998
C-25786,0.0
C-23115,6485.034099999999
C-17722,45954.23269999999
C-26172,0.0
C-21507,20211.386499999997
C-39540,0.0
C-28827,23814.0839
C-17537,114823.15250000004
C-7254,0.0
C-13566,80572.3349
C-29469,52898.29840000001
C-24011,22200.954799999996
C-38962,33848.0055
C-32179,114798.01809999999
C-38954,0.0
C-26740,10582.559299999997
C-39525,13486.946100000003
C-11717,0.0
C-43816,48844.6196
C-13740,40626.03680000001
C-11536,149476.45649999997
C-33102,37009.933499999985
C-13871,50908.7938
C-32647,14845.139100000008
C-49814,39726.03909999999
C-32571,74067.66729999997
C-26707,68331.82879999999
C-46085,26948.113599999997
C-44161,22922.199100000005
C-47967,32836.30730000001
C-35204,48720.610700000005
C-28320,27046.14869999999
C-9426,112909.61039999993
C-40453,26807.47440000001
C-17793,97912.79960000001
C-39435,62171.216899999985
C-29961,60130.14489999999
C-28162,176083.59809999994
C-14983,76382.2642
C-39955,97400.29470000001
C-7442,0.0
C-38562,32066.779299999987
C-47613,127586.01030000007
C-6054,84558.53710000003
C-36937,81126.78429999998
C-2887,71151.94080000003
C-22608,54383.501499999984
C-41423,21505.80760000001
C-8735,20546.980700000004
C-15852,69903.65049999997
C-44361,0.0
C-38515,83846.9041
C-22746,18232.787899999996
C-47758,59157.79259999998
C-1157,82380.65219999998
C-41782,100773.88559999995
C-15422,38446.67730000001
C-36870,64853.403800000015
C-28634,54419.17200000001
C-15349,65255.97249999998
C-17266,14178.320400000004
C-37212,0.0
C-22136,31577.7789
C-2484,20429.356399999993
C-1190,128612.38689999994
C-25992,0.0
C-26515,99180.07879999999
C-21215,0.0
C-11088,0.0
C-21667,101838.43750000006
C-34594,83002.14569999998
C-26137,0.0
C-18058,46125.11149999999
C-1928,37166.7433
C-42885,8677.3032
C-41283,302.1707
C-26351,79673.87509999995
C-36553,107017.68899999995
C-34996,63193.88659999996
C-48531,0.0
C-16624,25062.581399999992
C-2141,35330.598000000005
C-9403,55188.9406
C-24895,0.0
C-1406,38139.63489999999
C-22343,43722.7424
C-11283,45910.2037
C-7105,135850.8384
C-5343,16089.626100000001
C-11877,37578.77539999999
C-25320,0.0
C-27584,34933.64829999999
C-9513,0.0
C-1173,9467.514699999996
C-16388,13175.085700000003
C-10764,31808.119000000017
C-27942,95457.72719999995
C-8004,0.0
C-29201,23146.828900000008
C-8165,20424.9086
C-28186,71517.3887
C-29917,85925.53460000001
C-39388,59219.90579999998
C-48244,0.0
C-16084,134996.14299999995
C-25487,65930.9838
C-42597,0.0
C-34167,0.0
C-41446,23571.708399999992
C-1239,34141.8412
C-33040,46855.9332
C-27608,38812.8756
C-23453,24633.746200000005
C-1123,54563.980999999985
C-5436,52478.833000000006
C-42174,0.0
C-4860,35643.86810000001
C-13490,50361.94809999998
C-17174,44447.9083
C-753,77429.3296
C-15810,50957.77920000002
C-42128,0.0
C-8811,51049.539400000016
C-31297,23905.7972
C-17403,99408.58299999998
C-48410,53624.793
C-46408,12900.364000000001
C-2479,7577.7058
C-21801,22501.8865
C-13619,64945.81300000001
C-30966,122681.99969999997
C-22836,55171.81029999998
C-5626,45537.022600000004
C-20689,25653.242700000006
C-32432,46863.79990000003
C-6895,0.0
C-25130,39403.51539999999
C-39496,19406.601499999993
C-10030,192844.78160000007
C-29985,78275.9157
C-28023,174003.78839999984
C-33366,108866.21440000006
C-8486,25878.086700000007
C-15000,0.0
C-23912,95031.53230000002
C-1764,27848.177000000003
C-7533,36987.643299999996
C-26806,60949.65439999999
C-3015,29040.49000000001
C-44220,0.0
C-39798,9424.874500000004
C-35620,0.0
C-38023,108184.14879999997
C-10251,53581.08500000001
C-12284,26814.224100000003
C-35923,15443.27930000001
C-4043,67895.16150000002
C-43164,0.0
C-11078,13076.327
C-5480,80560.9975
C-27083,46851.05110000002
C-32623,35669.10850000002
C-2619,144495.21730000002
C-32271,56022.0328
C-27130,12624.912500000004
C-4772,0.0
C-9592,91516.79160000004
C-36078,59324.24330000002
C-17839,36320.35419999998
C-7688,0.0
C-15390,73963.8307
C-22903,29812.825299999997
C-28377,11362.205199999991
C-9146,187542.75780000002
C-36253,16025.092200000003
C-1718,0.0
C-45838,0.0
C-4008,24776.843499999988
C-24734,127674.56829999998
C-5927,50492.197700000004
C-43330,109450.96719999998
C-18658,52336.67489999998
C-24253,16956.737900000004
C-3097,93532.9909
C-40966,30735.315799999993
C-32512,75029.07
C-3983,0.0
C-15442,0.0
C-33625,42836.717800000006
C-4560,111403.76899999999
C-5330,112168.14369999997
C-38970,86123.11470000002
C-19394,63355.8669
C-40546,28071.739700000016
C-16237,58273.2932
C-23401,125843.54009999998
C-633,40692.601
C-33502,19804.793700000006
C-29793,178666.24829999995
C-3142,64398.178199999995
C-41241,78997.02
C-19800,11360.921699999999
C-48557,83121.87379999999
C-3780,0.0
C-44356,0.0
C-44327,362.6529
C-36874,183239.7497
C-23093,34340.6743
C-20166,43972.3398
C-32981,0.0
C-36672,10200.474699999999
C-44236,41606.415100000006
C-20358,25181.6027
C-41614,0.0
C-35865,93882.45239999998
C-12048,0.0
C-20861,32915.88879999999
C-19215,26603.206400000003
C-39255,39076.541000000005
C-6024,77609.5227
C-45645,8320.652899999992
C-10205,191187.86780000004
C-32970,118960.01019999996
C-21834,80818.3725
C-37152,61636.47450000001
C-43635,0.0
C-19059,94698.41279999998
C-14522,0.0
C-7150,11632.476599999993
C-10234,7685.2698
C-43828,0.0
C-11894,0.0
C-49682,0.0
C-15139,46735.403600000005
C-10884,100564.0239
C-2340,30527.441400000007
C-17963,26132.309200000007
C-45916,0.0
C-2956,42314.1367
C-4676,35139.7368
C-26014,81730.98390000004
C-34338,65765.35149999999
C-1554,68087.86020000001
C-13952,60944.16209999998
C-38578,41892.64090000001
C-31061,0.0
C-23993,34271.333000000006
C-21961,47825.5876
C-25140,0.0
C-11746,76947.27560000001
C-45,27771.7584
C-4815,208655.11740000005
C-35481,86663.11540000002
C-3116,24511.171900000005
C-33453,11916.1714
C-11046,17612.874799999987
C-25045,96306.10859999999
C-30316,53927.44159999998
C-11489,128008.91230000005
C-45852,18655.0475
C-15205,48710.65799999999
C-34257,59178.700500000006
C-19023,77636.90420000002
C-22591,54424.54340000001
C-30485,96697.61509999998
C-40551,46039.20639999999
C-14271,0.0
C-45599,120971.72359999997
C-26741,74047.01859999997
C-9401,44184.4357
C-9651,84059.23139999999
C-25661,15411.1477
C-39737,125326.15499999998
C-27791,35922.29839999999
C-38997,22043.184100000002
C-33155,97249.15560000004
C-37158,125851.31250000004
C-48771,55129.93830000001
C-7775,9434.8109
C-7819,19225.573199999995
C-1228,32410.4497
C-4975,39673.2739
C-17515,10340.998099999999
C-27456,0.0
C-9583,22456.643600000007
C-46862,0.0
C-48385,0.0
C-48390,59972.1953
C-11426,32056.825000000008
C-48946,0.0
C-9460,44116.2186
C-43485,0.0
C-9876,100437.181
C-47813,2458.3336
C-3626,27414.816800000008
C-42105,36144.39929999999
C-29233,87935.59100000001
C-28572,100586.6872
C-659,43504.67469999999
C-12398,89592.96450000002
C-48268,79481.0841
C-26068,97585.42459999998
C-26528,0.0
C-8289,44216.568199999994
C-9318,60584.6417
C-8296,0.0
C-21791,45310.79090000003
C-17812,61813.90120000001
C-41047,69941.12989999999
C-3883,4520.680499999999
C-49610,0.0
C-11569,175053.11829999991
C-19158,22821.0638
C-40468,35373.532
C-29706,51603.306300000026
C-17411,116328.8777
C-20278,0.0
C-20054,9261.176400000004
C-156,0.0
C-48633,0.0
C-37033,68765.6012
C-11708,27194.873900000006
C-45240,4564.918200000001
C-48947,116767.9926
C-24983,48414.48850000001
C-553,45025.38560000001
C-21845,93228.7576
C-42517,13845.854900000004
C-40487,22251.245099999996
C-42998,27428.043300000005
C-22685,52133.83279999998
C-49530,73166.12940000002
C-32673,79833.8411
C-16828,12450.7153
C-10482,163983.163
C-48516,495.0399
C-15183,36535.244199999994
C-17446,28838.637600000002
C-1854,16483.1933
C-23423,22204.973099999992
C-3733,103906.94260000005
C-44436,21864.868400000003
C-9716,86549.0975
C-8326,23419.658699999996
C-45014,0.0
C-12940,7418.886600000001
C-19670,22310.7723
C-1785,22701.689500000008
C-31506,47943.71750000002
C-835,0.0
C-15366,45220.80189999999
C-3760,39995.0341
C-46957,0.0
C-12072,0.0
C-13413,18416.3476
C-19284,22157.12069999999
C-26627,180925.8018
C-1615,40577.5235
C-33528,19342.032
C-22973,70920.23080000003
C-33129,121430.50359999998
C-22036,29047.859599999996
C-46068,5027.981800000003
C-8409,84919.52140000001
C-48794,0.0
C-42050,0.0
C-30741,0.0
C-38184,16358.058700000003
C-27822,10019.568799999994
C-14343,46345.69540000001
C-13899,152435.546
C-24795,54467.39860000002
C-37005,12774.390899999999
C-3909,10688.8368
C-876,104772.42540000001
C-26819,0.0
C-26856,46227.89240000001
C-40578,94329.47520000002
C-3143,192374.09409999996
C-609,0.0
C-18244,25359.802000000007
C-9988,9927.949500000002
C-15739,50247.01660000001
C-14532,30810.672199999997
C-37824,20103.3619
C-6214,29764.7095
C-46648,8923.838699999997
C-33716,39724.0631
C-38625,0.0
C-26176,46396.761400000025
C-1462,81480.22489999999
C-6348,20237.653799999996
C-10057,54931.8574
C-17188,63456.07410000001
C-35499,23759.5308
C-5236,30139.880900000004
C-2235,22510.833500000004
C-24643,153447.93640000006
C-26355,19701.062000000005
C-20331,76387.81240000002
C-27065,80015.4885
C-7174,6267.594500000003
C-25226,23648.533399999993
C-27811,0.0
C-37357,27412.02040000001
C-23146,66214.88220000005
C-14511,81477.82850000002
C-45733,25867.61160000001
C-2788,100649.24400000002
C-23699,131079.1581
C-15229,24674.276299999998
C-21262,129489.08800000005
C-35787,23418.006500000003
C-16786,7299.994499999995
C-1609,16187.504199999994
C-45919,80501.06429999995
C-40793,89383.23170000003
C-1768,22298.517500000005
C-25497,37995.15570000001
C-4014,0.0
C-26901,186814.12600000005
C-12928,58686.51430000001
C-25423,31722.5409
C-24563,19001.5018
C-17449,22711.217799999988
C-23304,33390.4438
C-13956,0.0
C-23103,97288.57480000002
C-15709,93644.08660000002
C-5044,18296.329200000007
C-7462,48192.60499999998
C-4774,18170.837299999992
C-10818,49276.966400000005
C-2642,37820.7644
C-11734,8821.890899999997
C-31677,83430.59480000004
C-40024,87288.8287
C-38399,55944.15219999998
C-6929,68173.00019999997
C-33626,0.0
C-510,9215.966
C-27848,55583.91069999999
C-14452,78387.2525
C-45380,0.0
C-44769,0.0
C-14121,45931.643100000016
C-24120,107220.86279999996
C-18481,114289.60079999999
C-14119,113081.65150000007
C-15069,121703.83099999999
C-49217,11826.023099999999
C-45792,11759.160699999997
C-7396,112074.26489999998
C-12020,0.0
C-12967,0.0
C-12179,24791.855900000002
C-44636,81654.33409999998
C-44662,122151.51660000003
C-4754,20742.618900000012
C-22562,51426.81600000001
C-13584,6838.956700000001
C-36926,23285.307199999996
C-43824,0.0
C-43880,81549.7131
C-25540,46579.253500000006
C-21245,56844.212499999994
C-21317,25626.074800000006
C-14879,47252.653600000034
C-39842,59915.90670000003
C-31122,52339.83869999999
C-16760,46719.09780000001
C-33697,112580.60659999998
C-16429,60386.6662
C-48440,164097.3651
C-35604,105162.23030000001
C-1144,73955.6542
C-49713,107242.68760000003
C-29490,42204.281800000004
C-36158,50655.53120000002
C-9813,27764.847099999995
C-9595,0.0
C-3328,0.0
C-31864,24610.1162
C-11409,0.0
C-18414,0.0
C-37415,0.0
C-17615,114160.13910000001
C-37761,98519.36090000001
C-10795,0.0
C-33521,19802.520099999998
C-14643,87896.10659999998
C-15457,0.0
C-2688,70964.2227
C-38293,91413.68459999998
C-23708,0.0
C-2089,84216.87370000001
C-36852,7676.582400000001
C-4819,73230.71040000001
C-7452,91503.11790000003
C-32749,97339.55379999997
C-18393,58834.37650000002
C-22070,70159.2047
C-12652,37337.1462
C-48470,0.0
C-7929,19684.317699999992
C-38911,77037.3447
C-13815,107517.4406
C-33189,58699.22419999999
C-17296,29708.658200000013
C-30931,15793.627000000002
C-7244,64280.059900000015
C-48498,0.0
C-31629,12503.014400000002
C-825,45376.43999999999
C-46832,20300.109999999997
C-49779,1665.6726
C-20528,151744.44600000003
C-3239,24820.26310000001
C-34070,17267.1663
C-10281,57189.20120000001
C-16683,18985.598199999997
C-5255,0.0
C-46252,34845.362100000006
C-17695,104208.83419999994
C-48663,58869.62390000001
C-15332,25120.553900000006
C-41015,56526.13799999998
C-49112,0.0
C-12116,93422.8349
C-42427,0.0
C-11397,0.0
C-35950,0.0
C-15443,114111.83289999998
C-33016,131029.09599999996
C-2279,72845.69219999998
C-25345,45316.93450000001
C-12008,6888.451900000002
C-15500,32214.22930000001
C-22952,14357.052499999989
C-38842,48554.37210000001
C-22972,131397.64509999997
C-3297,52814.186799999996
C-4339,44475.79340000001
C-16182,123840.67059999998
C-41903,110132.5389
C-32193,0.0
C-27767,17829.542699999995
C-7638,0.0
C-3205,46159.56329999998
C-13025,4557.3987
C-26304,91123.18689999996
C-17944,69404.80309999999
C-11888,0.0
C-20396,96614.34929999997
C-35187,50083.40740000001
C-2029,93829.21250000004
C-43484,0.0
C-43851,30256.722099999995
C-929,26214.424699999996
C-30502,24576.091199999995
C-34752,42101.71140000001
C-21430,60622.23999999999
C-41521,39193.83349999999
C-48124,45715.74879999998
C-49508,154.32309999999998
C-22577,43239.23330000001
C-32491,107280.92269999995
C-15771,62215.226
C-28074,44812.020500000006
C-12383,20162.940900000012
C-1427,28681.355600000006
C-30389,87146.27220000006
C-12637,10875.550700000003
C-11498,95738.89449999998
C-17157,68126.05090000002
C-19914,76300.23359999999
C-20704,0.0
C-12763,46835.60200000001
C-39264,38121.16829999999
C-10734,23864.470800000006
C-30428,29732.895999999982
C-2904,95093.25610000003
C-44945,47878.86509999998
C-15169,184395.36310000002
C-49349,4853.767600000001
C-4727,23989.858099999998
C-40352,110169.41750000003
C-23264,77059.82980000004
C-30859,23954.883099999995
C-19561,27313.087300000014
C-48131,44289.5888
C-12665,0.0
C-6218,96025.6639
C-29789,30788.940000000013
C-40455,7128.360499999998
C-4733,60165.708399999996
C-9005,0.0
C-13448,43328.52000000002
C-29854,25041.0573
C-46308,16571.405699999996
C-25871,13535.133100000003
C-35920,42481.68770000002
C-47400,15959.891300000007
C-48555,36099.9226
C-20212,27910.705799999996
C-40371,47728.08169999999
C-45424,13256.400499999998
C-15779,21762.719500000003
C-12702,57002.00280000001
C-20660,83750.62819999996
C-10168,0.0
C-17122,49898.724299999994
C-10455,0.0
C-15634,39508.61890000001
C-49360,0.0
C-45640,88816.68310000001
C-13308,179595.9549
C-3298,11090.141200000002
C-44630,82054.12610000001
C-12879,0.0
C-23365,15763.4802
C-27525,137484.9286
C-9975,29345.678000000004
C-34342,64732.106500000016
C-47751,23683.872000000007
C-26879,18554.858400000012
C-38483,29070.14290000002
C-36518,47382.978900000024
C-34134,1596.1662
C-36138,85134.61530000003
C-39891,88157.36060000003
C-26973,107086.50950000001
C-29353,85416.9033
C-2786,0.0
C-38068,52013.408699999985
C-8110,37486.1026
C-14388,99693.796
C-29065,137449.1581000001
C-36540,118227.30960000001
C-20188,10811.980299999997
C-37752,37249.65069999999
C-22606,55012.80450000002
C-6055,125566.0871
C-39935,14683.184100000002
C-25521,71997.04940000002
C-28918,51152.60779999998
C-917,46803.63340000002
C-28373,103636.86039999995
C-17067,15303.5762
C-15755,13226.4188
C-18334,20339.584199999998
C-39746,0.0
C-26095,29576.6525
C-31934,0.0
C-29203,15578.975599999989
C-4442,67171.30779999997
C-43285,29637.525299999998
C-8080,76905.3767
C-8074,68058.06330000002
C-9064,21250.457899999994
C-28661,29575.00560000001
C-33298,51742.22549999998
C-3682,0.0
C-24047,83109.47979999997
C-27828,75928.5058
C-25227,13128.866199999997
C-43134,0.0
C-6135,59987.352300000035
C-42919,52644.128800000035
C-28495,0.0
C-34022,165391.73829999997
C-7993,109417.44799999999
C-37825,187529.9869999999
C-15473,57199.63680000004
C-22118,0.0
C-9018,127623.75600000004
C-10947,19472.67340000001
C-30373,22373.301699999996
C-27433,21356.132400000002
C-19044,129054.57429999996
C-48226,0.0
C-48229,10559.034600000005
C-9934,18882.16660000001
C-36360,114579.25720000002
C-21150,156294.03230000002
C-30376,0.0
C-20223,34178.9304
C-37649,49220.29500000002
C-9175,81259.45579999997
C-47832,0.0
C-46503,47406.49209999999
C-38923,33559.27329999999
C-2332,171370.0505
C-21329,103147.2305
C-45831,27338.2671
C-33757,22713.255099999995
C-40227,66795.21429999998
C-757,17929.5331
C-46217,36999.646400000005
C-29101,96885.39799999991
C-26629,37833.07810000002
C-20520,0.0
C-28928,26476.41060000001
C-3850,48640.93590000001
C-38692,44575.02150000001
C-18090,52837.660100000016
C-5861,36131.19389999998
C-41044,117934.1194
C-29154,30818.244800000008
C-49914,107400.89320000002
C-10031,0.0
C-8962,47479.23809999999
C-48004,0.0
C-26745,55601.84809999999
C-19302,58245.98779999998
C-40970,106860.91990000005
C-16415,28717.96399999998
C-47555,0.0
C-2770,104486.05410000004
C-3021,94020.40780000003
C-6303,27618.606900000002
C-13721,14506.427299999996
C-30124,23551.929799999998
C-32833,103353.95950000003
C-36042,0.0
C-28242,23515.58920000001
C-14843,45477.636800000015
C-28593,14654.9294
C-5638,12477.4365
C-219,0.0
C-42017,0.0
C-26701,127095.2471
C-36284,57389.71000000001
C-36086,31620.281099999986
C-31609,34454.6804
C-38393,89799.81210000001
C-42347,0.0
C-41416,21135.66729999999
C-27243,13490.662999999999
C-41644,0.0
C-15903,39206.39029999999
C-41518,22511.1217
C-41696,0.0
C-12046,60739.039800000035
C-37129,18225.848000000005
C-37098,22427.139600000006
C-23538,61446.1484
C-35101,80894.4101
C-28860,64562.34189999998
C-16964,27359.95779999999
C-2871,0.0
C-18796,59648.60719999997
C-26265,0.0
C-8954,84001.1412
C-45868,0.0
C-39051,12967.794899999997
C-25902,58548.9291
C-134,100181.8185
C-11823,51019.36790000001
C-8666,79363.35910000005
C-34926,52047.5988
C-14581,0.0
C-6807,16182.095800000001
C-26371,69102.77450000001
C-44134,9298.217
C-43149,63665.3551
C-21260,39871.2834
C-1117,50000.951900000015
C-49588,42683.8696
C-12452,30020.729699999993
C-23553,30018.1124
C-13875,55052.71770000001
C-36211,19449.6753
C-13377,10505.3845
C-37925,42667.664799999984
C-11159,12017.687300000001
C-44097,0.0
C-42023,41637.10199999999
C-49822,51625.66789999998
C-33922,95754.40559999995
C-18707,136284.45560000002
C-11147,23544.561599999997
C-4465,26742.700499999988
C-1577,54285.05220000003
C-11960,84030.09910000004
C-7182,66627.50740000002
C-40091,58311.89250000004
C-21054,110239.81220000003
C-25822,72634.81629999998
C-15143,11151.0079
C-1945,39922.91310000001
C-40511,133863.80039999995
C-4356,37350.29079999999
C-2078,47754.665199999996
C-25636,20727.263199999998
C-16947,26512.870399999996
C-15731,172764.48959999994
C-28967,97463.75040000003
C-2063,53386.04550000001
C-2334,46164.18590000002
C-28442,201447.83600000004
C-27047,79491.55769999998
C-9601,19609.762199999994
C-957,68878.7301
C-38487,73864.25050000001
C-11793,102337.7068
C-2787,12438.4732
C-48278,0.0
C-21877,113590.54280000001
C-37625,0.0
C-11691,15038.543399999997
C-14816,39728.02889999999
C-36584,108848.22269999998
C-5126,64415.05449999999
C-33687,39658.8203
C-38064,23461.023599999993
C-24374,57620.25379999999
C-23749,119785.18859999998
C-7942,21288.384400000003
C-16655,66018.81399999998
C-37317,28180.970399999995
C-37469,23425.8343
C-12922,59241.69080000002
C-24161,0.0
C-36221,108384.6479
C-35240,12884.976300000002
C-33092,48775.12240000003
C-43860,0.0
C-26221,22683.588099999997
C-36834,13829.112800000008
C-24577,14011.620999999996
C-20266,7189.355700000002
C-48568,0.0
C-15346,102181.49089999998
C-13668,66308.84409999999
C-28574,29112.767499999994
C-28643,51542.1122
C-1839,25081.315700000003
C-2105,131798.57259999998
C-35783,20061.5544
C-14594,42285.11460000001
C-25986,31033.838599999995
C-40128,64545.94329999999
C-4170,47810.630999999994
C-19643,17937.878899999996
C-4735,36513.592599999996
C-47903,0.0
C-49819,86252.78920000001
C-643,0.0
C-44320,0.0
C-32102,20650.4928
C-18804,25239.9336
C-18395,29615.883599999997
C-32277,40835.74000000002
C-30331,53597.960999999996
C-45179,566.864
C-6450,43234.501500000035
C-11223,58417.874299999996
C-3399,117197.04540000003
C-42791,31056.215900000007
C-41709,0.0
C-7424,48536.856800000016
C-42723,0.0
C-25196,144288.79319999996
C-43583,155796.35180000006
C-19272,26034.120399999993
C-40990,208440.3599000001
C-556,0.0
C-3002,22189.5431
C-2649,0.0
C-35775,27830.858000000007
C-13798,49482.203099999984
C-33316,134701.62730000002
C-48275,0.0
C-37613,114125.60309999996
C-23035,1692.5325
C-3310,6956.231
C-17525,113033.19580000002
C-4839,16754.302000000003
C-15861,127734.54830000002
C-32745,19166.9183
C-41651,48918.389800000004
C-10419,19506.573899999992
C-5691,107829.09519999994
C-4237,76324.3878
C-7943,30000.662900000007
C-48186,0.0
C-47124,0.0
C-44247,88650.27540000003
C-29184,36796.48349999999
C-27106,18252.288199999995
C-1804,22027.63729999999
C-47120,48733.02229999997
C-45106,15933.8205
C-21304,7967.773600000001
C-44339,58029.3912
C-37349,49909.80929999999
C-31321,33045.370299999995
C-47919,62930.03750000002
C-4317,28282.794799999996
C-6670,0.0
C-9367,107955.5642
C-25510,86153.62699999995
C-40096,41859.04640000001
C-10669,30343.913199999984
C-5319,127823.62369999997
C-4318,29508.531199999998
C-19339,50753.003500000006
C-31777,58876.068999999996
C-29966,111409.50629999996
C-26994,60472.28329999998
C-3929,32330.408700000007
C-15794,110406.78889999997
C-18548,16710.667700000005
C-4751,69891.62780000002
C-17504,59806.36499999997
C-45118,116736.04249999997
C-49690,63310.1587
C-19852,74483.71210000002
C-22045,162169.47669999994
C-42941,0.0
C-33509,20481.208099999996
C-14837,26533.1282
C-45486,9985.270800000002
C-8808,34192.2048
C-14376,46106.99300000001
C-1068,66117.18699999998
C-8294,18859.318
C-40272,66998.11489999999
C-48657,80517.37100000004
C-37512,101541.12299999999
C-32969,92378.68230000003
C-48333,53535.08470000001
C-13263,38465.50209999999
C-8777,82635.87569999998
C-8019,68125.80790000001
C-43155,89557.6526
C-10537,43646.39890000002
C-35837,42965.928700000004
C-15291,70273.833
C-49185,58297.25210000003
C-17483,0.0
C-1244,50138.18599999999
C-32938,21183.819000000007
C-43632,25239.6991
C-793,29798.6315
C-40262,0.0
C-7725,78380.5293
C-43053,0.0
C-5757,42976.217300000004
C-32537,23361.091999999997
C-22896,68415.79999999999
C-950,83073.96260000001
C-26409,84499.2988
C-7296,31230.9068
C-32521,179039.5796
C-16695,70111.97990000002
C-10274,11072.6661
C-1840,0.0
C-45431,77445.23759999998
C-25697,0.0
C-19725,25482.4389
C-27954,15112.151700000002
C-26657,31946.737399999987
C-30914,0.0
C-26825,57656.16239999999
C-2899,31868.58319999999
C-31682,67600.89909999998
C-13811,26582.015
C-4337,30995.92619999999
C-6379,99430.16049999998
C-17308,0.0
C-47992,36848.0802
C-2169,40690.2187
C-33454,87160.77160000002
C-5799,14797.176599999997
C-6103,51728.933100000024
C-49435,40711.265699999996
C-41131,25022.01150000001
C-18937,75132.31690000008
C-38889,0.0
C-47539,34880.61989999999
C-1026,67704.0146
C-24071,14995.525100000003
C-27694,151615.72780000002
C-31518,0.0
C-34635,47064.96919999999
C-31358,105409.46029999999
C-9956,160007.40800000002
C-45804,0.0
C-20655,0.0
C-9343,112857.08209999997
C-19125,74411.867
C-19181,30460.951800000003
C-7674,69345.81450000001
C-41130,101265.31599999999
C-18677,47941.79029999997
C-13630,23742.05100000001
C-37626,115144.4164
C-27892,30622.091900000003
C-42564,0.0
C-23353,30268.487899999993
C-18866,53898.18429999998
C-32130,28988.42479999999
C-24545,0.0
C-48034,36942.01339999999
C-11371,115189.64929999998
C-1645,41549.015800000016
C-35327,28068.327500000003
C-26012,61271.33359999998
C-15222,38227.889400000015
C-49265,0.0
C-11487,54686.07109999997
C-14689,0.0
C-47385,7333.9036000000015
C-45749,62762.6883
C-18325,108767.96890000002
C-12000,18767.788199999995
C-18372,59816.8128
C-42579,33895.15379999999
C-4546,54809.3089
C-22795,31716.9053
C-7976,25155.30540000002
C-8646,39323.4698
C-5589,62479.09240000001
C-49897,24260.979399999997
C-15409,57315.52369999998
C-23080,87500.28060000003
C-22520,125111.6243
C-12465,29101.970800000014
C-28253,54699.855700000015
C-1851,41272.7724
C-10540,30352.310500000007
C-30297,156797.77140000003
C-24845,14423.184900000002
C-33370,0.0
C-48643,50494.44840000001
C-30564,28909.1422
C-2277,0.0
C-47596,98580.70160000009
C-30119,79915.89730000003
C-33415,42731.7128
C-41944,0.0
C-17911,92505.81140000002
C-40171,37275.0734
C-38832,30361.08330000001
C-19252,19921.172399999996
C-45276,8712.199700000003
C-39142,147096.68249999994
C-4404,114856.67889999997
C-16907,35060.18859999997
C-47861,0.0
C-38533,0.0
C-36508,24671.733100000005
C-20766,83393.9708
C-8190,99780.98739999994
C-34128,119748.06399999995
C-11776,81196.891
C-34191,31801.469200000003
C-40720,94609.99590000002
C-2874,0.0
C-11566,29979.6406
C-8804,48107.98569999999
C-15775,14977.9604
C-23624,58605.24120000001
C-12756,76517.39089999994
C-22101,34676.7905
C-40643,112075.76779999996
C-2969,120991.08410000001
C-2646,56638.37649999999
C-10410,24188.637
C-23870,70197.04610000002
C-19796,50862.39399999998
C-45959,0.0
C-28912,105685.74720000001
C-7781,0.0
C-35891,56063.09179999999
C-22959,31019.906499999986
C-9059,98253.30270000001
C-28690,120058.15840000003
C-8606,66861.35700000002
C-24885,0.0
C-18964,144651.44989999998
C-43143,0.0
C-8785,37698.16420000001
C-22205,38193.090500000006
C-40859,30165.892000000003
C-8249,49634.317199999976
C-25517,49994.92139999998
C-49350,0.0
C-23909,176408.67939999994
C-22258,0.0
C-29979,20922.272000000008
C-23277,36382.64879999997
C-42727,98337.9343
C-5619,46582.976200000005
C-13371,130376.3324
C-26182,37174.013200000016
C-7737,0.0
C-34606,0.0
C-28332,11383.090700000002
C-5703,24486.194399999993
C-44358,77579.05520000005
C-37073,0.0
C-17027,0.0
C-10833,90162.7784
C-25907,50543.496400000025
C-5601,42925.46420000001
C-20627,0.0
C-47524,16441.500799999998
C-10257,45400.41640000001
C-9091,93182.567
C-6416,0.0
C-14034,17036.120300000006
C-23121,30548.331300000016
C-46156,0.0
C-37048,13355.572399999995
C-29188,23727.208000000002
C-19005,47713.1337
C-6750,27239.384399999995
C-12407,113838.6024
C-28428,85250.30859999993
C-35523,35835.184700000005
C-5669,45721.7492
C-27850,96064.085
C-44867,0.0
C-49810,0.0
C-30087,119459.47590000002
C-12817,22752.485799999988
C-31155,39806.72960000003
C-9440,31844.835499999997
C-10887,19667.666299999993
C-21696,46593.4959
C-9756,76255.58650000002
C-36872,43787.24690000001
C-4901,57730.4919
C-8032,0.0
C-43178,45978.8106
C-956,75489.15070000003
C-28856,0.0
C-24279,17988.415400000005
C-49774,12039.059100000006
C-28563,210057.85710000002
C-1947,13821.8398
C-14589,104614.47139999998
C-45509,0.0
C-45326,43178.04980000001
C-10770,24917.15979999999
C-25174,153622.18540000002
C-49724,70473.07989999997
C-6277,24222.3728
C-19056,47454.72910000001
C-19079,94091.01100000003
C-9822,0.0
C-30985,21895.708900000005
C-34352,45311.03369999999
C-41464,59930.19659999998
C-32790,17586.91860000001
C-25608,144453.7195
C-26035,103856.26729999996
C-31139,22006.17019999999
C-25068,21524.016300000003
C-6889,25057.289699999998
C-5926,0.0
C-33355,64369.57769999998
C-4824,40208.14770000001
C-43923,78447.42609999998
C-10011,116848.39010000003
C-9131,90650.64029999997
C-40496,0.0
C-44931,0.0
C-5510,71853.18260000003
C-5068,31596.364699999984
C-19839,46690.76720000002
C-43344,0.0
C-18586,21304.424300000002
C-20176,8494.914800000004
C-2193,51991.61820000001
C-2234,36319.94919999999
C-24524,16254.156400000002
C-28202,57078.74459999999
C-40860,33558.832599999994
C-34366,64577.088699999964
C-40789,57399.265600000006
C-11783,53173.15459999999
C-47774,26024.2867
C-27016,18052.511599999998
C-28092,0.0
C-13660,154814.17839999986
C-15494,22749.802499999994
C-9300,53021.92589999999
C-41758,0.0
C-39820,43982.7723
C-4140,21853.92159999999
C-9368,16369.722600000001
C-38967,23477.625799999994
C-24343,171382.05550000002
C-42519,60433.83939999998
C-42543,125546.72919999999
C-17374,93786.71009999998
C-47526,0.0
C-7366,9977.723199999999
C-21139,49211.17599999998
C-34509,8011.523099999996
C-36289,7761.6992
C-14866,97050.56429999998
C-12603,71147.6048
C-17925,56828.47330000001
C-21683,43991.73240000001
C-18130,20169.251199999995
C-12431,85705.83180000001
C-1731,22072.840300000007
C-41661,0.0
C-23682,41878.52540000001
C-18553,174718.90229999996
C-12819,31362.536200000002
C-38153,26732.143099999987
C-48354,54086.30960000001
C-43544,0.0
C-41958,0.0
C-7172,40178.50529999999
C-44514,0.0
C-2861,45960.58209999999
C-36311,16316.933500000006
C-49678,58654.46599999999
C-19160,61746.50890000002
C-4643,8780.036600000001
C-17333,25907.399899999997
C-2749,14228.561300000007
C-40599,83676.14069999996
C-42806,19173.427700000004
C-47653,37515.9419
C-8051,53932.99989999998
C-4573,0.0
C-6474,0.0
C-38169,40262.05219999999
C-8227,25081.399599999993
C-32926,15683.695399999999
C-1276,43297.310200000014
C-15430,6367.665500000002
C-26540,72824.60220000001
C-26874,94004.46169999994
C-21766,78840.4463
C-24059,59272.82540000001
C-32895,78263.07629999997
C-10622,171252.86549999993
C-6128,5361.777799999999
C-8732,96730.33690000004
C-12924,14915.9375
C-39062,61647.01179999998
C-15493,120821.64959999993
C-11443,91250.85300000003
C-47701,34729.450300000004
C-42902,131119.59459999998
C-31961,29344.893899999995
C-11170,48581.25709999999
C-13078,30995.95960000001
C-43234,0.0
C-11375,18289.694499999998
C-26575,102428.2641
C-38445,12230.2383
C-49913,0.0
C-17373,36922.7889
C-15388,53152.81829999999
C-21287,74206.59220000001
C-10027,37641.472699999984
C-185,51417.85169999998
C-38301,23240.552100000008
C-43509,45540.22760000001
C-36077,41897.35859999999
C-14304,28639.99680000001
C-41605,0.0
C-48684,113373.5051
C-49866,69234.41010000001
C-29683,52899.17939999999
C-32060,81445.83930000002
C-8665,43666.71979999999
C-40854,55203.63460000001
C-16097,26175.601600000016
C-3049,0.0
C-3430,26876.154099999996
C-16492,60173.09649999999
C-34038,66036.62870000002
C-15450,22596.01159999999
C-6734,12952.8246
C-24506,14532.693200000003
C-22083,0.0
C-16135,26612.79040000001
C-29857,17484.026300000012
C-46035,0.0
C-43969,16877.7782
C-30727,39706.90659999998
C-28707,47084.40570000001
C-17325,92602.98
C-4740,34963.368700000006
C-26392,0.0
C-49506,0.0
C-23097,20793.955
C-7838,0.0
C-25807,169502.33050000007
C-22758,122192.44589999999
C-13594,111984.42699999997
C-28068,103612.24200000001
C-5760,71509.8234
C-15152,8198.3694
C-8257,29274.517299999992
C-43363,0.0
C-3285,0.0
C-11221,50822.236199999985
C-12768,38153.64129999999
C-40230,51284.860700000005
C-5599,43084.609000000004
C-34877,46125.10790000001
C-18119,121600.7085
C-44042,22616.067899999995
C-13296,0.0
C-37969,27263.346599999997
C-47828,0.0
C-21923,38998.431199999985
C-8736,40168.284899999984
C-37732,38241.5926
C-21954,62257.461899999995
C-27278,60859.71810000003
C-16100,0.0
C-13919,67334.21510000004
C-5303,31737.873600000006
C-34004,48783.585999999996
C-29068,41599.605999999985
C-30763,71272.4595
C-6292,35610.46179999999
C-19645,193190.82569999993
C-14478,0.0
C-1145,8652.034799999998
C-11827,86497.85010000004
C-49892,0.0
C-1262,49354.002700000005
C-3566,0.0
C-48842,104302.61680000002
C-16262,67257.49650000002
C-22259,14513.2482
C-48704,262.2255
C-27910,0.0
C-15813,0.0
C-36823,67333.1377
C-2714,15110.499700000008
C-32449,20658.5079
C-36325,18951.4714
C-10517,36313.611000000004
C-16842,40649.69130000002
C-7020,22270.4225
C-11728,77350.91560000001
C-38121,0.0
C-4373,14947.392400000006
C-7239,42290.8257
C-40440,55293.17890000001
C-2692,64165.9749
C-4216,115988.88190000001
C-32562,27901.4076
C-33255,81787.9935
C-36244,46341.0476
C-32394,98224.7863
C-18718,10246.455199999999
C-48672,28165.109700000008
C-1301,103805.41129999999
C-43299,72268.28880000001
C-44393,63806.70060000001
C-43542,0.0
C-26080,30583.09809999998
C-44294,0.0
C-28896,99768.18850000005
C-23704,63284.45200000003
C-26651,96955.0148
C-5023,26604.9938
C-46806,0.0
C-12259,61894.308600000004
C-44882,74420.55780000001
C-3182,61925.36050000001
C-24831,28199.09139999999
C-49547,37352.63849999999
C-20713,0.0
C-9238,17126.279399999996
C-30031,48600.14800000001
C-33242,48521.097200000004
C-42589,44607.02880000001
C-22919,0.0
C-31875,38144.2399
C-40492,72533.42709999999
C-33275,41043.7743
C-45764,86299.7261
C-37517,79194.6768
C-44296,73444.31869999999
C-31148,42314.42930000002
C-29114,0.0
C-1313,38784.16099999999
C-25568,78985.71600000001
C-21426,52490.50699999999
C-14140,56340.39499999996
C-20886,31419.171199999982
C-33302,0.0
C-8948,95304.86320000002
C-30367,20599.008
C-46914,26678.493700000014
C-22704,39841.14309999998
C-23569,93987.5755
C-42215,0.0
C-8893,28093.038200000003
C-15256,43474.98439999999
C-46181,0.0
C-48838,0.0
C-20323,42751.6882
C-2569,76957.06070000002
C-35745,0.0
C-9173,20179.596499999996
C-14390,28995.2459
C-41887,0.0
C-23863,10973.949
C-2583,50844.50899999999
C-4829,41055.53329999998
C-20849,43888.623899999984
C-22047,17548.983099999998
C-45403,0.0
C-46121,106848.17380000003
C-41247,22712.389699999996
C-9252,28795.773499999978
C-31235,0.0
C-15462,68759.3942
C-19954,22379.886400000003
C-41716,0.0
C-3259,64839.95440000004
C-34031,23019.389100000008
C-28374,33848.863999999994
C-8758,78191.17569999999
C-34000,24289.366699999995
C-25084,0.0
C-48041,38740.49689999998
C-1953,79567.5255
C-9848,37020.07169999999
C-12698,50700.17919999999
C-23113,17133.748499999998
C-42107,0.0
C-19462,28715.70659999999
C-13984,57058.16949999998
C-19569,44542.089499999995
C-41503,0.0
C-40118,14569.046400000007
C-20199,38532.8962
C-39106,96803.80819999998
C-10999,22308.0996
C-26109,86869.52110000006
C-48139,0.0
C-30127,24455.345
C-29067,96700.29999999996
C-31918,32723.10569999999
C-48942,0.0
C-40385,27998.240500000007
C-8716,48144.014200000005
C-1163,52887.3633
C-9084,65549.39390000001
C-16587,58771.1425
C-43179,0.0
C-27546,57768.28289999999
C-42522,104047.61819999998
C-40244,73911.39400000001
C-26473,24898.401600000005
C-4847,93219.08870000001
C-39685,0.0
C-31526,0.0
C-29902,16875.29200000001
C-27394,112254.60229999995
C-44467,0.0
C-16042,26438.326699999998
C-34708,88763.86810000002
C-40019,100852.05450000003
C-18430,0.0
C-17655,28421.276399999995
C-10936,68085.24010000005
C-40113,78707.26630000005
C-25016,6171.8685000000005
C-43047,0.0
C-20169,25142.9874
C-6770,23700.661299999992
C-34478,159789.277
C-5030,0.0
C-45009,13856.305199999997
C-38201,0.0
C-8681,27699.291499999985
C-1813,28180.540299999993
C-23497,0.0
C-30489,46946.913200000025
C-19081,51260.149000000005
C-6140,28538.733000000007
C-28403,19375.622799999997
C-10320,0.0
C-29827,65583.5234
C-5411,0.0
C-41756,0.0
C-16016,24475.7481
C-46635,0.0
C-29056,66714.8719
C-20860,56723.609799999984
C-20073,54274.282999999996
C-31048,48399.19000000001
C-34492,45944.013
C-28990,0.0
C-3739,45440.3474
C-39296,126711.25369999994
C-36166,35636.8669
C-46576,918.2919
C-14205,0.0
C-22757,0.0
C-44740,9755.5087
C-17342,43356.40209999998
C-49089,41784.97100000001
C-9040,36983.533500000005
C-32994,78882.87650000001
C-28309,66948.98989999999
C-42329,31621.865499999985
C-58,29927.40050000001
C-33568,57168.59219999996
C-22856,53098.56200000002
C-6257,0.0
C-21096,25830.419700000002
C-9193,95043.72220000002
C-45971,0.0
C-27395,25746.933400000016
C-32762,68526.85269999999
C-10573,13862.125299999996
C-13608,68485.91750000003
C-34298,80875.92970000004
C-11113,29632.054999999997
C-6189,81658.9304
C-8477,47634.2968
C-10056,27342.568800000026
C-47166,0.0
C-3625,31193.248399999997
C-16113,29011.8954
C-7291,34828.90129999998
C-48284,88706.22850000001
C-2629,69143.59270000002
C-18503,114163.24450000003
C-24072,21230.9115
C-25858,113645.19679999998
C-31232,62337.12130000002
C-20523,87055.09010000003
C-24307,0.0
C-36770,123424.14649999993
C-14788,20588.235199999992
C-38016,16414.7744
C-15733,0.0
C-37589,77317.67950000004
C-33230,28140.777599999987
C-36700,17882.197600000003
C-2859,0.0
C-30324,107377.82540000009
C-28653,57133.77140000003
C-10666,168756.18299999996
C-48902,54770.38850000001
C-28435,100404.85220000001
C-4159,23004.242600000016
C-23496,27626.68860000001
C-7456,56649.588399999986
C-15632,151860.73549999992
C-17370,49182.61240000002
C-14347,0.0
C-38403,0.0
C-49563,0.0
C-16500,66874.17800000003
C-49787,41318.8738
C-19719,116165.92459999997
C-47381,0.0
C-45573,12378.228899999998
C-39021,95792.47550000004
C-36044,37182.448799999984
C-45885,0.0
C-19497,111137.90620000001
C-27415,152400.4887
C-30257,90671.53759999998
C-11455,8323.418699999998
C-22672,0.0
C-43982,74109.71310000001
C-33632,70366.76630000002
C-26101,112910.90169999996
C-29753,28813.2221
C-37802,44213.19180000002
C-49214,102761.81059999997
C-8360,128221.33970000001
C-34730,43748.74170000002
C-15385,0.0
C-12009,111447.09459999997
C-5494,59401.3938
C-18737,26757.743099999996
C-48493,28962.80809999998
C-7745,88086.16840000002
C-48893,72755.18850000002
C-45712,35253.64220000001
C-16773,18991.884000000005
C-377,0.0
C-46760,0.0
C-36439,9325.452
C-17581,38811.20579999999
C-21853,16989.771099999994
C-24162,86680.19180000002
C-23431,0.0
C-15136,48775.44080000001
C-8173,120600.32639999996
C-20067,36620.700099999995
C-26726,113722.37420000005
C-29254,65326.2836
C-7989,56918.97999999998
C-12558,44406.2578
C-30641,42426.51140000002
C-46585,0.0
C-16253,18440.8806
C-40980,87820.87950000005
C-14151,85698.06719999999
C-32035,80936.1634
C-8996,46563.16270000001
C-27943,13984.085599999993
C-5083,51500.4272
C-48849,28667.210199999983
C-34235,170951.61399999994
C-1073,102963.3658
C-48455,11638.751499999998
C-12471,82984.28559999999
C-47301,0.0
C-46482,27159.5295
C-21486,101224.8748
C-2746,50325.17820000001
C-6737,50832.184400000006
C-44345,0.0
C-1124,100228.05679999998
C-27602,129667.81430000001
C-47814,80563.54820000003
C-39662,51861.570199999995
C-30803,83229.99869999998
C-4386,0.0
C-36021,0.0
C-35944,45935.36700000002
C-29139,141408.6669000001
C-1458,0.0
C-37186,64462.42660000003
C-10144,27054.883899999993
C-2486,89907.5775999999
C-15258,0.0
C-43004,86023.53880000001
C-45626,0.0
C-34459,27190.816499999994
C-44020,10258.9172
C-33815,34363.37360000001
C-9817,56529.18930000001
C-40758,28367.93380000001
C-19261,0.0
C-16250,58441.246
C-12112,37667.08399999998
C-40081,130498.52259999998
C-14169,87095.7263
C-40753,90555.08959999999
C-21075,78923.60480000003
C-209,107485.74920000002
C-28723,16439.407499999998
C-8384,13706.337099999997
C-24710,67032.80489999997
C-10815,26509.128900000007
C-48481,14301.201400000002
C-25158,41816.90489999998
C-16452,34892.7647
C-18033,45072.1168
C-7120,0.0
C-21479,52698.3746
C-33978,75519.44409999998
C-19024,33876.148799999995
C-12092,90336.45689999998
C-29058,16282.865599999996
C-6294,15921.143999999993
C-45783,0.0
C-25788,12679.373700000002
C-17452,24381.9576
C-32973,61054.26459999998
C-37672,192375.9017
C-37335,56727.34779999998
C-34136,6110.042300000002
C-43061,1672.9194
C-26811,20475.9228
C-7378,112832.43099999998
C-13862,45572.193600000006
C-21747,66638.95719999998
C-7236,8545.5933
C-12310,46641.233700000004
C-24609,28939.698199999995
C-4881,263200.2047000001
C-16144,62042.71839999998
C-4166,49675.1576
C-10245,50054.369699999996
C-7703,25703.714700000008
C-44076,0.0
C-36028,107037.6507
C-45994,41228.2437
C-26860,42015.9961
C-45381,0.0
C-32101,92633.4198
C-45650,59594.91540000003
C-6529,102780.3343
C-3249,124074.09139999999
C-14501,26974.035300000003
C-47482,0.0
C-9265,20670.4509
C-13907,10478.620500000003
C-31288,23433.756599999993
C-21128,21116.7694
C-31000,8725.107999999998
C-33830,45428.363100000024
C-5806,12731.806000000008
C-28960,0.0
C-14102,179806.6807
C-2002,67886.49200000003
C-38928,29424.049199999998
C-39637,58157.098400000024
C-11868,199576.73909999998
C-22410,0.0
C-24637,0.0
C-19825,49528.76369999998
C-21363,90230.62500000004
C-18787,61514.69759999997
C-28311,58817.76300000003
C-19240,36796.9468
C-2256,45016.428100000005
C-13465,78178.04079999999
C-41161,15912.105999999998
C-35320,122403.24669999996
C-2557,103530.82120000003
C-11901,84857.60310000001
C-13707,0.0
C-4691,27645.79469999999
C-4948,115628.00720000005
C-35013,0.0
C-25560,53504.9773
C-15549,42207.1454
C-17882,26256.7909
C-48217,1351.0855000000001
C-5734,11330.488299999995
C-13381,6393.752599999999
C-44831,0.0
C-21453,133019.58760000003
C-23931,133669.61320000002
C-46714,118060.38240000009
C-22735,93802.66589999998
C-15846,37267.83369999998
C-13910,93698.89450000002
C-541,12427.311700000006
C-23722,24675.51600000001
C-23468,0.0
C-12670,24467.1515
C-31052,53119.81080000002
C-47929,0.0
C-18679,78226.95640000002
C-23467,84053.62409999994
C-49976,204221.19190000006
C-13841,41672.388899999976
C-26539,142950.83510000003
C-30850,21395.258299999998
C-20498,17383.7415
C-46865,0.0
C-31402,140672.05949999994
C-42130,226592.78519999995
C-30786,31340.954200000004
C-31663,16578.0398
C-38513,31205.170000000006
C-15261,41182.52050000001
C-38486,0.0
C-1267,177084.47909999994
C-43362,0.0
C-20821,44105.611899999996
C-44201,0.0
C-25502,44121.01690000003
C-14087,63512.280499999986
C-19974,0.0
C-10683,0.0
C-4117,16553.7675
C-19200,43971.62230000002
C-47276,93153.74949999998
C-18041,68510.44040000002
C-46686,44107.73549999999
C-19372,88248.99829999998
C-21338,0.0
C-46659,43647.40240000001
C-40708,87201.53280000003
C-17376,55079.06310000001
C-9635,40093.53399999998
C-30329,27828.6362
C-22794,73289.97350000007
C-13945,12886.437700000008
C-42021,47535.48700000001
C-527,27161.013300000024
C-32612,96327.94390000004
C-40428,42983.09390000001
C-8175,161558.91539999994
C-25335,92333.02450000001
C-36559,38315.25249999999
C-34181,16124.092100000003
C-49559,14116.132200000004
C-27473,54663.449099999976
C-20106,60561.461700000036
C-43623,0.0
C-11795,43174.762299999995
C-26607,73925.335
C-26525,136732.25240000003
C-23680,54475.16010000001
C-5423,24984.856300000003
C-16050,92379.49419999999
C-38447,10696.993700000006
C-15603,112503.37310000001
C-49509,259.2452
C-25695,25250.093599999993
C-25058,49445.9756
C-26949,47459.79960000002
C-27148,97871.28480000002
C-43092,0.0
C-183,126477.21119999999
C-31036,36342.66410000001
C-25122,0.0
C-13491,58099.83760000001
C-43972,0.0
C-3330,115862.09989999997
C-32302,40605.2481
C-34102,105183.6418
C-4632,20723.125299999992
C-17897,9452.6437
C-48972,0.0
C-32343,95539.68650000003
C-45024,27242.347900000004
C-819,139494.03030000004
C-46967,0.0
C-26832,150600.65879999998
C-24818,49003.504700000005
C-45461,0.0
C-40987,23610.650000000005
C-3610,0.0
C-37574,60222.531399999985
C-10490,86002.58860000003
C-43755,134.3392
C-9457,101152.9926
C-20468,0.0
C-39647,0.0
C-23024,219291.2425000001
C-29074,54053.498999999945
C-34896,21528.227100000004
C-17689,90734.5435
C-16146,79382.0164
C-37020,31522.5533
C-8307,19493.988400000002
C-2134,8128.4430999999995
C-13904,0.0
C-21181,21191.3657
C-19484,26175.190100000003
C-10745,45517.021499999995
C-38407,0.0
C-25107,117305.16780000005
C-38115,21080.348999999995
C-24731,61661.018300000025
C-106,79491.89040000002
C-3281,23791.780099999985
C-5520,67163.35340000002
C-33562,33578.2298
C-46361,102357.11729999998
C-29222,55734.29010000001
C-19041,41845.898899999986
C-13258,44838.30220000001
C-32177,35957.4381
C-10266,0.0
C-3894,49716.365699999966
C-46377,0.0
C-7106,90776.1472
C-1850,0.0
C-8353,60419.25719999998
C-39289,0.0
C-14761,34428.171700000006
C-23984,53404.37549999996
C-49865,0.0
C-17972,14610.147200000007
C-26328,33460.73540000001
C-31589,49077.28849999999
C-653,95582.8067999999
C-37069,82501.39190000003
C-46267,0.0
C-46291,0.0
C-41904,0.0
C-37078,50645.82280000002
C-38651,18903.685599999997
C-9376,11819.803899999997
C-16710,19977.804900000003
C-27557,65976.5967
C-4282,53585.04799999999
C-3085,77947.63390000003
C-12988,117119.35979999996
C-26240,0.0
C-31493,53333.623700000004
C-39810,57472.28029999999
C-36800,12847.004500000003
C-9616,7357.7739
C-7769,145139.48429999998
C-3661,45841.51979999999
C-29740,15286.496000000001
C-35302,79020.28679999997
C-18281,60638.10000000003
C-1430,12874.756299999992
C-21542,12984.223999999998
C-11156,0.0
C-23922,53811.12749999997
C-46074,34342.764900000024
C-13637,27201.56560000001
C-9677,88571.646
C-26485,62778.905199999994
C-4436,141378.854
C-13524,110693.60599999994
C-6792,56504.62450000003
C-31433,111902.94119999999
C-33613,38106.10400000001
C-42316,0.0
C-30814,64061.719900000055
C-37241,56228.45410000001
C-38187,21837.2226
C-1398,83459.82059999999
C-37445,65356.85240000001
C-30369,73346.22410000004
C-39137,30709.325799999988
C-12983,48973.23879999998
C-37958,0.0
C-46462,0.0
C-26849,61758.483699999975
C-28534,0.0
C-13209,28650.5236
C-36678,66325.13160000001
C-49312,45925.59870000001
C-15449,94454.06049999999
C-18017,50626.18710000001
C-1255,26547.464900000003
C-21876,116507.09499999994
C-45620,111436.66780000001
C-18488,41136.87919999999
C-47056,0.0
C-14279,8148.275899999999
C-6228,193530.4804
C-32821,162717.64269999994
C-21651,16951.786299999996
C-44848,0.0
C-46555,0.0
C-7167,75209.83330000001
C-89,35677.549100000004
C-8809,15402.638799999993
C-2744,27925.833300000002
C-44463,0.0
C-3755,109702.55169999997
C-4163,0.0
C-16641,53094.267700000004
C-49587,88287.20899999999
C-29384,20027.767800000005
C-26047,12488.339899999999
C-17845,65094.59719999997
C-14269,66294.01759999999
C-44148,0.0
C-5845,62748.2852
C-5900,15941.559800000003
C-48833,158151.93860000002
C-37738,89088.38690000003
C-2951,0.0
C-42636,82334.72369999999
C-34089,77657.26270000002
C-49178,74343.0665
C-6633,59676.54980000001
C-28930,26697.361900000004
C-5106,45732.93629999998
C-46913,11007.6777
C-37197,51757.98059999998
C-24689,0.0
C-33721,9941.974200000002
C-934,148961.06699999998
C-14828,102991.40950000001
C-48369,0.0
C-19437,17660.7558
C-14692,76403.99599999997
C-31154,33850.50170000002
C-362,48595.77629999999
C-49356,160426.94460000005
C-35700,69044.54880000003
C-13407,73511.86719999996
C-18538,20351.933299999997
C-18974,112644.01380000004
C-22363,20064.5228
C-47022,0.0
C-16320,48316.928199999995
C-48072,6663.769300000001
C-29628,39595.702699999994
C-36577,29011.629500000017
C-8538,224648.34180000014
C-49813,0.0
C-19068,9351.910600000001
C-35563,81472.26270000002
C-30393,62504.368299999995
C-15090,90244.16159999996
C-45511,0.0
C-16326,20288.448999999993
C-14026,27943.82249999998
C-25278,30724.231299999974
C-35579,34975.57879999999
C-15012,31846.50449999999
C-30344,58584.761499999986
C-9284,86382.76059999998
C-35905,90501.42740000004
C-16102,0.0
C-24119,0.0
C-2516,54625.784700000004
C-11695,87091.92869999997
C-43131,356.0273
C-11029,39863.62730000002
C-16245,111766.34570000006
C-38332,46549.77300000001
C-41611,0.0
C-396,10025.107699999999
C-15799,63278.10180000002
C-43935,0.0
C-3502,0.0
C-24830,54495.989799999996
C-15944,174812.11920000004
C-27859,59662.10469999999
C-20062,27750.61060000001
C-28450,123829.19940000001
C-38903,60709.60420000001
C-16882,18943.2412
C-17029,12631.394600000005
C-49667,36083.38649999999
C-48670,126016.46710000002
C-43918,175.40630000000002
C-28514,108628.66990000002
C-38532,0.0
C-26698,0.0
C-16126,25872.6362
C-41114,27420.1319
C-27013,32846.482100000016
C-36962,41612.440900000016
C-10170,29388.210600000013
C-2327,16236.473000000004
C-8639,117109.45260000002
C-37000,77975.18759999998
C-36029,60639.57210000002
C-19979,57235.89869999998
C-19452,27158.229600000013
C-36893,67201.11780000002
C-40153,96812.01259999996
C-27040,40978.0487
C-12291,81096.56090000004
C-32329,46242.99159999998
C-38901,88912.064
C-13014,44464.90719999999
C-11166,95695.31410000002
C-7299,78938.56740000001
C-31641,22569.337100000004
C-34905,44893.55069999999
C-23819,0.0
C-47457,28030.183100000006
C-40607,28432.052299999996
C-12096,62183.87289999999
C-29859,41763.7303
C-41013,10128.085200000005
C-4968,88761.59710000003
C-19360,45270.000199999966
C-22531,27531.281399999993
C-7822,64135.57340000002
C-17705,59884.590899999996
C-4394,90187.97120000001
C-36809,26823.022399999998
C-22511,0.0
C-39198,57094.44480000003
C-4913,100661.32879999997
C-7000,61302.895500000006
C-35606,102780.51539999996
C-44395,0.0
C-33574,0.0
C-32812,8867.721000000001
C-36719,0.0
C-39557,61862.013800000015
C-1917,12370.384200000002
C-38857,37799.75130000001
C-8543,65007.13949999998
C-16364,23206.93730000001
C-35227,125861.4216
C-16980,36476.7459
C-5856,112393.67810000002
C-35603,43392.9298
C-5742,69393.6765
C-2214,0.0
C-34281,0.0
C-41083,47352.97109999999
C-2878,173843.45119999992
C-40392,31157.47930000001
C-5921,61207.373299999985
C-13837,42078.668000000005
C-48699,463.1868
C-18320,14484.164400000001
C-36467,108331.21480000002
C-10428,71017.63080000006
C-47332,8446.019099999998
C-12301,34210.34310000001
C-32659,28049.180999999993
C-30987,66954.98940000002
C-5889,57165.09940000001
C-26564,0.0
C-12238,110901.96599999996
C-47324,0.0
C-38063,24317.072599999992
C-13508,28160.39250000001
C-4543,0.0
C-7536,65280.18409999999
C-27882,11455.119700000003
C-15527,37420.07009999998
C-34334,22988.723799999992
C-5265,69344.4852
C-36683,119675.38820000004
C-28660,203215.30899999995
C-38166,66152.5021
C-11562,134477.0538
C-38499,0.0
C-4398,0.0
C-13042,84993.4292
C-45827,28876.572800000013
C-26059,22041.87790000001
C-25728,28948.747300000014
C-28865,68212.04980000004
C-5696,49866.4406
C-17389,190654.7730999999
C-8000,18729.8127
C-37315,66982.67420000002
C-22860,0.0
C-26594,23759.032600000006
C-30645,62708.10040000001
C-12524,88490.56020000004
C-35079,0.0
C-31836,45048.30610000002
C-46564,124736.24690000001
C-40286,108552.76490000002
C-20950,123180.29460000002
C-42064,1428.6153
C-37603,19055.812299999998
C-43896,66024.41209999999
C-43380,119971.6261
C-20900,27023.973499999996
C-16381,94496.17349999999
C-25157,92550.63470000002
C-647,53486.73339999999
C-11177,117489.46339999996
C-42757,35468.9028
C-40557,199584.92980000004
C-4958,9799.531699999998
C-17994,59114.003500000035
C-47451,0.0
C-24945,75761.75170000002
C-21248,6820.435099999998
C-39149,149097.56669999997
C-44389,95155.29
C-40933,8486.359000000002
C-30736,22447.7678
C-22864,81542.85170000001
C-10567,46177.30790000002
C-37988,103580.13739999998
C-49316,56106.68599999998
C-40812,80469.63660000003
C-31656,157993.29450000002
C-25970,20687.19760000001
C-47258,0.0
C-17396,84007.38890000005
C-20533,33272.23369999998
C-35884,97683.73640000002
C-21536,48732.965100000016
C-16948,0.0
C-1771,0.0
C-11581,51678.8742
C-19054,112373.57330000003
C-13003,63582.396799999995
C-13276,21101.29370000001
C-49974,0.0
C-35016,76630.92340000003
C-20492,55435.9663
C-13746,0.0
C-42966,50084.003000000026
C-13282,129866.95670000002
C-17909,23132.75499999999
C-41511,0.0
C-2990,94949.13200000003
C-3980,76960.52940000003
C-12980,1026.5389
C-37876,15686.384300000007
C-4695,109157.34909999996
C-10385,78898.57140000003
C-3809,115474.91349999994
C-43488,52984.19570000001
C-11504,43076.2767
C-7587,60237.64640000006
C-9607,42874.112700000005
C-38250,29963.229099999993
C-36558,131030.04159999998
C-8014,12694.497100000002
C-13596,18480.529899999998
C-30582,0.0
C-30021,18924.4849
C-18258,101884.16829999998
C-47417,0.0
C-48343,18302.0603
C-49890,139232.3247000001
C-24979,73280.22489999999
C-34908,41063.816299999984
C-23517,119423.85739999996
C-12995,0.0
C-3177,29719.672599999994
C-43422,39225.3875
C-810,0.0
C-23230,19665.27449999999
C-15969,39401.979499999994
C-48865,0.0
C-48168,0.0
C-27948,39553.23909999999
C-13588,30458.302699999986
C-22222,0.0
C-46909,0.0
C-46719,152641.93000000005
C-48561,118143.07090000002
C-33590,36746.48779999999
C-6465,33128.9588
C-26717,68340.1646
C-34944,124433.52779999998
C-43280,1198.0968
C-2419,80205.14040000003
C-11724,50688.02009999999
C-7460,96311.12610000001
C-38521,0.0
C-41788,0.0
C-33463,0.0
C-16161,15345.932399999996
C-49024,107846.87960000001
C-19025,69986.60669999997
C-37109,15359.461800000005
C-6430,136965.66609999997
C-1380,37604.94240000001
C-13361,20613.870699999992
C-3078,122308.68530000006
C-11143,0.0
C-9634,58429.5304
C-41067,79747.97609999997
C-33223,0.0
C-3974,3299.945700000002
C-24044,148879.0001
C-29243,0.0
C-37475,112823.67850000001
C-13969,25316.004699999998
C-45863,431.3707
C-23780,0.0
C-42163,97745.51990000004
C-39856,0.0
C-7496,0.0
C-42894,123098.58869999992
C-49730,0.0
C-37419,0.0
C-4380,33219.98580000001
C-43713,419.1207
C-5045,26085.204299999998
C-12353,119889.29119999998
C-43673,175.40630000000002
C-24756,35353.58139999998
C-24647,118779.57609999996
C-207,100954.6985
C-18777,30094.65210000001
C-33276,83914.92930000002
C-20392,46632.9024
C-47823,8896.1863
C-3602,0.0
C-27911,45270.427100000015
C-13758,42932.634499999986
C-46679,35708.670499999986
C-36420,39620.15359999999
C-14075,90868.26600000002
C-39863,0.0
C-24035,62626.78649999999
C-34287,70756.04740000002
C-26828,0.0
C-21739,113099.2235
C-21451,37620.46770000001
C-48862,776.8639999999999
C-7275,64360.28269999999
C-5002,146238.03819999992
C-11940,65556.546
C-9771,0.0
C-46859,47019.6933
C-30551,62386.46740000001
C-19159,0.0
C-43671,51187.61910000001
C-23125,104092.86979999999
C-33813,61472.62939999998
C-3255,99849.14050000002
C-18212,44072.81489999998
C-8069,0.0
C-45366,0.0
C-15031,40954.57759999999
C-27798,90238.85839999994
C-10353,69576.79510000003
C-45521,30538.38500000002
C-25181,0.0
C-8490,8104.5044
C-6789,75371.65630000003
C-9527,43859.93249999999
C-26902,0.0
C-36534,86694.93119999999
C-35442,29446.831399999992
C-39696,34048.9238
C-42783,0.0
C-31361,117262.08209999996
C-20621,93329.26709999997
C-7599,45741.23090000002
C-24378,12998.564300000002
C-16170,54290.8875
C-14724,22235.214300000003
C-20279,0.0
C-3183,103612.08750000008
C-7091,16921.898100000002
C-33081,35955.600099999996
C-10507,57954.988500000014
C-6997,74178.28550000003
C-30752,30954.2164
C-29646,40142.833900000005
C-24514,52512.96329999999
C-21587,27723.960199999994
C-8816,0.0
C-44550,13121.333199999995
C-41741,49094.53960000001
C-40536,0.0
C-35728,74840.29199999996
C-30594,12300.890599999999
C-45845,127255.88079999998
C-7550,63850.41589999999
C-49341,26912.843800000002
C-15624,24459.948199999988
C-17746,37993.05690000001
C-44745,0.0
C-29197,37161.1357
C-15417,69839.77930000001
C-45088,0.0
C-48686,2458.3336
C-14187,20195.560000000005
C-47052,0.0
C-19224,75888.6955
C-26033,94676.8661
C-30978,204582.2457
C-959,14624.956000000006
C-8561,44869.08810000001
C-28713,68654.68209999999
C-15087,29001.24039999999
C-49061,0.0
C-46801,0.0
C-29344,50515.38050000001
C-28212,0.0
C-46128,22662.584599999995
C-4099,26281.22720000001
C-20535,124050.68130000007
C-32902,17687.55259999999
C-25769,18106.674699999985
C-38267,53744.73499999998
C-2736,137176.50840000002
C-41542,18155.0489
C-384,0.0
C-35820,0.0
C-30469,30078.171599999998
C-26083,58711.259799999985
C-7134,20005.816800000008
C-28782,0.0
C-48012,0.0
C-20244,57601.258299999994
C-45606,140621.73799999992
C-38789,51951.64560000003
C-20208,88139.40890000002
C-1125,123153.32199999999
C-20799,21201.010000000006
C-195,42906.705100000014
C-43760,0.0
C-37418,0.0
C-2894,119184.96539999999
C-30037,0.0
C-4598,130195.40720000007
C-49838,113783.25760000006
C-4888,23277.578399999984
C-4286,100825.66609999994
C-4621,62842.01630000001
C-13852,36881.703300000016
C-36581,8267.383900000003
C-1622,52053.770200000006
C-24961,0.0
C-20532,25929.49639999998
C-7752,50537.44750000001
C-14705,215110.48590000015
C-38026,111580.5557
C-15911,38269.63909999997
C-47972,49973.443499999994
C-14208,46036.47
C-37272,0.0
C-17238,26172.492400000017
C-29294,54408.7321
C-13942,0.0
C-5022,26537.117499999997
C-10633,39159.05770000001
C-40608,9181.9645
C-40821,30697.03390000001
C-11342,0.0
C-43963,3570.1177000000002
C-22953,143588.02670000002
C-2061,100568.4275
C-8906,214529.6720000001
C-29564,1692.5325
C-4345,45112.225900000005
C-29710,21208.25809999999
C-17982,73016.37019999999
C-40843,0.0
C-11478,116963.79990000004
C-45414,50067.978800000026
C-16518,138492.26829999994
C-9293,24309.330500000004
C-11251,31937.195300000007
C-43478,48008.20300000001
C-23008,103324.06270000004
C-36223,46759.145300000004
C-42785,5259.1307
C-8761,61069.25320000001
C-14711,48108.63199999998
C-22852,58170.9421
C-15189,58218.15970000003
C-44107,0.0
C-39132,29956.712499999994
C-39272,137719.4762000001
C-26599,0.0
C-41059,31417.537800000013
C-18814,221715.5832
C-9191,98121.17150000008
C-2602,0.0
C-37948,33528.84669999999
C-33565,0.0
C-13380,18915.249099999994
C-25095,202429.34670000008
C-7578,711.4912
C-31939,41568.5069
C-44809,0.0
C-27238,75897.56059999998
C-31504,53467.4729
C-8930,0.0
C-42011,0.0
C-45386,0.0
C-12,54028.02590000001
C-14728,37755.603699999985
C-10521,45635.47900000001
C-45709,0.0
C-12165,7249.119800000002
C-13621,52019.907000000014
C-46595,266777.05479999987
C-20431,20676.309400000006
C-15663,18340.37360000001
C-2229,120118.25649999996
C-36376,78732.39310000003
C-23807,65196.974500000004
C-1035,0.0
C-43085,0.0
C-7376,51350.546999999984
C-1627,0.0
C-35410,124287.60409999994
C-19247,113745.4628
C-32436,28919.85000000001
C-24460,80888.14629999998
C-10995,40231.94330000001
C-16771,24734.570999999996
C-28073,31723.189000000002
C-42525,26015.095799999996
C-36239,76459.54340000001
C-20443,11401.714200000002
C-47177,0.0
C-15832,8775.88199999999
C-33713,83001.0221
C-28362,25127.835400000004
C-30228,60044.64390000003
C-41956,25907.441599999987
C-6217,163971.98290000003
C-39468,0.0
C-42324,124969.35029999993
C-39155,127365.86090000001
C-26527,94778.62399999998
C-35899,11999.893599999996
C-39586,33833.08940000001
C-28036,48291.13339999999
C-8400,58165.43889999999
C-39248,26771.077699999994
C-24046,21697.803
C-28479,89360.53100000002
C-35102,98526.39800000004
C-40652,148284.59699999995
C-498,86117.4971
C-23074,105425.49430000002
C-5888,24250.765900000002
C-36749,40674.72079999998
C-45350,29488.095900000004
C-22294,40601.07590000004
C-26584,42539.76080000001
C-47438,0.0
C-18012,64913.099899999994
C-2182,0.0
C-7577,0.0
C-2045,9156.083499999997
C-8697,0.0
C-27480,29209.781000000003
C-40427,21025.5432
C-25637,43499.3889
C-12850,0.0
C-27519,39771.46789999999
C-23281,6794.684399999996
C-4103,62245.993600000016
C-33406,39562.77879999999
C-10581,125802.62020000006
C-46409,0.0
C-9609,51313.83160000003
C-46319,0.0
C-31529,3457.4303000000027
C-13101,0.0
C-7740,10961.328799999996
C-33210,77432.5341
C-49480,0.0
C-2410,0.0
C-535,56183.20239999998
C-39988,0.0
C-25903,25339.991199999997
C-17205,38642.98519999999
C-6356,59714.63799999995
C-1636,63702.231800000045
C-36260,16379.995300000011
C-28444,45533.3659
C-32814,0.0
C-44750,66464.39490000001
C-22477,62285.14829999999
C-47465,108797.54289999997
C-29148,66618.88030000002
C-39259,26831.131999999998
C-46549,2868.4119
C-47921,0.0
C-44936,0.0
C-4870,16999.952
C-5015,28196.669299999998
C-33581,0.0
C-22369,15481.010999999991
C-32606,35492.27619999998
C-13834,52922.7017
C-15710,78603.62510000002
C-93,162496.15840000004
C-10395,64400.34040000004
C-9918,107814.1129
C-18071,64788.36730000002
C-18465,20514.5584
C-44580,0.0
C-14737,24836.237199999992
C-12834,109819.96609999999
C-21618,67587.95410000002
C-38834,147827.13929999995
C-16300,88651.24909999999
C-3878,180893.40560000003
C-29136,47613.54190000001
C-28178,14566.211800000001
C-36280,20269.816499999994
C-25952,22954.63889999999
C-32583,30640.225600000005
C-24549,92670.55399999995
C-44549,0.0
C-48718,80295.93750000003
C-35325,0.0
C-23748,45636.2855
C-27920,101211.38939999996
C-1363,57482.22749999999
C-36327,0.0
C-2798,37146.1609
C-38594,67242.08690000001
C-23546,61875.56530000001
C-619,41335.0315
C-26238,0.0
C-42073,0.0
C-34472,55392.03150000002
C-21856,106462.4
C-44649,23028.1208
C-4987,16450.808399999998
C-41699,19666.323999999997
C-5660,10769.396999999999
C-39512,0.0
C-9727,88569.79449999999
C-48153,0.0
C-41480,0.0
C-15558,104410.23979999997
C-46491,87339.9816
C-19709,43028.08050000001
C-45592,125354.09639999998
C-37412,39382.45309999999
C-17125,0.0
C-26735,88643.03050000001
C-22360,48397.37770000003
C-38410,0.0
C-29082,105803.78110000005
C-18135,33258.21230000002
C-29990,67853.02729999999
C-40303,174552.395
C-7272,14065.178300000005
C-597,0.0
C-31715,60600.968399999954
C-24447,18534.1685
C-49288,51444.546599999994
C-21364,171186.6798999999
C-36505,53712.40660000001
C-27839,22741.781300000002
C-24489,66866.12470000003
C-1733,57696.9371
C-1896,63108.3778
C-46188,0.0
C-42426,23524.28619999999
C-46926,0.0
C-44280,0.0
C-32964,0.0
C-34966,33575.07739999998
C-44568,61907.08210000006
C-23241,59477.3201
C-28807,55183.90329999998
C-31643,15506.638899999998
C-36418,45417.4909
C-7101,65985.3617
C-4218,9607.441200000001
C-43945,209420.51650000014
C-10623,20618.655799999997
C-23629,121088.83020000003
C-42934,0.0
C-30438,16288.773699999998
C-17008,79668.52360000004
C-39663,21747.036700000008
C-9187,17418.919500000007
C-29432,97007.36300000003
C-12626,174174.3697000001
C-13177,7561.226500000005
C-17259,17986.674899999998
C-15460,82327.67569999998
C-3514,6826.7912
C-6121,145559.7210000001
C-44713,115021.94310000002
C-14887,116605.90880000008
C-35718,63028.699799999995
C-9750,16302.118400000003
C-45297,36651.345399999984
C-40119,21446.147199999996
C-175,54242.49469999999
C-41482,93750.5583
C-33849,0.0
C-6327,0.0
C-10169,32164.432699999987
C-460,0.0
C-39092,10028.6456
C-45752,0.0
C-48001,0.0
C-31469,85127.23980000002
C-30397,52847.12870000001
C-19183,94397.52700000002
C-21168,142317.39320000002
C-47676,47722.38090000001
C-600,51597.688899999994
C-28112,96329.71189999998
C-7487,113307.82329999996
C-45162,139.7643
C-2539,62611.32589999999
C-22771,77256.32769999998
C-14773,20599.554000000004
C-7507,108974.62669999998
C-24809,0.0
C-15953,69145.91489999999
C-35193,214557.69410000008
C-3118,32663.4982
C-10488,84816.87980000001
C-15573,27437.090599999996
C-41670,16917.3212
C-39926,46946.354299999985
C-30559,33105.568099999975
C-21297,83702.13619999996
C-27666,57346.81080000001
C-27011,15362.115699999991
C-4274,47202.4689
C-38652,39435.3006
C-15987,7505.3956
C-20347,50976.141
C-34389,59313.76919999999
C-18706,148177.12909999993
C-20963,12457.503400000001
C-40419,11050.690500000002
C-1298,0.0
C-10572,43143.6375
C-7995,0.0
C-45952,29202.59310000001
C-22151,26564.94060000001
C-49294,0.0
C-5698,14779.125599999996
C-30248,21722.133199999997
C-36085,34250.441800000015
C-38963,0.0
C-33418,4049.6772999999985
C-46219,42805.6985
C-25671,31721.793700000002
C-2124,21134.5367
C-49697,0.0
C-46251,44305.5705
C-11725,107537.53489999997
C-27249,23528.54820000001
C-17361,0.0
C-41384,23125.773099999995
C-4143,122795.07139999999
C-17294,158981.77139999988
C-46548,0.0
C-46323,0.0
C-44066,0.0
C-7122,124888.87189999995
C-9336,0.0
C-2066,98183.73110000002
C-26224,104248.66969999993
C-23923,47703.820299999985
C-3102,52994.64880000002
C-32757,58882.59180000003
C-35088,119609.26540000003
C-29782,175590.01189999998
C-29718,59382.6677
C-24032,88871.1842
C-18003,56214.08549999997
C-42445,0.0
C-43393,0.0
C-22060,39011.467999999986
C-31157,143552.16390000004
C-38218,24694.799299999988
C-5199,36381.284
C-26135,64768.00500000002
C-48006,151285.41739999995
C-21470,58738.58910000002
C-8536,23997.6002
C-30199,55129.63029999999
C-12104,51556.864000000016
C-36408,47469.991300000016
C-41300,0.0
C-19149,17547.429500000002
C-30145,65283.51870000001
C-38051,46234.989399999984
C-30323,132135.56680000006
C-24280,113989.48170000008
C-4611,58357.16559999999
C-25009,47290.13370000001
C-42210,76191.79470000003
C-5948,50038.4188
C-45905,33725.629299999986
C-33217,0.0
C-13288,43342.34040000001
C-44611,17896.12480000001
C-43194,64894.16690000001
C-30670,24506.76059999999
C-39776,36691.16480000001
C-34292,49019.104099999975
C-364,13927.143300000002
C-16690,47373.84540000001
C-29971,18591.6787
C-25894,25368.208499999997
C-32726,27548.3246
C-18513,17681.272399999994
C-30056,117560.01520000001
C-39859,68375.1219
C-46151,31702.459700000003
C-40162,31029.33229999999
C-44672,269.0696
C-47797,0.0
C-36521,50164.716400000005
C-40489,58380.87669999999
C-10880,92397.30900000001
C-6478,45581.11960000002
C-49619,27845.205499999993
C-3196,20477.779299999995
C-20878,117781.19249999993
C-47945,0.0
C-29648,101975.35249999996
C-31984,103379.23719999999
C-18498,25083.47209999999
C-417,115433.34290000003
C-3867,42755.406100000015
C-17940,77480.31309999998
C-8448,0.0
C-18525,40054.51390000002
C-31557,31744.87790000001
C-49133,37065.7103
C-42620,31076.803299999996
C-45072,5801.222500000001
C-32317,0.0
C-35522,96284.859
C-42295,0.0
C-22563,0.0
C-39659,0.0
C-35306,13512.363700000013
C-11821,30678.3061
C-35025,80618.21
C-31065,46769.20869999999
C-18682,44300.97809999999
C-15941,11524.681800000002
C-45190,0.0
C-4145,65392.76600000002
C-15477,14992.245599999998
C-42799,45606.89680000002
C-16891,0.0
C-43874,0.0
C-39934,129907.06959999997
C-42682,156167.77810000014
C-12935,16493.121400000007
C-17619,22438.2262
C-30338,32192.448000000008
C-30503,41351.940999999984
C-42259,0.0
C-30524,189124.92369999993
C-30100,151432.75950000004
C-559,21379.390999999996
C-17552,45726.47470000003
C-25156,29515.9353
C-49615,0.0
C-47965,0.0
C-26549,35902.994399999974
C-23662,58199.75509999995
C-32009,20918.6583
C-19356,56345.438400000014
C-29076,0.0
C-17423,30464.289400000005
C-35612,29211.925599999995
C-32297,17517.654200000004
C-38631,38694.31859999999
C-23715,40356.974200000004
C-119,32810.309000000016
C-18089,90509.79089999999
C-33459,14621.520599999998
C-48548,0.0
C-42392,0.0
C-32827,122684.14610000001
C-5054,102363.2549
C-3462,39999.11660000001
C-19524,45043.11469999999
C-41142,13411.711600000002
C-20367,88534.34009999997
C-16066,55111.39530000001
C-33918,12857.447699999997
C-45588,130540.82350000001
C-10942,68157.5632
C-16309,50172.77569999998
C-1024,66201.34060000001
C-44980,73298.17419999996
C-42661,0.0
C-41144,48610.53280000002
C-45371,41890.96130000001
C-13019,74761.46459999996
C-38156,22725.966299999993
C-45996,29875.6827
C-30178,45122.90599999999
C-11290,22147.8873
C-3065,12387.7636
C-30425,33519.895999999986
C-30576,18542.3606
C-45423,0.0
C-22790,37419.356799999994
C-23608,123309.40599999997
C-27159,77863.12159999997
C-18061,25271.504900000004
C-33777,54910.33340000003
C-16613,29388.619900000012
C-34593,24817.80769999999
C-7869,99328.41299999996
C-14701,25028.763700000007
C-20501,130539.08860000005
C-37488,0.0
C-13768,13660.955800000005
C-28663,39698.140800000016
C-30854,0.0
C-6445,7093.588100000002
C-35815,33296.988000000005
C-44481,50631.1745
C-39400,10738.083999999997
C-47492,32809.497500000005
C-33159,25544.130700000012
C-1988,29543.138400000007
C-24803,0.0
C-40887,55027.2302
C-45607,0.0
C-21383,39810.9355
C-37571,77883.7823
C-44346,41361.05259999999
C-11904,9577.018100000001
C-18999,65453.70599999998
C-26552,61149.39130000004
C-34796,65075.65369999997
C-493,0.0
C-17767,0.0
C-35902,0.0
C-34724,27564.14079999999
C-29837,28871.980999999996
C-22682,62738.486899999974
C-36430,7542.902799999997
C-2732,62749.083699999974
C-38728,47310.10419999997
C-26862,39781.306500000006
C-5973,64286.39509999995
C-46952,182264.7525
C-17967,21733.811500000003
C-405,227433.21089999995
C-38579,25308.22649999999
C-4769,75918.3019
C-44511,64098.45810000003
C-44026,47089.590999999986
C-29021,0.0
C-11716,61783.227100000026
C-1059,57124.61539999997
C-5544,0.0
C-15566,34336.658400000015
C-26896,126952.41549999997
C-44815,48255.21050000002
C-28789,76798.77210000002
C-19212,17314.165000000005
C-10515,189106.56999999986
C-6444,9776.000199999999
C-7137,17602.6108
C-23806,64454.754199999996
C-13724,82037.5554
C-36039,70145.85899999998
C-35675,31616.587699999985
C-19916,43306.999400000015
C-2187,10904.8047
C-29007,51930.32030000002
C-33998,121377.87510000003
C-9359,15502.765400000002
C-4836,138946.4092
C-48867,110196.08769999999
C-3304,52269.850000000006
C-22055,22223.105499999998
C-49090,23528.542599999993
C-49226,41432.60349999999
C-9491,115547.09270000005
C-44337,0.0
C-12333,65388.392200000024
C-43170,0.0
C-33279,46913.69909999999
C-13120,132559.0883
C-35332,23871.878999999986
C-29692,56838.7715
C-2979,22058.87760000001
C-4412,58837.85490000003
C-36987,26444.45399999999
C-34956,41903.73150000001
C-6344,110249.54260000003
C-46766,0.0
C-47493,44524.68339999998
C-7712,77684.32720000001
C-197,28877.951199999992
C-4241,20254.71399999999
C-5467,41462.209900000016
C-30093,0.0
C-14302,35968.375
C-28545,24827.96830000001
C-47845,48588.520100000016
C-26340,134281.23840000003
C-41348,35260.70469999999
C-13489,56137.82060000002
C-33053,55575.98130000001
C-285,28939.9673
C-1689,32941.263100000004
C-39821,37182.7481
C-9955,28853.88550000002
C-12866,11997.428500000004
C-30305,45695.30309999999
C-1968,4588.870500000003
C-41687,62042.626000000026
C-46113,0.0
C-32056,65645.61839999999
C-6318,52422.51620000002
C-28267,124312.24769999998
C-23650,23006.5046
C-11387,48013.37260000002
C-5893,19452.05089999999
C-43173,72479.21359999999
C-13184,0.0
C-32385,61757.676199999965
C-11618,38812.473399999995
C-22135,20622.085599999995
C-48577,106077.46080000004
C-21672,34602.8975
C-37133,43857.65099999998
C-49305,81306.2717
C-46887,0.0
C-47565,57576.69299999999
C-38978,33121.699400000005
C-32222,26339.049500000012
C-38633,13669.819099999995
C-28589,221859.92320000005
C-25867,35999.777399999984
C-22573,41910.4259
C-32029,88567.64069999996
C-37436,23006.645999999997
C-34057,50749.16009999998
C-37989,32160.15129999999
C-39972,40221.527599999994
C-34900,33505.0505
C-31853,0.0
C-30766,88936.67920000007
C-22610,121666.36279999992
C-38856,91355.09840000006
C-46752,24427.913999999993
C-45986,148744.54790000003
C-24449,15091.376899999996
C-2773,10919.751399999997
C-33732,78355.59800000001
C-30335,133716.2496000001
C-6291,38037.161799999994
C-31746,73594.2268
C-1898,15934.9291
C-761,65345.06869999999
C-8250,54689.97529999999
C-27441,53860.643
C-4496,78739.41450000004
C-20417,113480.07100000001
C-39316,53600.18220000001
C-26955,17524.560399999984
C-5118,62130.72159999998
C-19361,0.0
C-43099,81891.91140000001
C-12890,0.0
C-49251,22979.184600000008
C-31455,26013.893500000017
C-14224,0.0
C-41678,0.0
C-28191,20178.16109999999
C-29293,20575.114799999996
C-11619,88443.0206
C-26894,24717.399400000006
C-26342,100562.41590000004
C-34439,0.0
C-40430,25812.797699999996
C-23677,47493.69589999999
C-31640,47278.965399999994
C-48768,48131.1941
C-37180,123840.62320000007
C-27686,15973.812599999997
C-30139,35001.312699999995
C-501,26115.71059999999
C-10366,13202.226799999999
C-6164,39891.87520000001
C-3832,26986.01049999999
C-8066,19187.80989999999
C-39579,35601.5906
C-48136,48596.95449999999
C-43999,12215.131900000004
C-24424,110456.96820000002
C-30115,44790.400499999996
C-20010,0.0
C-43511,4405.7955999999995
C-5109,0.0
C-20989,106123.72780000001
C-46636,80173.11099999999
C-45786,17081.315200000005
C-28319,9483.562400000003
C-24158,0.0
C-45387,3494.716
C-29498,7644.652899999995
C-37809,62426.809
C-29237,13920.184000000001
C-5907,98251.99569999998
C-38549,58041.83240000002
C-45890,0.0
C-23004,35187.6319
C-40104,34116.558300000004
C-44702,38176.8631
C-24157,76391.0097
C-2156,0.0
C-19348,0.0
C-39310,49979.190399999985
C-1746,80171.74759999994
C-13135,53359.4725
C-871,49703.12300000001
C-39212,0.0
C-16919,21834.0108
C-43951,0.0
C-29510,15802.357799999998
C-34456,55458.736799999984
C-5931,24276.608100000005
C-12137,57688.0026
C-17738,16848.610800000006
C-13931,0.0
C-23123,47225.170499999986
C-24089,15172.650799999992
C-9742,60676.885
C-13601,0.0
C-40014,65387.97139999999
C-46316,0.0
C-3432,23493.872899999995
C-38008,115261.79899999997
C-28238,9846.655999999999
C-22866,43983.9131
C-41212,79187.45900000002
C-18340,12642.860499999993
C-18146,0.0
C-47799,48729.792599999986
C-33954,58875.74729999999
C-18054,131923.72259999995
C-47748,0.0
C-11124,41326.5276
C-20930,33138.77999999999
C-159,8332.522399999998
C-48280,0.0
C-28468,7966.093900000002
C-36978,63607.85180000004
C-44819,73794.552
C-23383,60932.41200000001
C-23951,85580.50070000003
C-5498,81070.31910000002
C-4183,18624.7761
C-1283,15281.016000000001
C-34781,70378.9983
C-18693,90785.14599999994
C-42278,0.0
C-13982,13257.683499999994
C-376,39921.589300000014
C-33061,60825.4998
C-5342,31422.7906
C-26677,49889.916
C-17765,6138.025200000001
C-27136,35134.7931
C-14862,109041.65209999998
C-20557,32726.302500000005
C-23720,50311.96460000002
C-44570,115613.49920000002
C-15730,32047.716900000003
C-4599,83652.14990000005
C-7160,27131.6247
C-24797,28799.533399999993
C-40600,32348.52359999999
C-10531,53274.38570000001
C-32719,12388.5164
C-38980,72207.27159999996
C-17717,0.0
C-13143,0.0
C-27357,11798.746400000002
C-36125,109767.29680000005
C-35555,59183.55459999999
C-30418,0.0
C-9070,92524.6187
C-2357,0.0
C-44943,0.0
C-10204,53184.058000000005
C-46070,43021.002600000014
C-42515,71724.63749999997
C-47037,0.0
C-19758,13164.632299999997
C-24066,119926.23170000002
C-45523,220649.55270000003
C-45835,0.0
C-22013,84369.80949999999
C-23987,23247.245299999988
C-25561,42563.389899999995
C-42062,0.0
C-11021,90283.6694
C-9807,41418.999200000006
C-9809,75133.52149999999
C-749,31883.58920000001
C-41238,0.0
C-38920,22772.121
C-23559,71772.44790000001
C-33707,17060.910400000004
C-41338,0.0
C-11411,25636.135700000013
C-31866,0.0
C-37260,0.0
C-47151,0.0
C-44124,28754.22279999999
C-33868,52911.23290000001
C-35057,60595.47699999996
C-46508,24360.502399999994
C-42454,0.0
C-29169,0.0
C-46907,24426.87420000001
C-49671,0.0
C-15995,0.0
C-19346,82473.68610000004
C-24718,106116.25570000002
C-18791,82261.72229999998
C-45129,30516.030700000014
C-28371,0.0
C-7693,88094.64070000005
C-16994,160083.16479999997
C-15339,12162.1555
C-6531,0.0
C-2491,14669.344799999997
C-17330,80716.55080000001
C-6803,47224.821800000005
C-19019,63170.42799999996
C-28216,0.0
C-47932,87114.84189999997
C-18452,11012.0124
C-40266,60636.32109999999
C-6595,87302.0525
C-47649,0.0
C-32312,96486.4682
C-20892,0.0
C-11603,101649.1802
C-29577,154263.44060000003
C-46821,0.0
C-19382,0.0
C-3013,30812.3033
C-2684,77825.50950000001
C-8393,50751.731000000014
C-9636,127302.48030000001
C-20393,87015.37740000004
C-30630,155228.74750000008
C-5209,50081.97960000002
C-13739,70203.61829999999
C-40274,39728.3862
C-28205,27560.7281
C-21992,58598.875399999975
C-19792,43782.5767
C-27495,10425.703000000003
C-35089,43030.01119999998
C-27207,21816.977599999995
C-41335,84463.0557
C-18507,131704.46169999999
C-14086,48243.16540000002
C-25437,87489.4966
C-20670,16522.4053
C-46968,72198.6691
C-43058,0.0
C-33845,80934.79849999999
C-35887,54985.49679999999
C-20455,120253.2648
C-32646,37781.34769999999
C-25199,26207.58030000001
C-17794,30636.638999999996
C-26367,87266.01350000002
C-6540,58777.8125
C-45847,0.0
C-3634,55986.972600000016
C-23425,25912.59900000001
C-12001,116235.90199999997
C-38626,6205.9124999999985
C-23335,20317.460399999996
C-1939,0.0
C-27738,0.0
C-927,53822.817300000024
C-43387,0.0
C-11432,153625.074
C-19046,24803.02289999998
C-44418,0.0
C-7233,55591.40520000002
C-47159,0.0
C-10287,17420.148699999994
C-3808,71653.26340000001
C-12721,51166.73079999998
C-33708,84270.15350000001
C-29143,30492.216900000003
C-39345,28856.0676
C-25379,26421.192699999985
C-2616,12816.62030000001
C-27193,90239.58979999997
C-35821,19247.620899999994
C-5204,94471.93580000005
C-14451,12817.203500000005
C-38849,50934.04489999999
C-44396,0.0
C-24166,16298.692500000005
C-11270,24301.35470000002
C-39549,0.0
C-36861,11437.8363
C-12697,53398.4021
C-41256,0.0
C-37306,0.0
C-16236,8898.044800000001
C-5364,28043.864299999997
C-1159,0.0
C-37850,15328.7877
C-46502,175.40630000000002
C-19625,28090.38780000001
C-18327,20358.0985
C-18370,88756.05290000001
C-13957,68995.8728
C-12532,18857.783100000004
C-19030,9524.334299999995
C-40885,74541.16290000002
C-8146,43441.816300000006
C-43800,4909.604299999999
C-2821,30088.84600000001
C-14872,144480.33120000013
C-20382,46795.7496
C-40219,14518.416199999996
C-30415,111204.227
C-34843,37022.39050000001
C-38569,64204.67319999997
C-1841,0.0
C-21838,84129.34780000003
C-7966,49011.53439999998
C-21110,22237.779599999998
C-46164,0.0
C-1540,20402.163399999998
C-37564,33107.6211
C-14449,40059.575999999994
C-17742,104310.33879999998
C-42005,1301.5756
C-9889,24926.954099999995
C-12882,31536.9048
C-28176,25274.349999999995
C-30370,198124.72579999996
C-46354,83005.2473
C-4272,0.0
C-5953,60991.85939999999
C-38795,21278.64560000001
C-45076,7143.0765
C-16619,59469.8169
C-1409,105930.3063
C-6783,45820.613900000004
C-1751,116557.72269999994
C-6897,50239.779000000024
C-32878,152196.2161
C-5737,30947.04650000001
C-39850,79549.7805
C-5378,13384.4128
C-35538,73829.54729999999
C-10345,45025.61440000001
C-10615,21320.593599999993
C-46368,0.0
C-47111,0.0
C-41460,0.0
C-32960,24536.10890000001
C-15801,116638.85929999998
C-35278,30735.045300000013
C-13654,64064.21419999999
C-2093,20112.323500000002
C-36246,12873.875000000002
C-31309,11193.106500000004
C-4437,57337.289
C-38586,96881.69290000001
C-37640,86007.34469999999
C-30583,190330.2128
C-1471,25118.2103
C-42809,21493.92000000001
C-22869,0.0
C-49763,11510.1546
C-20763,36543.33810000002
C-41539,0.0
C-46490,0.0
C-18194,27560.103799999993
C-31740,4753.108199999999
C-25219,191918.17269999997
C-46736,58608.68420000002
C-24446,25049.195900000013
C-27688,64041.414899999974
C-13318,12344.225299999998
C-33335,20299.121499999997
C-34010,9396.3326
C-30443,45278.36759999999
C-3272,117279.59600000002
C-2940,222396.94259999998
C-42456,15727.391099999997
C-37135,0.0
C-7625,40414.95750000001
C-37957,115477.60020000003
C-11994,47992.4817
C-42957,71398.00240000003
C-41129,0.0
C-38560,15984.092999999995
C-13600,14543.548099999996
C-39168,65832.88600000003
C-16949,93878.47639999999
C-18142,34070.6734
C-27871,0.0
C-15307,39754.595499999996
C-35954,27514.73809999999
C-20802,28690.96289999999
C-26097,65360.2649
C-41235,66778.28150000003
C-10532,5189.1657000000005
C-24405,185693.83039999995
C-36355,27082.687499999996
C-49311,60114.197
C-26783,26525.02729999999
C-41395,49247.26510000002
C-21686,84482.04919999998
C-22102,10839.2419
C-3552,48736.482300000025
C-36997,0.0
C-37760,86059.03579999993
C-20458,36443.27879999997
C-21773,158959.63919999995
C-48148,57733.30500000001
C-43093,57562.07050000001
C-13505,54493.37109999996
C-16188,65954.1097
C-9921,104095.7577
C-49816,0.0
C-19535,28814.975000000006
C-27268,91886.37149999996
C-252,138352.70719999995
C-21624,41296.37430000001
C-24189,27825.345599999997
C-32694,38646.8123
C-15780,0.0
C-14678,66494.93260000001
C-6175,41653.8649
C-28060,53281.61870000001
C-26861,24903.1177
C-29897,46422.55789999999
C-12315,0.0
C-23231,0.0
C-25617,45933.168600000005
C-42741,13712.338100000008
C-37741,74128.21070000003
C-2306,17845.2776
C-28625,23367.453600000004
C-14318,0.0
C-2261,61795.7046
C-28414,74469.83779999995
C-49949,23251.323900000007
C-45840,0.0
C-5292,14853.312500000002
C-21941,44677.9168
C-26626,0.0
C-41855,175567.99670000005
C-25322,61872.36709999998
C-41193,0.0
C-11502,11888.065599999998
C-20994,0.0
C-22173,86227.62950000002
C-1202,76925.22700000001
C-39598,46729.09700000001
C-14357,69276.72110000001
C-15564,33816.47679999999
C-48220,0.0
C-38189,59203.90949999997
C-44704,0.0
C-40420,6955.121
C-47880,0.0
C-7520,80252.55689999998
C-35764,111040.06119999995
C-43802,27540.076200000014
C-15228,93133.0712
C-39642,26066.065200000005
C-1863,124110.51279999997
C-47075,0.0
C-33345,54809.11450000001
C-15474,164798.3059
C-45136,31338.228300000002
C-43847,0.0
C-19516,44462.355100000015
C-47277,42252.5262
C-11546,0.0
C-44844,72619.91069999996
C-954,72529.83829999997
C-25775,31949.47150000003
C-24262,0.0
C-1320,98750.61989999996
C-20177,83827.95210000002
C-45735,0.0
C-2532,126261.27639999999
C-40426,28792.413400000005
C-17961,100989.67149999998
C-17984,0.0
C-40657,32031.42959999998
C-14416,28428.116000000005
C-33323,101149.58390000004
C-27233,85223.33059999999
C-30174,116176.56839999996
C-25273,156789.1976
C-25707,67235.61039999998
C-28165,77816.8083
C-36079,31914.46580000002
C-42257,0.0
C-31153,0.0
C-354,10508.147099999996
C-34188,47117.13620000002
C-1441,34786.61129999998
C-23778,47171.39899999998
C-40207,138593.4360000001
C-22148,209434.46420000002
C-16215,69308.0483
C-30304,39439.607299999996
C-5771,0.0
C-9964,37875.79849999999
C-31019,161887.24099999998
C-8644,21273.504199999996
C-6139,22363.658900000002
C-31336,0.0
C-7206,79909.40879999998
C-12425,104031.58289999998
C-37803,54893.265699999996
C-28095,78255.27220000005
C-47933,8456.755099999998
C-47736,0.0
C-41889,141623.5016999999
C-1472,132795.93949999998
C-12340,16380.641000000001
C-4100,0.0
C-6013,21196.598099999996
C-2998,96688.7654
C-34782,16144.620100000002
C-26438,16138.892800000003
C-7421,0.0
C-42976,18143.452199999992
C-14842,282809.07740000007
C-6119,29065.779500000008
C-9121,0.0
C-13631,15375.3576
C-5988,96636.86679999997
C-25430,68192.34030000003
C-31268,24507.93079999999
C-25123,0.0
C-40402,23833.797399999996
C-15726,0.0
C-23173,60376.7089
C-24413,0.0
C-34828,90065.6349
C-7523,78261.6239
C-10469,102391.94260000005
C-281,22688.682599999993
C-8284,19926.8742
C-32813,15427.946000000002
C-48504,0.0
C-9197,17170.147999999997
C-43141,3230.7357
C-40725,79573.5368
C-18970,33644.06640000002
C-5895,20088.792999999994
C-10352,35885.0142
C-26521,55123.73410000002
C-43571,0.0
C-41971,19214.2965
C-5873,74159.65550000001
C-5356,43822.735099999976
C-22392,121280.20379999999
C-43342,15343.474500000004
C-5279,20991.582499999997
C-36201,103643.31890000003
C-23338,25369.556100000013
C-31056,48849.1126
C-30992,83866.34419999998
C-2312,93162.12109999999
C-25288,26252.553799999994
C-37487,47407.68530000001
C-17085,110600.58029999997
C-13183,88543.7984
C-31073,80196.28879999998
C-13953,105854.99870000001
C-34065,0.0
C-13858,145734.89429999996
C-8820,21702.747199999994
C-84,27669.232599999992
C-47384,0.0
C-11285,69103.72140000001
C-30001,38867.74330000001
C-37393,161929.34610000002
C-2877,16749.7275
C-49126,0.0
C-16450,75405.5958
C-5164,69641.5055
C-30004,22390.83279999999
C-20037,146085.15580000004
C-24917,64566.680100000005
C-45734,72758.2026
C-48789,91920.01570000006
C-38109,19681.424899999998
C-25403,103024.15549999996
C-20752,25614.6129
C-2548,108878.99230000004
C-31162,26895.607999999997
C-45513,59734.191799999986
C-27289,61751.34579999999
C-9023,70901.08059999997
C-4114,0.0
C-32051,14960.296500000006
C-45594,0.0
C-15652,61467.36910000001
C-32098,22223.933099999995
C-3323,104059.538
C-11899,16459.219700000005
C-29771,131404.20269999997
C-6788,20204.289300000008
C-24341,83832.28569999996
C-34987,0.0
C-14022,29921.555
C-12740,69487.34160000001
C-20921,35468.55370000002
C-8695,27876.919100000003
C-19061,80540.73500000002
C-47585,2442.3306000000002
C-17597,37567.1075
C-19383,0.0
C-8927,46356.45130000001
C-32781,0.0
C-39063,50606.73580000002
C-23536,107581.30669999996
C-33660,46063.51640000002
C-22182,0.0
C-29848,160842.1566999999
C-36174,50049.20379999999
C-32801,3384.192200000001
C-20618,43167.723399999995
C-10035,112325.2576
C-22998,57261.320300000014
C-27285,127060.57330000006
C-32176,40797.4593
C-11787,76179.37830000003
C-44357,50420.18129999998
C-18097,8683.317900000005
C-6359,15595.4809
C-22559,44580.294000000016
C-9687,0.0
C-1747,19348.93789999999
C-9192,59708.43949999999
C-24526,16862.955700000002
C-36353,58283.312600000005
C-42610,26235.120300000017
C-11652,109201.29560000001
C-21546,73029.51139999997
C-503,19266.389600000002
C-15939,26938.793599999994
C-4738,0.0
C-16435,39830.4373
C-44394,15256.953700000005
C-14910,68379.8056
C-33214,49871.09059999999
C-47696,0.0
C-38337,184380.4623999999
C-44552,58954.808999999994
C-26630,27236.591500000002
C-28398,74209.54710000001
C-36205,194119.44439999998
C-14696,31043.907099999997
C-42042,88142.13589999998
C-29941,50554.68789999998
C-49347,5040.095
C-4666,0.0
C-48065,0.0
C-44880,65288.82790000001
C-39335,27607.97110000001
C-25848,14533.512599999998
C-24867,15460.068600000006
C-26113,79650.3394
C-26920,0.0
C-23533,36994.237799999995
C-16231,0.0
C-45349,182.0738
C-16354,144763.7562
C-35690,80652.18040000006
C-30446,19340.686799999996
C-24634,23768.157799999997
C-46210,0.0
C-3435,20289.851000000002
C-46180,90892.32930000001
C-3525,72513.2962
C-994,26120.163099999994
C-11749,19689.54499999999
C-20049,22979.142000000003
C-8769,85798.87039999997
C-14661,12388.886300000002
C-40609,24865.606800000005
C-23,42887.71329999999
C-6865,38462.1028
C-45524,34336.424299999984
C-46286,0.0
C-25909,43862.4142
C-3946,0.0
C-21004,37991.99810000001
C-324,43311.791799999985
C-5688,68320.1445
C-4340,55846.01210000001
C-10108,0.0
C-33638,34649.051999999996
C-19374,0.0
C-35259,25042.991399999995
C-5874,155494.7768
C-36604,139865.3638
C-25679,28867.309900000004
C-18616,57606.37309999997
C-17598,81136.77659999997
C-48098,0.0
C-36319,38761.87709999998
C-40007,38722.066199999994
C-35546,19960.96469999999
C-44975,0.0
C-15482,23737.819599999995
C-3957,28021.0787
C-14551,53727.17090000002
C-45564,116337.74469999997
C-1714,97207.14050000002
C-770,12854.2941
C-22693,0.0
C-13624,16043.66040000001
C-1188,134.3392
C-30857,113159.27369999999
C-45104,103219.2937
C-5485,93901.70190000001
C-11625,83935.61120000001
C-46781,75747.7726
C-14823,72904.42379999998
C-2597,36781.92859999998
C-23874,24360.808999999997
C-41841,0.0
C-42175,0.0
C-30802,23038.607600000007
C-47202,24917.721000000005
C-25069,22824.733599999992
C-21576,20112.685
C-13616,139274.6457
C-8261,49824.45210000001
C-24310,19424.741600000005
C-9633,57129.54749999998
C-43347,26294.429399999994
C-45533,0.0
C-32371,23604.239700000013
C-7837,0.0
C-19455,38309.48809999999
C-22479,17680.787599999996
C-23563,16870.871299999995
C-39750,18812.194199999998
C-30345,72642.40530000001
C-28209,176078.65300000008
C-49710,13561.300100000008
C-19220,29770.54909999999
C-30478,34657.78429999999
C-38262,18544.614400000006
C-1481,55438.856499999994
C-8676,32842.74069999999
C-5226,57129.20599999996
C-47678,0.0
C-9086,96071.0383
C-15644,16154.025900000006
C-23739,43606.0605
C-43915,201.3414
C-49606,39290.401999999995
C-36035,32567.28809999999
C-3448,99211.93300000006
C-7673,55847.240300000034
C-22943,65121.16319999997
C-24010,45329.57499999999
C-46609,54789.8351
C-26529,92437.14309999993
C-4905,32936.73470000001
C-29788,0.0
C-45776,0.0
C-31691,25096.131
C-5654,37747.29309999998
C-32119,35049.60760000002
C-12716,8126.093900000003
C-36015,45135.93450000003
C-2913,0.0
C-35786,0.0
C-45668,0.0
C-9377,80259.12749999996
C-10579,28699.516999999996
C-41721,0.0
C-24907,40125.749599999974
C-18118,20188.0003
C-43410,0.0
C-14547,72172.79829999995
C-9558,85634.26710000003
C-4502,9852.04
C-34473,33246.79460000001
C-15324,64914.327899999975
C-27770,27189.30190000001
C-2168,95408.5255
C-16138,0.0
C-45169,0.0
C-47176,15708.738299999994
C-33822,57524.545299999954
C-44332,86672.3996
C-23260,32410.124799999987
C-19020,72887.54490000001
C-19550,55485.8749
C-21569,60236.71290000003
C-29037,43206.283200000005
C-28318,30826.780100000004
C-33340,62260.0793
C-25579,59507.073800000035
C-2639,0.0
C-40094,74569.9818
C-4300,0.0
C-2901,102969.39680000003
C-48403,27177.1149
C-36018,149362.0208000001
C-29517,25223.932200000007
C-4650,55987.82209999999
C-14023,114024.64819999998
C-16906,64109.64630000003
C-47230,153303.80850000004
C-12920,90724.51299999999
C-9498,73377.28070000003
C-14101,48781.3116
C-24433,0.0
C-40102,67929.723
C-3257,80575.5781
C-8482,39379.237799999995
C-36804,18602.451600000008
C-42038,37536.972099999984
C-45159,61156.70000000002
C-46458,1447.2542999999998
C-20789,47936.363199999985
C-34915,13284.683399999998
C-44386,0.0
C-20127,11692.131700000004
C-29316,107126.04169999999
C-18145,0.0
C-20833,25792.410299999992
C-11452,24621.4278
C-5298,15171.044099999997
C-37614,51161.22120000002
C-25569,73598.72610000003
C-13160,0.0
C-3695,31309.5223
C-15250,0.0
C-43441,19841.632200000004
C-31459,63227.66649999998
C-24652,185706.10449999987
C-16107,73678.41150000003
C-26390,110276.496
C-43248,0.0
C-627,77197.30390000001
C-29959,56618.7813
C-44730,574.1297
C-16284,136600.1537000001
C-5867,44670.75320000001
C-42422,165151.12909999987
C-32556,39034.05860000002
C-26130,112275.5986
C-42565,11581.070200000007
C-44297,56881.691300000006
C-36655,101466.5846
C-49675,75532.56519999998
C-49472,0.0
C-48644,83035.2651
C-17582,18686.644700000008
C-34412,94176.7986
C-45535,13023.346099999999
C-48766,0.0
C-32059,50263.6531
C-31924,15933.334699999998
C-31293,92898.90939999999
C-46517,35609.91130000001
C-802,47715.60630000001
C-32380,104077.64010000002
C-44253,0.0
C-38360,21946.344899999996
C-17631,0.0
C-40902,16917.731799999998
C-48817,0.0
C-14753,182681.38359999988
C-15728,0.0
C-24236,56876.729900000006
C-48294,0.0
C-3069,49611.506499999996
C-8244,41700.673900000016
C-18944,11155.203500000001
C-17264,0.0
C-19345,26226.180299999996
C-25505,38421.4267
C-11968,41582.70329999998
C-4972,24633.03970000001
C-1293,37950.0605
C-41835,58546.175800000026
C-47089,83070.76120000002
C-11959,40486.151299999976
C-31635,42039.14379999999
C-10937,173852.8566
C-21513,172838.44890000002
C-42575,0.0
C-21023,19369.7809
C-31914,0.0
C-32666,27107.61409999999
C-37797,212614.5829999998
C-47020,0.0
C-13903,24829.02629999999
C-15586,100848.07340000002
C-8891,68214.0126
C-18437,62378.6482
C-25901,18833.917699999998
C-24177,130540.84680000003
C-11721,41810.34170000002
C-31030,112335.37689999997
C-19633,57351.6533
C-25144,49019.22209999999
C-23900,0.0
C-27646,71786.99429999996
C-13574,53604.227999999996
C-2954,89097.29490000002
C-14174,0.0
C-19858,50207.65640000001
C-39883,127186.1103999999
C-630,18903.065399999996
C-6650,74590.39189999999
C-10277,140428.28080000007
C-38021,23345.66810000001
C-37172,10086.539400000003
C-37706,47878.33570000001
C-49092,0.0
C-45241,58618.8104
C-38740,126028.79420000008
C-3076,0.0
C-4907,27442.605600000006
C-21824,46503.499399999986
C-48380,47538.16709999999
C-5522,0.0
C-20368,11836.658399999998
C-33714,58009.550600000024
C-24510,54558.5624
C-48878,0.0
C-34734,19720.962900000006
C-543,33887.6941
C-27452,0.0
C-28772,67054.14810000005
C-38681,0.0
C-16493,8736.831500000002
C-34861,164606.9549999999
C-12257,80376.41810000001
C-19828,163882.3582
C-30427,19244.845200000003
C-6712,38494.94359999999
C-20811,108187.12020000005
C-23389,64973.77349999998
C-40647,42971.8524
C-4221,17891.887799999997
C-39343,60087.85920000003
C-18782,42702.453499999996
C-42373,0.0
C-15061,24701.47789999999
C-24572,46747.713399999986
C-26125,100029.07560000003
C-17095,126023.75640000001
C-5854,170883.11499999993
C-43396,0.0
C-36601,42032.271599999985
C-8656,22575.226399999996
C-5554,32102.51549999999
C-34365,110531.05059999999
C-27971,4556.892999999999
C-29553,26934.099100000007
C-9929,0.0
C-3653,63256.75379999998
C-3629,30260.6319
C-30679,158613.2857
C-11574,42045.289099999995
C-15671,78184.32210000002
C-27507,40280.017500000016
C-37795,0.0
C-41727,0.0
C-29152,0.0
C-10342,109205.88520000005
C-4248,130320.37249999998
C-11499,14464.266599999995
C-33027,21635.455999999995
C-22437,28376.38039999999
C-18669,38611.35339999999
C-39759,39579.95229999999
C-15724,82538.03370000004
C-11389,8262.761400000001
C-21768,0.0
C-25382,102349.10190000005
C-46691,0.0
C-36150,3822.2394
C-13090,109423.49209999999
C-19473,134440.17330000008
C-7863,44583.6956
C-46399,61308.010599999965
C-15551,53965.63549999999
C-3914,38758.37709999999
C-14317,129661.98130000009
C-29514,23396.785400000004
C-612,0.0
C-39770,40514.8222
C-28570,121275.06219999997
C-13523,30960.203499999996
C-31923,46521.258000000016
C-557,54846.85849999998
C-5404,0.0
C-41264,92017.1719
C-12972,38378.63359999998
C-32076,205427.5035999999
C-3805,91776.0273
C-39653,98033.35779999993
C-15534,14506.499700000004
C-43766,5650.0043
C-30184,0.0
C-40053,0.0
C-21190,56707.35439999998
C-17244,0.0
C-25752,18944.7497
C-10726,0.0
C-48052,0.0
C-23195,18984.635299999994
C-13763,96165.4697
C-8030,94447.81580000004
C-10093,158755.55490000013
C-33107,67734.21949999999
C-47080,9178.5297
C-42404,51663.78540000004
C-11750,17669.149200000014
C-31270,21284.0131
C-23119,28888.025700000002
C-30844,23656.764399999996
C-34202,19486.9708
C-26094,37842.582400000014
C-6256,19619.115
C-9158,16110.446499999998
C-16286,18203.1309
C-30678,0.0
C-43814,866.3245999999999
C-17002,44878.635100000065
C-27169,16085.055700000003
C-16538,37758.0074
C-36528,0.0
C-14622,62039.58439999999
C-23432,62829.65500000003
C-2741,15431.222099999997
C-30163,0.0
C-48395,0.0
C-17454,60372.8732
C-3841,0.0
C-2349,55929.41079999999
C-31901,113243.16159999998
C-2717,21604.821999999996
C-21737,18789.9152
C-19723,80338.30200000003
C-45603,0.0
C-8555,29447.374099999994
C-5615,23367.769600000003
C-26375,26895.397600000004
C-4148,137356.27779999992
C-43240,0.0
C-43368,71618.64649999997
C-10859,50260.69160000003
C-45185,104502.48530000001
C-11405,126223.02149999999
C-27077,51876.22700000002
C-29492,0.0
C-2445,33221.9544
C-8153,0.0
C-22064,18026.6056
C-36332,73650.17319999996
C-46150,16038.840799999998
C-11742,35597.735900000014
C-32853,24887.274499999996
C-45572,0.0
C-6414,73061.3829
C-37381,22883.017399999997
C-37892,99740.66250000002
C-16129,29205.61540000001
C-23191,67116.40149999998
C-46497,52143.1492
C-14638,42101.621899999984
C-20353,12121.862999999998
C-24225,0.0
C-30984,83097.69369999996
C-15498,42731.9037
C-21264,29511.57660000001
C-9357,17624.95100000001
C-41445,133008.1323
C-42187,46967.18489999997
C-44099,98571.65890000001
C-16847,52274.9258
C-9234,48509.56760000002
C-45836,0.0
C-33774,58790.86589999998
C-20142,23519.7774
C-18938,78409.60640000002
C-21837,42723.5589
C-6746,123009.68829999995
C-26962,56777.001299999996
C-47211,96853.79400000005
C-30122,0.0
C-37602,126819.76639999995
C-8303,19208.165900000004
C-40044,74756.73310000001
C-46626,36156.2231
C-11013,52407.4941
C-29992,141611.5299
C-38409,91161.71639999998
C-38102,35799.16329999999
C-35350,10614.589100000005
C-40689,61096.75009999999
C-6101,16315.417000000001
C-23619,60347.9558
C-30925,139969.21030000004
C-22675,10471.481900000002
C-42096,46530.9936
C-47527,44578.92130000001
C-31239,135766.635
C-2554,61338.96980000002
C-49911,61447.612299999986
C-29937,14542.2866
C-23812,58707.93570000001
C-39277,30272.862000000012
C-33833,63323.31989999998
C-41213,127630.68200000002
C-4135,53650.407899999984
C-18708,39464.1788
C-8476,47450.31910000001
C-38386,23158.641199999987
C-28085,0.0
C-47960,0.0
C-33972,44928.26710000002
C-40786,83513.7886
C-40820,47143.14589999999
C-31919,43938.99720000001
C-6059,61138.739399999955
C-31032,55817.78559999999
C-20548,148552.98769999997
C-11516,59874.5554
C-18642,79541.3479
C-49934,0.0
C-42320,0.0
C-21511,50585.82620000002
C-1098,41044.9838
C-14656,15240.208099999998
C-41631,0.0
C-6195,15467.720700000003
C-5825,0.0
C-7919,0.0
C-27904,0.0
C-47922,0.0
C-44793,0.0
C-23581,35820.5544
C-24929,77500.79080000003
C-20543,0.0
C-22213,108875.86479999997
C-24959,19964.42009999998
C-11848,99642.59130000004
C-29845,50597.39589999999
C-31224,132902.50529999996
C-17220,60618.9756
C-44806,31644.368300000002
C-35172,7955.216700000002
C-32427,32083.26400000001
C-4582,49918.75200000001
C-17807,0.0
C-26614,36126.5464
C-49236,0.0
C-18975,33543.65800000001
C-31946,26109.385599999987
C-13243,16578.69640000001
C-34372,54275.31230000001
C-18862,61439.099
C-47087,29671.11209999999
C-5657,191780.10359999994
C-36496,64785.85750000001
C-38254,35285.3477
C-17237,94229.80710000005
C-23366,29835.030400000003
C-19571,67765.1973
C-39576,9622.541899999998
C-14636,32407.82030000001
C-34197,0.0
C-6544,27342.248900000006
C-25846,69686.0453
C-18457,183225.27240000002
C-13656,41454.727499999986
C-14587,25288.1195
C-31243,24975.747899999995
C-2382,35463.9613
C-25414,59477.198599999996
C-8078,119062.44399999996
C-48756,0.0
C-42386,0.0
C-8316,24967.0427
C-17572,10580.315400000003
C-10200,0.0
C-42256,0.0
C-43335,0.0
C-12621,11817.675099999999
C-16486,43489.7658
C-19258,42776.2946
C-42927,78728.10629999998
C-44168,0.0
C-1934,34865.447599999985
C-34797,14322.604200000007
C-45913,4151.8102
C-33786,50785.73219999999
C-26120,28243.876099999998
C-35843,23703.728300000002
C-15918,42336.76059999999
C-3830,45241.24990000001
C-28038,20509.033799999997
C-34195,62684.045699999995
C-16154,68042.39039999997
C-4990,12432.550700000005
C-12042,0.0
C-13057,87739.22839999998
C-49848,0.0
C-11204,152699.93189999997
C-7173,46424.67979999998
C-9101,58805.297299999984
C-26013,0.0
C-10526,76630.75220000002
C-28569,0.0
C-42979,0.0
C-49308,0.0
C-41854,0.0
C-36373,47590.10080000001
C-9090,0.0
C-9945,63363.0719
C-27388,18356.49849999999
C-13650,20452.3496
C-18031,48372.63
C-34736,12784.088699999998
C-37635,42513.65789999999
C-18531,54855.35189999998
C-31849,11522.121099999998
C-806,91417.6266
C-48968,177057.47700000007
C-17789,16399.744799999997
C-32298,20098.855700000004
C-23448,0.0
C-11508,88841.73129999998
C-26800,36627.0674
C-19673,0.0
C-5620,44002.154600000016
C-25389,7536.179300000001
C-24672,38989.51099999996
C-26959,24554.1076
C-15315,35421.389299999995
C-35566,96020.59829999998
C-7935,124487.95880000001
C-33127,50759.82639999997
C-47371,46293.66280000003
C-28506,35653.49889999999
C-20604,112211.80849999998
C-48843,26277.881400000002
C-47313,0.0
C-7035,30462.726300000017
C-10099,88138.38480000004
C-9733,64468.47460000001
C-10613,51451.62210000001
C-35623,28635.5183
C-47760,0.0
C-16995,75609.92309999997
C-33178,74459.27429999999
C-9138,105754.55119999999
C-18277,29319.89069999999
C-31203,93271.87429999998
C-16925,0.0
C-46861,0.0
C-23029,124902.19210000006
C-26804,68117.92920000001
C-21627,116605.6277
C-27104,78258.53899999999
C-5031,49734.4266
C-11053,67634.92909999998
C-395,14371.747600000002
C-9371,100537.1923000001
C-35585,83968.41260000001
C-46897,0.0
C-9679,34789.742399999996
C-49906,84148.8598
C-69,72215.40230000002
C-25813,33665.393299999974
C-41483,12003.894099999998
C-35613,29563.24800000001
C-1118,95631.41239999997
C-31023,43787.0037
C-46911,44666.4891
C-25237,58349.3143
C-42662,0.0
C-29162,94212.29959999998
C-36012,16730.45570000001
C-6148,21218.88469999999
C-31027,72667.1262
C-6686,0.0
C-26646,22375.274899999997
C-1745,0.0
C-25166,20592.487500000003
C-10774,75390.03749999998
C-10020,41820.163799999995
C-46598,0.0
C-2857,56408.6821
C-21728,24261.428200000002
C-39332,75822.26849999999
C-49617,35426.34460000001
C-35824,51206.6668
C-12161,69029.6432
C-33604,37878.88259999999
C-14698,3853.6922999999997
C-21703,26101.11570000001
C-38190,37396.96589999999
C-16775,26603.920899999997
C-22495,36387.66909999999
C-45432,26181.206499999993
C-2143,58623.68680000002
C-46842,0.0
C-34208,20938.0649
C-48204,1377.0494
C-35496,0.0
C-4570,149847.42179999995
C-40813,54987.760200000004
C-49764,127972.18860000001
C-44627,0.0
C-5001,12262.7703
C-11329,15482.518699999997
C-21321,12975.162499999999
C-45977,77967.00020000001
C-20842,67740.0767
C-8028,45689.79969999999
C-11756,8587.373000000001
C-14135,239625.80670000002
C-9875,32093.708400000018
C-46039,0.0
C-48977,52057.02949999999
C-18137,87257.17700000001
C-1807,43171.39709999998
C-5420,95093.1104
C-47759,0.0
C-1399,46159.181099999994
C-41505,0.0
C-47544,0.0
C-33689,93779.75300000003
C-21398,81379.83060000004
C-33429,0.0
C-23225,29532.103
C-973,39815.50010000001
C-39961,1612.5155
C-32067,41649.59009999999
C-30717,149403.97189999997
C-34891,0.0
C-36777,13449.935599999995
C-48591,131978.64359999992
C-36444,26530.501299999993
C-29420,132669.94419999997
C-239,38981.773600000044
C-21455,210198.9243000001
C-6043,47841.07570000002
C-28327,33751.72219999999
C-4160,91745.52450000003
C-35782,8265.881599999999
C-13179,41990.2155
C-10029,69090.59719999996
C-18780,0.0
C-27716,108667.49740000002
C-37037,115204.84099999994
C-14646,120781.35170000006
C-26506,55029.79670000003
C-39049,16884.322400000005
C-555,26960.0409
C-22719,37723.8867
C-964,15652.975700000008
C-12220,21519.208199999997
C-46815,566.864
C-23350,0.0
C-45001,0.0
C-22500,84226.06049999999
C-31327,0.0
C-21602,10275.284300000003
C-43707,0.0
C-47825,19958.541500000003
C-34393,47243.7959
C-21164,1051.2905999999998
C-24541,67872.61279999997
C-23825,20683.797799999997
C-6747,38471.70049999999
C-3835,55375.45279999996
C-40292,55392.29840000001
C-26225,0.0
C-1993,30478.476799999982
C-22221,20007.864400000002
C-1077,77982.23710000003
C-36667,0.0
C-46867,18687.7432
C-23427,59913.62619999997
C-27168,93139.23560000004
C-48769,0.0
C-37236,76438.31030000006
C-42538,55066.65299999999
C-6741,19705.541699999998
C-149,57164.901
C-48379,18197.7072
C-13789,24831.174199999998
C-9350,18413.52320000001
C-36135,0.0
C-9979,0.0
C-11086,18525.007099999988
C-9208,56425.5129
C-49192,0.0
C-3677,15219.436999999998
C-4251,15856.6218
C-2081,13364.1502
C-8168,134250.48580000002
C-2500,96692.32
C-44928,44178.95080000001
C-24306,90163.10420000002
C-27190,95822.76839999999
C-43553,59115.57169999998
C-15912,29653.096499999996
C-8280,61628.769399999976
C-23142,79851.98899999997
C-38442,72762.81350000003
C-48451,0.0
C-48515,43299.830700000006
C-42341,0.0
C-5188,25632.483999999993
C-13949,1098.5746000000001
C-45213,0.0
C-26727,36460.51340000001
C-25173,53768.062300000005
C-31786,46363.56569999999
C-29029,29571.2836
C-45582,222.4986
C-20138,43807.04499999999
C-38673,16603.090999999997
C-21948,19709.871400000007
C-24431,128489.24410000005
C-28931,117162.18759999995
C-45629,0.0
C-11136,70160.32409999998
C-45805,419.53790000000004
C-34903,33638.084899999994
C-11340,11916.3593
C-25838,48597.77429999999
C-33537,93302.94189999999
C-2055,63555.27380000002
C-41001,16335.055399999996
C-22658,84666.07459999999
C-17297,54378.195100000004
C-23337,16284.07
C-46706,47190.79370000002
C-33699,91862.1413
C-12322,18960.849399999992
C-27187,19625.24189999999
C-38147,17253.555699999983
C-7148,23938.333200000005
C-22087,46718.12950000002
C-33792,17259.9143
C-47822,0.0
C-25285,0.0
C-11672,67189.35910000005
C-35347,123797.42919999998
C-19630,33943.886099999996
C-49898,0.0
C-43626,24042.6707
C-13909,18398.254599999993
C-32703,75034.29029999998
C-43499,17312.96449999999
C-34554,25208.238399999995
C-40688,25691.752299999996
C-7900,54096.836299999995
C-24241,16931.321499999984
C-22944,101390.86639999997
C-21663,37297.75909999999
C-39407,3293.3960999999995
C-34534,36119.83239999999
C-26203,31402.85540000001
C-37175,60389.473699999995
C-33076,222208.2938000001
C-7825,0.0
C-42370,0.0
C-44616,109051.44610000002
C-4444,35429.77189999999
C-34021,20577.9238
C-3023,40975.92539999998
C-31231,68465.87739999997
C-47700,45685.31289999999
C-27212,38547.38049999998
C-21303,36483.215199999984
C-49343,127172.41870000002
C-6685,28938.400399999995
C-9980,28331.068999999996
C-8647,71714.59659999998
C-33344,25335.5577
C-47928,0.0
C-24784,57092.588599999974
C-40344,37229.594099999995
C-7878,65790.7806
C-43670,6507.208500000001
C-19386,24154.339099999987
C-41168,37373.07970000001
C-36361,132090.16529999996
C-5795,115261.78010000003
C-31445,55133.72359999998
C-25312,26287.780199999983
C-14074,172386.36640000006
C-2637,58889.4683
C-10413,37976.64969999999
C-11313,14012.761499999997
C-42652,31162.898600000008
C-45050,60347.60500000001
C-36751,49460.11910000001
C-33065,56616.0606
C-29716,71900.1344
C-36300,0.0
C-5029,23610.474499999997
C-28977,0.0
C-45619,25885.969600000008
C-46694,6968.4876
C-44338,278.8199
C-40778,31726.716300000007
C-31240,45078.15710000001
C-30897,8227.568000000003
C-7226,29415.137199999994
C-33058,16957.2226
C-25300,0.0
C-48503,41226.31570000001
C-15783,0.0
C-9317,90915.27659999998
C-37481,13561.005399999996
C-48355,14192.473
C-505,87110.65600000005
C-15865,181903.88269999987
C-47168,53480.370100000015
C-34866,161129.19359999997
C-42544,0.0
C-11057,0.0
C-31342,87959.93680000004
C-39499,81182.93570000003
C-19086,18208.435199999996
C-23492,22754.328200000004
C-36301,16764.988299999997
C-6555,45742.69760000001
C-30923,0.0
C-10782,22272.707299999995
C-11475,25556.704999999994
C-4773,70461.77969999998
C-3913,22410.0627
C-4462,8029.1981
C-4331,24023.225399999992
C-2733,59691.360700000005
C-16754,40180.816300000006
C-33152,55195.9717
C-1773,63401.555499999995
C-47849,0.0
C-20273,42458.197600000014
C-38062,112193.03769999996
C-14281,50518.24220000002
C-10597,29732.064100000007
C-14717,34213.89120000001
C-8337,26862.870799999997
C-41095,69666.26319999996
C-45778,0.0
C-28239,64697.09109999998
C-37492,11697.939199999997
C-25333,24312.522599999997
C-13883,7052.241599999996
C-40797,27492.554799999994
C-34714,56376.0771
C-12351,53707.15140000002
C-10064,62362.58289999997
C-30737,76442.07759999999
C-42684,412.3783
C-18607,0.0
C-46593,2640.4310000000005
C-28064,17238.66569999999
C-36532,73303.31180000002
C-31800,18853.659100000008
C-8419,0.0
C-5153,43212.38030000001
C-15747,195930.70229999998
C-12989,36865.04499999999
C-9995,52074.75779999996
C-19277,41949.37409999999
C-46607,0.0
C-2729,14236.287000000006
C-14844,65804.29030000001
C-4826,76432.48140000002
C-3072,120266.01689999996
C-15988,0.0
C-3264,91702.99630000001
C-1366,115333.17289999999
C-30267,0.0
C-11645,51378.771100000005
C-5490,44574.719800000006
C-21748,74633.80179999999
C-2213,72896.692
C-28211,13739.697400000003
C-20572,112685.85059999993
C-27347,76476.55589999999
C-6395,60977.17900000001
C-617,126652.50329999998
C-31185,82903.3403
C-25035,9250.201800000003
C-6142,30072.78410000001
C-35733,108028.7216
C-27779,86282.6937
C-3394,35675.37729999999
C-11804,28040.467699999983
C-27372,0.0
C-35984,56958.88470000002
C-20787,12904.3506
C-6206,0.0
C-40802,22410.09450000001
C-39191,160405.03149999984
C-10256,9677.7149
C-17757,19092.616300000005
C-7698,46001.6624
C-7761,44934.36980000001
C-3571,22114.148600000004
C-25591,25972.748900000002
C-15963,39412.552
C-558,0.0
C-7010,107682.75870000005
C-26054,94395.15129999995
C-18571,71357.73689999999
C-10846,26297.185899999997
C-386,30401.614499999992
C-8911,17307.476500000004
C-48089,14694.1287
C-5709,84644.0003
C-35788,126069.52060000005
C-2420,48887.5849
C-13932,69045.43570000002
C-7526,58843.841600000014
C-45332,0.0
C-15137,89865.1427
C-21770,26874.770399999983
C-23049,89551.6958
C-16684,13983.878299999993
C-19501,0.0
C-26146,42013.1874
C-44333,0.0
C-21265,52883.44739999999
C-23069,41357.5179
C-47462,0.0
C-34084,134897.6093
C-18757,0.0
C-17744,0.0
C-12266,19926.874300000003
C-42430,0.0
C-39124,16204.605000000007
C-29830,50089.82750000001
C-40351,49465.809099999984
C-12559,31185.75900000001
C-34014,127947.9137
C-25341,174315.3937
C-46758,37674.32249999999
C-42111,0.0
C-27610,14780.6927
C-15099,0.0
C-47898,215491.62349999993
C-11916,87228.32669999998
C-17716,56172.1638
C-17195,27316.88639999998
C-31382,28012.860699999997
C-36228,0.0
C-17077,33185.606199999995
C-13723,25500.638600000002
C-26595,20879.644399999997
C-49715,72234.16279999999
C-17060,25866.79049999999
C-14149,134.3392
C-6309,0.0
C-31623,31212.158199999983
C-4781,14705.539800000006
C-49011,0.0
C-30702,27681.661199999995
C-16167,22464.0633
C-7096,56052.7166
C-21854,18481.5829
C-30213,0.0
C-37680,0.0
C-29400,51619.04100000001
C-46279,70854.57230000003
C-30350,17303.936999999998
C-7438,0.0
C-37282,67883.83019999998
C-21473,41323.46699999999
C-5910,59896.613999999994
C-43554,77777.28720000002
C-49577,35726.394299999985
C-21571,25330.828299999997
C-32698,21566.422099999996
C-38540,104957.82339999998
C-37074,107784.2958
C-5545,70510.86910000001
C-10103,140716.76210000008
C-14926,74503.38479999997
C-19042,48548.091799999995
C-37675,43220.855599999995
C-27069,0.0
C-3570,54420.83620000001
C-29108,27068.687400000003
C-29626,50485.346799999985
C-33664,11639.809799999995
C-27927,17609.3122
C-10580,30460.0447
C-27900,120541.57390000005
C-26374,27543.663700000005
C-45170,0.0
C-44908,872.7589999999999
C-33376,84427.23550000004
C-28522,117199.25219999997
C-42091,23201.441100000004
C-5235,0.0
C-33673,22673.46050000001
C-20791,49967.30429999999
C-47862,20680.907600000006
C-43343,95384.50050000002
C-3762,46755.501500000006
C-14138,16451.196699999997
C-17472,66241.24909999997
C-28004,12338.7305
C-46009,0.0
C-35955,38794.24340000001
C-29282,22817.639099999993
C-43205,46530.08420000002
C-1299,54302.49339999998
C-40363,67310.5806
C-6130,61370.15000000003
C-23980,51108.04610000001
C-20121,0.0
C-34699,26644.094200000007
C-45171,174.55180000000001
C-21285,0.0
C-43546,74337.04719999999
C-20571,108371.49670000002
C-46106,0.0
C-33063,8900.445199999998
C-5609,15040.4962
C-774,21725.9012
C-2543,39971.75680000001
C-6495,52796.80049999999
C-14411,55888.14910000001
C-38088,24242.739299999994
C-10926,39270.79759999999
C-38591,69273.19510000004
C-21797,10345.144099999998
C-38573,0.0
C-33640,40619.465299999996
C-7741,9358.492099999996
C-40808,64289.72000000004
C-9823,14001.669500000002
C-5398,38268.02739999999
C-38215,99381.00190000002
C-12336,69155.5431
C-24191,47489.39109999999
C-9507,0.0
C-49332,0.0
C-43863,0.0
C-3031,24184.975799999986
C-45813,45325.0618
C-35957,91484.37919999998
C-18795,0.0
C-20796,0.0
C-44164,38613.86139999998
C-13977,0.0
C-18869,83093.46060000005
C-22932,0.0
C-16153,55026.30439999999
C-40340,27845.282799999997
C-36504,20553.255999999994
C-13306,44621.39720000001
C-14356,99658.645
C-2476,19153.805900000003
C-5242,84774.46509999996
C-1564,0.0
C-11108,65443.96139999996
C-29678,0.0
C-41604,41012.750100000005
C-39047,15037.3046
C-3192,33947.918600000005
C-15800,28764.132200000004
C-20399,0.0
C-49655,54767.82099999999
C-43952,0.0
C-11227,49469.9721
C-24522,108614.38250000002
C-42506,80651.97520000003
C-35889,62272.34179999996
C-42290,27154.173200000005
C-34223,0.0
C-45351,0.0
C-2752,90035.35350000001
C-41291,163909.19549999997
C-27801,83764.4803
C-17810,147092.13879999996
C-40547,25158.52180000001
C-36367,171415.61080000005
C-8263,39398.337899999984
C-37205,50478.09380000002
C-32574,100431.42159999999
C-8562,14369.755899999996
C-851,44093.51640000001
C-30325,0.0
C-17922,93757.99360000002
C-6715,15425.635599999996
C-47178,54589.78569999999
C-47101,0.0
C-17045,40119.7493
C-17813,93821.04919999998
C-1264,62521.85920000002
C-39625,92567.45029999997
C-22475,23874.725300000006
C-14662,38234.915499999996
C-2000,11676.4377
C-37673,24600.107699999997
C-41450,208734.72820000013
C-10240,86335.17629999995
C-45870,0.0
C-22984,47907.648900000015
C-1998,66237.13220000002
C-35881,0.0
C-48837,0.0
C-16232,111782.18290000001
C-37369,0.0
C-37302,170017.26179999995
C-345,34668.53269999999
C-30260,57980.86640000001
C-49933,0.0
C-46676,37093.385599999994
C-1375,98577.17890000003
C-21018,14108.947800000009
C-39120,44490.2537
C-1941,32481.22629999999
C-25967,190320.2763
C-41519,0.0
C-19817,39446.52010000001
C-30999,67893.50839999999
C-31015,25039.078300000016
C-21862,167024.88270000002
C-48310,0.0
C-10944,66709.98059999998
C-26989,16580.515900000002
C-8574,95201.38389999999
C-12342,130042.37870000003
C-18864,206223.03700000013
C-29094,49447.1951
C-33741,21142.433700000005
C-8182,25621.149100000002
C-47142,0.0
C-37978,28139.542499999992
C-43633,0.0
C-43557,137442.2011
C-8338,0.0
C-18269,59542.6801
C-38839,24082.125399999997
C-5049,31321.974400000003
C-16768,0.0
C-30672,40526.365900000004
C-43983,66092.40550000001
C-34973,8145.213
C-436,43938.52330000002
C-5659,0.0
C-10014,40801.62029999999
C-17647,76060.83260000001
C-21435,20248.67159999999
C-46476,0.0
C-36821,5910.771200000002
C-48237,65445.8506
C-37546,0.0
C-28550,23358.886400000003
C-33934,10070.593299999999
C-7904,29948.035700000004
C-25198,23790.290599999997
C-29008,66875.43710000002
C-5555,38758.32659999999
C-7142,61335.74500000002
C-23022,30329.443899999984
C-1312,0.0
C-8779,108701.13010000001
C-32493,65671.02549999997
C-22723,39138.400100000006
C-38788,127131.8384
C-36269,51724.55529999999
C-18365,13849.8417
C-15526,17882.005899999996
C-35806,48943.77240000002
C-48677,38742.74730000001
C-42922,45401.524
C-19981,31299.567499999994
C-24603,81392.81150000003
C-47249,221.7679
C-14367,19981.140599999988
C-28862,10987.421999999997
C-45756,0.0
C-44016,27935.28360000001
C-32141,113443.06079999998
C-38816,78026.37669999996
C-21416,58401.55580000001
C-13321,87168.15620000001
C-1055,0.0
C-16297,17918.40200000001
C-35198,32843.06990000002
C-26904,59763.363199999985
C-12055,64478.60860000001
C-3831,167841.10299999997
C-22420,46053.122800000005
C-35833,48022.241500000026
C-38315,49839.55910000001
C-44443,132267.70889999994
C-37883,12548.619299999997
C-46186,0.0
C-39704,0.0
C-11243,36642.9747
C-42605,110602.0065
C-14040,28726.5668
C-943,61683.68709999998
C-7082,19032.5901
C-12867,74470.08659999998
C-46877,46885.84799999999
C-44382,0.0
C-18021,36507.67949999999
C-31058,43612.78779999998
C-19106,0.0
C-37520,120816.34269999992
C-42700,0.0
C-30091,58949.8452
C-10693,18762.233400000005
C-1493,0.0
C-34749,60127.45290000001
C-35073,10654.2878
C-27489,44983.55480000002
C-35431,0.0
C-25104,0.0
C-13580,47072.1864
C-17422,61571.018400000044
C-20147,65590.98159999998
C-31909,69997.65849999998
C-32891,84001.04410000006
C-38797,41019.48020000001
C-47179,0.0
C-4894,0.0
C-15466,27380.467399999987
C-25530,53337.789400000016
C-1191,124126.72719999995
C-3725,90978.39250000003
C-30706,50092.38709999998
C-37170,38893.76089999999
C-32842,103362.42889999997
C-15112,86042.54690000004
C-28721,48284.27780000002
C-3772,97416.46230000006
C-9270,63484.05970000001
C-22567,75803.83510000003
C-22744,19742.147600000004
C-21915,58343.4382
C-5395,53245.67379999999
C-19362,96239.95300000001
C-9877,67615.35310000002
C-35832,30001.706399999995
C-23955,6853.911100000002
C-47456,52651.781099999986
C-2655,52616.14070000002
C-33060,109051.28649999997
C-17932,74982.07859999996
C-36886,0.0
C-42484,0.0
C-41405,31991.426
C-21969,106758.03739999999
C-28906,19148.269899999992
C-46780,22113.400100000003
C-7531,117475.86329999997
C-36570,16516.449500000002
C-46918,54780.043000000005
C-32809,31785.75209999999
C-7128,56730.79980000001
C-31258,8116.497299999997
C-26052,36569.34589999999
C-23291,30331.17480000002
C-39019,119953.45169999992
C-23962,80981.28230000002
C-6339,0.0
C-406,56028.10329999999
C-3188,76121.64620000002
C-30026,15779.5559
C-37479,64758.98870000001
C-10869,0.0
C-39143,39486.5194
C-48035,0.0
C-23107,0.0
C-8753,14337.151599999994
C-6420,22488.099300000005
C-10212,0.0
C-16700,0.0
C-33685,220647.9343000001
C-26512,12899.897700000003
C-8940,77787.88190000002
C-25916,31105.691500000004
C-2322,20212.55099999999
C-13171,53493.37719999999
C-37965,79280.1046
C-48145,0.0
C-19553,0.0
C-20561,49142.25
C-48640,20024.224099999996
C-45123,0.0
C-31687,0.0
C-6852,23004.788599999993
C-24437,0.0
C-189,91117.22619999998
C-42766,56352.2849
C-28227,26150.596999999998
C-1290,0.0
C-47591,108102.56819999998
C-41401,0.0
C-30159,74842.31579999997
C-25645,0.0
C-7046,36053.380399999995
C-30876,148235.2499999999
C-27759,43770.69170000001
C-26215,78070.31030000007
C-40258,63770.2512
C-14054,35702.600600000005
C-5947,108804.40539999999
C-11456,130581.9646
C-25773,42832.953400000006
C-9645,49410.0147
C-35184,52424.45829999997
C-11805,8477.267600000005
C-38649,47495.0744
C-5493,48913.641500000005
C-4115,32977.295
C-43398,385.52139999999997
C-28297,106913.4167
C-18215,53841.644100000005
C-35341,7745.296000000002
C-23023,64272.65690000005
C-11547,12984.226800000004
C-8612,24841.852999999992
C-38811,9947.500699999997
C-32200,107069.72210000004
C-9772,101120.15650000004
C-37407,26155.9991
C-4667,39483.7865
C-870,161650.57129999992
C-40234,38876.00510000001
C-45480,0.0
C-46978,5634.8989
C-49589,0.0
C-5321,52022.930299999985
C-46278,58954.49709999999
C-29297,45818.529299999995
C-39869,37544.6463
C-28333,74536.38399999996
C-10055,102394.34550000004
C-44785,0.0
C-39986,0.0
C-36165,82576.91630000001
C-2367,41080.47219999999
C-26660,32204.010399999996
C-32033,22459.424999999992
C-43065,0.0
C-32515,95231.61379999999
C-39993,52156.330200000026
C-2246,24493.122900000002
C-19899,133785.41800000006
C-44412,0.0
C-24568,19479.6974
C-29773,0.0
C-300,67826.46300000002
C-38297,55243.48200000002
C-8636,38522.233
C-7959,26800.01510000001
C-43887,0.0
C-4075,0.0
C-37181,49717.785599999996
C-21083,0.0
C-4788,76344.32970000002
C-33228,31251.436999999998
C-41391,0.0
C-19752,66567.263
C-41061,113697.58299999998
C-6662,39137.7938
C-48712,20141.292599999997
C-13928,123535.25449999995
C-9728,23552.961600000006
C-47204,0.0
C-20045,47931.44160000002
C-7209,157017.95079999996
C-18382,60816.73970000001
C-10916,93281.91380000001
C-48903,0.0
C-38904,0.0
C-32593,47379.472
C-9048,74557.30580000003
C-37578,56121.32599999999
C-38143,26333.290500000006
C-23709,74740.76960000001
C-8910,40324.77690000001
C-27059,19541.338100000008
C-24215,56628.69619999998
C-23824,158287.78110000005
C-17589,104621.9893
C-39287,66072.58649999999
C-32171,40438.875799999965
C-12546,65427.877299999964
C-24239,48074.184799999995
C-6113,103549.92349999999
C-15188,83599.76089999998
C-22120,0.0
C-3357,75198.85610000002
C-19494,20728.534999999996
C-19380,16848.430700000004
C-28606,28855.863600000004
C-32700,7353.596599999997
C-3985,0.0
C-13245,23503.405599999995
C-17295,8896.345
C-42572,93104.48539999998
C-21026,39531.21620000001
C-6728,25444.001099999983
C-12093,200495.75350000008
C-41017,55142.090699999986
C-37118,0.0
C-49995,0.0
C-9584,11233.270900000005
C-19975,10857.712400000004
C-1013,39130.2194
C-34132,17720.549100000004
C-19447,8353.711400000004
C-20653,15390.505299999993
C-18692,126723.0245
C-14106,31114.487600000004
C-22145,43120.14509999999
C-45198,45110.79519999999
C-10494,79524.13639999997
C-48520,57701.35679999999
C-14916,128493.73910000008
C-9824,95810.15059999996
C-457,21577.453599999997
C-6562,113407.86059999997
C-11370,0.0
C-46172,86684.98
C-7527,68321.68770000008
C-32642,60960.842199999985
C-10655,22087.1923
C-33238,158203.0271
C-392,30000.594000000005
C-29865,106051.0378
C-31976,54267.33900000002
C-18186,21794.974099999992
C-21784,8246.608800000002
C-27555,0.0
C-14999,82884.47439999999
C-41534,134986.1143
C-21775,48450.33220000002
C-31977,120912.35730000002
C-10424,46235.45080000001
C-27140,154114.12470000007
C-39693,88270.77870000002
C-25141,0.0
C-32653,20103.970599999997
C-17001,49638.48959999999
C-19476,59566.52930000002
C-17706,9510.568899999998
C-25019,42954.98
C-38089,58176.388099999975
C-10005,19519.938299999998
C-17573,40841.84640000001
C-31972,29920.6595
C-44501,0.0
C-41700,51629.83050000001
C-33185,63327.6692
C-10278,94313.745
C-30780,50601.57759999999
C-2352,23183.298400000003
C-28874,99022.78570000001
C-37727,57006.036899999985
C-49290,91114.6765
C-38655,12265.078099999999
C-37466,53493.81409999999
C-33819,13901.033900000006
C-26038,89129.61190000003
C-45396,0.0
C-33216,0.0
C-46183,30786.852000000003
C-393,31833.918999999998
C-9450,0.0
C-34659,25634.921700000003
C-30598,16512.840499999995
C-41496,0.0
C-35872,0.0
C-25719,0.0
C-16967,73466.66560000001
C-9511,25504.207500000008
C-36616,30693.396400000012
C-48071,0.0
C-7439,57535.03799999998
C-39139,21096.603100000004
C-34258,16322.254800000002
C-6423,19702.497800000012
C-41931,6276.655100000001
C-15403,0.0
C-37804,12990.6494
C-25538,0.0
C-31843,17460.942499999994
C-25218,0.0
C-17209,100267.15380000001
C-18813,44084.3852
C-32185,66085.78540000002
C-5524,53552.49520000003
C-12097,19262.577800000006
C-37822,9442.174699999992
C-49184,0.0
C-8375,84149.59770000001
C-32678,195007.25630000007
C-21384,62331.3025
C-36740,31717.512699999996
C-35959,54426.00960000002
C-19009,47366.807600000015
C-23729,0.0
C-1054,45159.24359999999
C-37831,0.0
C-6559,24298.215599999996
C-45304,92749.7204
C-11185,86849.26739999998
C-49920,31443.49950000003
C-6261,59006.2312
C-2075,0.0
C-20614,48976.93460000001
C-37054,83795.91300000003
C-41510,0.0
C-746,26649.560599999997
C-36549,0.0
C-5155,26598.306499999995
C-48036,61818.4803
C-25984,53283.78040000002
C-5033,50209.977300000006
C-8320,110523.27299999991
C-1524,58133.15740000002
C-6002,0.0
C-33717,57776.1874
C-31478,72496.92240000002
C-13204,76037.66790000001
C-47458,26878.7005
C-39104,172933.17969999995
C-23067,24407.42350000001
C-41111,0.0
C-32263,74339.63290000003
C-38528,68046.4772
C-4828,124702.51349999996
C-37801,119187.9313
C-37462,24256.899799999996
C-27518,25259.969599999997
C-3486,0.0
C-6082,116305.47799999999
C-46936,0.0
C-7534,33925.146299999986
C-22042,53691.575300000004
C-8380,71060.05370000002
C-8097,176792.0003999999
C-22301,94970.27910000001
C-25168,129580.65030000005
C-17928,0.0
C-8806,1098.5746000000001
C-18915,73166.7483
C-31868,78056.64460000004
C-16159,33311.3222
C-24991,0.0
C-46836,47592.868000000024
C-40715,69859.5274
C-3654,55477.74879999998
C-32865,35971.75480000002
C-21491,24682.298100000004
C-30253,0.0
C-41989,0.0
C-36344,0.0
C-838,28161.284999999996
C-14192,12638.890300000003
C-7684,43236.4616
C-12757,91143.22860000002
C-36976,11175.94
C-7030,168528.32569999996
C-41940,11451.639899999998
C-9132,0.0
C-14582,18424.7676
C-35322,38002.450600000004
C-29051,107445.81199999993
C-17292,26415.14650000001
C-39140,35387.3491
C-15593,53672.4046
C-48978,90484.11579999994
C-37053,29892.9404
C-5094,72790.93650000001
C-7420,18579.823400000005
C-34738,90286.02179999997
C-18985,23323.650199999996
C-30030,18335.69790000001
C-2356,13348.7887
C-24417,124832.8806
C-47632,28294.609700000008
C-27907,30096.427999999993
C-27141,44139.8534
C-3784,0.0
C-1918,0.0
C-5107,49650.878599999975
C-40057,57971.76340000002
C-33320,45036.1343
C-28025,33479.377499999995
C-21806,16884.807900000003
C-18126,37212.848000000005
C-41572,119351.52359999997
C-13169,37327.8577
C-31655,0.0
C-28274,6082.2317
C-7313,117714.46480000002
C-45915,51345.039699999994
C-11428,108064.89530000002
C-30183,0.0
C-24890,48185.970100000006
C-36682,34462.6934
C-1761,69339.58480000001
C-35735,58344.52289999999
C-14607,22004.167300000005
C-38236,50049.39399999999
C-22093,87552.72430000006
C-18959,25892.589900000003
C-39313,0.0
C-15984,91420.30199999994
C-21917,150919.68179999993
C-32008,59162.45449999999
C-7221,27442.0369
C-48471,0.0
C-25090,128747.43179999996
C-15530,107455.0719
C-13510,20632.489099999995
C-22895,68833.22710000003
C-13542,0.0
C-1806,22520.429200000002
C-20064,107240.8632
C-40071,64445.6663
C-30039,36561.32459999999
C-32339,42289.10479999999
C-35559,60144.250800000016
C-8969,104824.29089999995
C-46089,31039.40840000002
C-49481,93518.08030000005
C-47349,94618.03210000001
C-88,44931.25830000001
C-25698,10371.096900000002
C-17276,31944.969500000003
C-46660,0.0
C-1172,74296.77720000001
C-29192,49030.14869999999
C-37084,0.0
C-13657,41045.25599999999
C-21305,45309.328499999996
C-32955,55197.66220000003
C-39628,55108.5205
C-42397,25018.29040000002
C-40441,58282.407200000045
C-41245,57496.06789999997
C-21533,12235.367899999996
C-18542,81021.81640000001
C-32684,44484.817699999985
C-41563,74213.16230000001
C-33288,23530.478199999994
C-12225,44530.1362
C-2031,44612.12160000002
C-31422,0.0
C-36331,50294.39209999999
C-997,7821.8991000000005
C-40411,0.0
C-26855,18318.17779999999
C-8029,0.0
C-48685,0.0
C-31194,0.0
C-2853,124610.23019999999
C-24456,92945.70829999998
C-3630,48123.76249999998
C-42137,0.0
C-20025,10845.374199999998
C-37596,73765.6946
C-34112,51337.241999999984
C-43264,81741.64529999996
C-1929,77895.6006
C-48763,76197.314
C-29675,49032.28060000003
C-40161,119408.74490000006
C-17076,22185.556499999984
C-9194,23041.541699999998
C-10185,40190.73060000001
C-29471,58132.0279
C-24116,0.0
C-8449,109328.91139999998
C-32788,30432.094099999984
C-13562,105782.58759999994
C-2347,17831.010999999995
C-34939,23727.98079999999
C-41122,18158.543199999996
C-19641,0.0
C-32629,66434.92980000001
C-19956,128360.2997
C-16108,26923.856499999998
C-36735,104484.06159999994
C-13092,107775.04810000004
C-20684,21571.573900000007
C-18684,70398.961
C-40764,14517.704900000006
C-24669,35700.148
C-38502,92208.37049999999
C-27548,41962.419099999985
C-45955,45021.69630000002
C-42916,47926.13449999999
C-48045,91648.52769999996
C-33126,22374.73080000001
C-26986,87777.97410000004
C-6574,0.0
C-12911,21710.9182
C-28130,71216.5463
C-39260,29773.706100000003
C-34999,14440.929700000002
C-37816,20810.9919
C-9870,95253.75640000003
C-41404,0.0
C-11337,20827.54979999999
C-21878,41639.85390000001
C-49861,0.0
C-20239,114200.83160000002
C-44364,39113.49619999998
C-37693,0.0
C-20839,0.0
C-18552,28705.98230000001
C-14980,23447.424199999998
C-16003,160065.2303
C-42827,81173.1147
C-4219,0.0
C-11677,72803.61989999996
C-8875,61854.82230000004
C-29415,35388.685399999995
C-2706,71394.9202
C-42830,70911.7074
C-11723,0.0
C-42675,0.0
C-47006,113543.05180000003
C-6919,50358.33509999998
C-28348,38836.4997
C-22642,28235.6102
C-24560,112889.51409999999
C-49807,11051.3785
C-37540,21474.1242
C-36544,18572.0921
C-22421,44341.869000000006
C-13900,106765.13170000001
C-4230,20597.005900000007
C-20276,48102.079699999995
C-42291,48340.29259999998
C-26670,47698.034700000004
C-9189,18118.601199999997
C-22053,19439.895099999998
C-12297,90037.06710000001
C-21408,43528.688799999996
C-11613,82168.96299999997
C-29159,104570.8018
C-41736,161965.71329999997
C-42923,0.0
C-16959,29117.8007
C-22122,62789.17850000002
C-25754,83043.71890000004
C-13529,46232.14999999998
C-6136,56378.842399999994
C-35724,9811.732500000006
C-48000,88841.85090000002
C-15262,71614.18309999998
C-27494,0.0
C-18627,198248.89100000006
C-22246,17191.913999999997
C-41668,30960.426500000005
C-42447,0.0
C-42336,0.0
C-49689,0.0
C-46235,0.0
C-39800,36681.9553
C-47081,26845.745000000006
C-8863,50603.8506
C-9157,182815.16050000011
C-12393,128796.5569
C-8595,10561.08830000001
C-31500,46186.30879999999
C-20255,30934.124300000003
C-28803,117316.80050000001
C-3497,60355.2166
C-38310,62311.94449999998
C-44126,1160.2882
C-8729,40833.83359999999
C-42443,39918.95849999999
C-42654,0.0
C-46391,0.0
C-24334,0.0
C-40054,42187.13290000002
C-28900,64721.62500000002
C-37838,109539.87239999996
C-1189,16556.59270000001
C-5446,28792.822100000005
C-18945,54933.0421
C-8640,22381.563099999996
C-49642,986.5311
C-12214,109887.52430000003
C-30885,43076.54499999999
C-31068,153078.85959999997
C-37541,22238.659300000003
C-10041,38473.42639999999
C-45988,0.0
C-39341,36747.6062
C-28486,102230.78140000007
C-19409,27183.072600000003
C-19739,21787.624499999987
C-34540,59939.641599999966
C-46707,0.0
C-17492,42868.695999999996
C-3890,15322.370000000003
C-48846,30365.270500000017
C-21450,0.0
C-888,22223.051499999994
C-20044,218427.14440000014
C-19014,0.0
C-41456,45880.7942
C-23799,35578.703499999996
C-17286,19227.457599999994
C-33761,37313.0386
C-492,127111.95690000005
C-43593,37076.83649999999
C-13548,24473.068599999995
C-833,13090.057499999995
C-40177,31207.005900000004
C-29534,10339.738400000004
C-24673,17481.6725
C-43609,29459.083399999985
C-49847,0.0
C-33668,38146.1396
C-17859,21988.479400000004
C-12033,52272.84789999999
C-30114,139892.5134
C-37451,35292.986999999994
C-42281,0.0
C-37994,28340.123499999998
C-29885,151374.62119999997
C-37983,90554.59869999999
C-28700,27175.888199999998
C-10189,37250.954300000005
C-3108,77580.8065
C-8712,98922.33990000004
C-41096,188466.15179999996
C-4319,26129.9803
C-3881,86089.1655
C-18088,111906.36529999998
C-1243,84845.68510000002
C-22715,117571.69070000004
C-32183,64175.57609999999
C-46117,133.3933
C-27876,47996.56859999997
C-8493,34576.48039999998
C-40622,0.0
C-9213,44299.07500000002
C-8167,97198.94450000004
C-28680,42148.35200000001
C-20714,0.0
C-21015,30770.670100000007
C-8882,91063.28919999998
C-46869,18041.45770000001
C-22000,16839.66570000001
C-28368,143337.80059999996
C-31313,38378.80040000001
C-11597,9649.715299999993
C-20509,212150.455
C-29817,0.0
C-24065,28844.3391
C-4642,40776.5365
C-27655,0.0
C-7569,65503.30639999999
C-48462,42443.845600000015
C-40479,54505.906800000004
C-21585,66070.99419999999
C-43646,0.0
C-43616,0.0
C-4445,23557.811400000002
C-25988,10875.3386
C-29982,156370.26
C-22519,0.0
C-4732,69682.52769999999
C-37459,7418.268
C-34858,64326.83530000001
C-10008,48920.68130000001
C-7840,44675.24949999999
C-40694,21356.028599999998
C-11077,39953.9762
C-2943,110436.89310000003
C-44222,50191.6816
C-33233,50374.039700000016
C-35720,42639.62959999998
C-45223,16760.30879999999
C-42604,0.0
C-38853,13326.094700000005
C-39669,31806.904799999982
C-13792,55689.146900000014
C-44773,22788.2808
C-4820,70047.8276
C-47487,24077.04719999998
C-3648,34526.65630000001
C-36876,59415.561200000004
C-15540,24807.947799999994
C-24479,28355.703599999993
C-46956,46757.860100000005
C-15303,128153.19289999995
C-16301,89354.93270000005
C-8768,40126.100699999995
C-48974,54812.5186
C-12415,35710.71199999999
C-37967,9477.184700000003
C-21951,40881.1963
C-31289,55110.821
C-32108,59129.94020000001
C-15712,42538.04990000001
C-34151,14082.952900000002
C-49455,751.4328
C-25,57779.268200000006
C-47269,29440.962500000012
C-49297,0.0
C-4921,0.0
C-35913,78642.70150000001
C-20052,135760.0338
C-4414,0.0
C-45896,0.0
C-19408,60494.503500000035
C-8232,93278.34999999998
C-46395,0.0
C-43507,0.0
C-8075,60584.10739999999
C-33030,160150.84250000006
C-34133,9453.042200000005
C-15626,0.0
C-47066,15532.8848
C-35423,113073.57769999998
C-14505,42257.0665
C-6419,30718.477599999995
C-3026,107257.16879999997
C-40519,63392.768500000035
C-28638,85498.03480000001
C-6459,107559.9007
C-32664,43953.90080000001
C-8691,79449.77489999996
C-33175,79865.00299999998
C-10801,33494.1918
C-45406,0.0
C-45210,2898.1454
C-33334,56953.196700000015
C-15360,37719.197400000034
C-6626,34712.7172
C-43926,0.0
C-12728,18773.550000000007
C-31879,0.0
C-21740,0.0
C-11208,20782.449900000007
C-47271,0.0
C-19678,18692.646099999998
C-37742,55125.585199999994
C-26535,54243.91170000002
C-7981,125021.21599999997
C-19469,36754.3658
C-45495,16971.7466
C-30206,62955.021400000005
C-42055,566.864
C-358,20470.0277
C-848,0.0
C-37697,0.0
C-8063,53708.8096
C-6018,84063.9567
C-29511,13682.537500000002
C-9029,21373.966
C-47879,39254.72020000001
C-35772,34797.9909
C-6336,63372.56670000002
C-6141,57254.07450000001
C-3857,24357.1881
C-24626,28779.345999999998
C-8973,11875.077799999997
C-3491,73651.9378
C-35631,45231.171999999984
C-32915,82971.78029999997
C-38335,34033.7854
C-21503,63167.087
C-36622,0.0
C-344,24258.388399999985
C-33876,46897.35760000002
C-37743,24819.35650000001
C-35233,45071.182400000005
C-47668,6944.554800000001
C-30580,79721.47860000002
C-44639,29710.6931
C-3597,66954.0419
C-16615,87153.0024
C-33547,29679.869899999998
C-2812,50726.01310000001
C-31466,26593.194599999995
C-7853,66055.68690000003
C-17390,90244.72830000002
C-13895,109848.78499999996
C-791,102634.12100000001
C-45126,0.0
C-18253,49740.58700000002
C-15233,21575.320999999996
C-8464,39949.66419999999
C-16248,111217.5038
C-8572,25008.28950000001
C-36110,61206.68609999998
C-44606,0.0
C-44188,18694.64680000001
C-15095,33971.41049999999
C-9770,0.0
C-49164,0.0
C-22909,16481.586200000005
C-4247,13532.079799999996
C-21985,39193.57759999999
C-48739,0.0
C-12270,26870.832300000005
C-33481,117282.80000000002
C-48296,51339.214400000026
C-28125,39208.686799999996
C-42052,0.0
C-32304,69304.83990000004
C-36499,30677.2424
C-48149,52953.772600000004
C-29292,76600.90030000002
C-3303,149067.60439999998
C-26139,48250.5026
C-2781,129887.6973000001
C-19133,93948.71080000002
C-19390,19184.399199999996
C-25546,70640.40580000002
C-35625,19927.406600000002
C-34844,47022.11470000001
C-38043,79230.20509999996
C-1848,33093.3681
C-16222,119616.64739999999
C-40099,119156.44559999996
C-47770,23546.794000000005
C-41234,99875.93460000002
C-25442,118568.50379999999
C-11896,102325.86600000005
C-28857,54437.0141
C-24888,14669.60170000001
C-48102,0.0
C-25383,28440.502200000017
C-788,42343.814000000006
C-3722,15735.830900000006
C-5433,18408.1884
C-6302,17640.807100000016
C-5595,61310.71309999999
C-33284,24163.020099999987
C-44407,0.0
C-37421,115382.79720000006
C-44737,0.0
C-9554,6202.735700000002
C-7379,26401.556800000006
C-23085,22479.4463
C-17784,29419.4169
C-21719,6342.595799999998
C-45823,566.864
C-46961,111957.8195
C-13561,30278.917300000005
C-49206,0.0
C-46393,82286.16649999999
C-46890,23938.22499999999
C-35116,40837.238900000004
C-31039,42027.368899999994
C-10804,0.0
C-33118,38594.16820000001
C-5416,41272.93310000002
C-1973,122763.43849999999
C-26663,45128.60659999999
C-21887,23401.86730000001
C-41514,889.9944
C-37928,0.0
C-18032,90382.1991
C-36840,34386.08099999999
C-24173,33778.8775
C-29531,83463.27700000002
C-43270,120.94290000000001
C-4425,47145.920699999995
C-27687,0.0
C-21457,43081.2257
C-23751,46582.866900000015
C-32723,137801.55500000002
C-14800,29512.055400000005
C-22587,7455.969999999997
C-25805,17056.45399999999
C-38545,15093.734400000001
C-21693,46997.78589999999
C-13386,0.0
C-15636,16943.746100000004
C-3329,97003.87389999996
C-30193,78462.0816
C-15396,141975.39800000002
C-23253,43741.24000000001
C-39837,128973.46530000003
C-16454,68360.33340000003
C-27817,0.0
C-37556,47894.5616
C-46057,63211.36180000001
C-48474,51235.29640000001
C-2090,8929.028900000005
C-11582,73046.40590000003
C-38493,85498.57049999997
C-30365,17995.30580000001
C-34851,1192.6302999999998
C-17069,0.0
C-23747,0.0
C-20190,27820.964299999996
C-30229,43111.559700000005
C-22930,43467.1685
C-9788,53917.03299999997
C-6503,29307.877
C-45262,0.0
C-42125,97641.93519999996
C-34198,19648.5252
C-6404,87290.29160000004
C-46955,42474.140300000014
C-24171,42708.1998
C-2,16798.455199999993
C-30681,29447.13049999999
C-36864,131413.2696
C-45117,0.0
C-9646,0.0
C-45372,3309.4345000000008
C-25741,0.0
C-40728,82731.86309999997
C-2774,63184.060199999985
C-16603,68904.74440000001
C-43561,27932.579900000008
C-14945,44959.68779999999
C-43480,0.0
C-44292,138.7601
C-28380,80405.3514
C-8138,5675.9364000000005
C-4178,0.0
C-16736,48195.10499999998
C-41963,0.0
C-31384,76044.9414
C-14667,31947.98269999998
C-38942,64005.29969999999
C-10714,42283.526999999995
C-20134,18563.270200000006
C-41726,0.0
C-24850,0.0
C-29288,61400.918000000005
C-1164,65415.440299999995
C-47672,13890.6119
C-37919,43929.14460000002
C-37597,39622.7815
C-38076,45457.07249999999
C-24477,0.0
C-23914,66488.34249999997
C-13301,38842.6249
C-18539,58464.89220000002
C-23044,5181.096500000001
C-21502,72335.41169999997
C-40449,0.0
C-28586,18543.17429999999
C-34718,150410.8795000001
C-41186,121108.71510000002
C-47296,0.0
C-20525,62359.94399999997
C-12347,16699.8422
C-25324,21635.634100000003
C-9161,24102.3238
C-142,41810.29970000001
C-24807,0.0
C-38145,58060.08850000001
C-36162,12561.405099999998
C-22871,15212.762800000004
C-23871,0.0
C-10886,139874.6454
C-24266,20705.48649999998
C-767,19197.654500000004
C-47811,0.0
C-35686,120924.21550000011
C-38776,94332.93930000003
C-19205,98038.68880000005
C-11544,22622.8176
C-30961,39872.08460000002
C-27896,12624.252199999995
C-43973,19408.132400000002
C-19217,69960.4337
C-6700,0.0
C-24717,100840.7626
C-234,42796.2666
C-27257,92633.42080000002
C-15186,30120.153100000007
C-19423,41558.04879999999
C-34623,45370.07479999997
C-35508,44548.79139999999
C-32209,12001.616000000002
C-13543,41965.62109999998
C-49876,0.0
C-35561,71226.17390000001
C-4654,116644.43670000002
C-43417,0.0
C-17946,87900.15060000002
C-24941,27344.7823
C-25018,0.0
C-48632,0.0
C-42012,0.0
C-340,118188.26430000004
C-7306,0.0
C-7686,57874.49600000001
C-7859,50776.557700000005
C-7909,107264.23300000001
C-8351,105386.02070000002
C-34669,43905.37929999998
C-11556,124723.35699999999
C-13389,43851.014700000014
C-36628,130492.5074
C-13333,0.0
C-49643,52604.533800000005
C-28367,30902.216500000002
C-21252,51767.78279999999
C-33744,45726.732200000006
C-47128,27008.766600000003
C-38056,160893.81049999996
C-46932,0.0
C-19919,0.0
C-20342,186914.2695
C-20495,71843.5211
C-48255,10166.770899999998
C-16199,15935.6417
C-38294,30305.049399999985
C-22310,45181.65509999999
C-28767,8783.617999999997
C-6701,26599.46460000001
C-45110,31558.27010000001
C-314,43143.22620000001
C-13294,27973.996799999997
C-21535,25314.65169999999
C-8253,101136.54139999997
C-33158,0.0
C-25415,64794.05199999998
C-45958,125852.76940000006
C-41650,103776.78559999999
C-31177,34507.8894
C-23397,48095.80710000002
C-25316,124551.13609999999
C-49620,17312.313599999998
C-7322,0.0
C-12612,0.0
C-43390,29803.578400000002
C-48040,0.0
C-28288,184980.13869999992
C-4185,211592.90669999993
C-40164,163642.62619999997
C-48273,38360.82359999999
C-29580,16704.851400000003
C-3067,26521.3993
C-19236,38884.74859999999
C-48357,42129.69079999999
C-23266,20271.586999999985
C-42866,41147.26970000002
C-676,89014.83690000005
C-35834,51488.82279999997
C-24786,39094.757900000004
C-8283,13372.1647
C-19547,79641.62959999996
C-42908,111555.87999999998
C-24980,0.0
C-44864,0.0
C-27674,44337.256499999996
C-41126,0.0
C-29181,82924.67909999998
C-37609,48247.145500000006
C-49723,0.0
C-20105,58953.316100000025
C-12704,85850.59730000001
C-8961,72527.85749999998
C-7910,44035.07360000001
C-44942,147311.01020000002
C-6706,22579.989700000016
C-16896,96155.59680000001
C-49732,0.0
C-7595,17277.8098
C-43888,0.0
C-17945,124668.8399
C-35849,17125.716699999994
C-6745,28001.46810000001
C-15353,34690.7046
C-17401,21854.61200000001
C-12059,37455.3529
C-24289,16394.784099999993
C-34904,32082.073499999984
C-17468,136676.71
C-13138,57980.44719999999
C-15230,38315.301
C-49224,0.0
C-41150,23854.18939999999
C-6187,45579.56200000002
C-18733,23538.972500000003
C-37017,53663.64710000001
C-27327,116342.81059999997
C-30429,0.0
C-27748,21311.744899999987
C-13802,47543.8612
C-18475,27352.862099999995
C-45774,30743.372399999997
C-8072,69429.34229999996
C-35908,7940.797400000002
C-23109,37108.51839999999
C-26822,20616.850700000014
C-24707,129678.25550000003
C-20526,23005.7061
C-30424,49054.113000000005
C-49418,0.0
C-26479,14838.668300000001
C-8387,71142.43780000001
C-6655,38509.853899999995
C-37042,91499.32040000003
C-279,17638.813599999998
C-31834,50412.311699999984
C-11843,75251.02819999999
C-16974,25189.71490000001
C-33171,39942.63530000001
C-32055,48897.2771
C-37019,18953.544900000008
C-33443,111657.79639999996
C-20162,29391.5115
C-28139,37709.428500000016
C-34162,0.0
C-31262,23408.009400000003
C-1638,59690.15709999998
C-24102,0.0
C-17127,27313.036199999995
C-44900,19008.610600000004
C-20150,13345.1343
C-49986,0.0
C-18561,99993.305
C-21931,95655.63500000007
C-10454,92334.88750000001
C-2782,84518.26479999999
C-16404,131219.91100000002
C-34884,27141.804300000003
C-14495,48240.561900000015
C-27484,35573.87229999999
C-7349,113981.24469999997
C-41417,0.0
C-11043,165923.02920000002
C-8502,48420.14819999998
C-5180,23094.299699999996
C-31406,29837.6398
C-34649,0.0
C-40853,101365.70069999997
C-20794,0.0
C-16072,55804.9018
C-14349,69008.84430000001
C-40156,30376.34120000001
C-4038,23769.488000000012
C-37995,39949.9165
C-13929,23838.871300000003
C-29045,21551.247799999994
C-42664,13023.9652
C-44027,704.2424000000001
C-25864,48537.29840000001
C-38973,115085.51010000003
C-3245,0.0
C-47958,96553.12849999998
C-40066,47133.25550000003
C-10888,56054.685600000026
C-16474,19514.0399
C-49410,0.0
C-17402,0.0
C-36328,0.0
C-40670,40790.366699999984
C-31272,9694.946100000003
C-6845,33757.59200000001
C-5943,39287.38990000001
C-15088,63281.21750000003
C-22899,0.0
C-45980,142974.6467
C-41751,41227.9377
C-10843,0.0
C-26299,11403.306499999999
C-47615,20093.261400000003
C-49981,12670.806900000003
C-10084,95440.95839999994
C-31452,9648.591399999998
C-31035,0.0
C-14133,0.0
C-7290,21920.57990000001
C-34603,0.0
C-6808,39093.101500000004
C-35252,177857.00499999998
C-16224,21381.01709999999
C-2123,8199.7224
C-20269,20491.4953
C-3363,76100.12120000001
C-18074,18999.981200000006
C-48195,0.0
C-769,37162.91870000001
C-19321,23897.294599999994
C-44401,0.0
C-15922,28498.377200000006
C-3637,34993.44190000001
C-46072,24193.71749999999
C-29609,59022.73000000002
C-29405,25879.21489999999
C-46731,0.0
C-25601,133182.08860000002
C-44012,12662.850400000003
C-29369,51557.153199999986
C-25011,60853.26860000004
C-23207,53875.30369999999
C-4665,42771.274899999975
C-8285,0.0
C-38097,44925.16979999999
C-1543,55662.65740000004
C-44795,0.0
C-4112,81813.55109999994
C-40573,0.0
C-41959,107820.08489999999
C-3176,54077.36670000002
C-41033,71142.35359999997
C-14605,0.0
C-37909,63721.13099999999
C-28392,52685.73229999999
C-35127,67041.31990000003
C-41441,0.0
C-49240,457.7497
C-9254,28855.4841
C-33056,30178.7785
C-43487,87913.98709999997
C-31785,0.0
C-11568,79314.12569999999
C-29018,70660.8426
C-39340,90072.91530000001
C-21831,58220.053200000024
C-13230,48369.23959999999
C-9835,119823.60159999998
C-10699,39830.08760000006
C-23007,67308.94530000004
C-2300,56441.936000000016
C-31891,61537.27199999999
C-4265,106386.15360000002
C-20562,101908.58769999997
C-4390,0.0
C-8428,9502.985399999998
C-2751,51764.692399999985
C-34744,137173.26299999998
C-45670,28273.365
C-38245,117065.8324
C-41939,88519.50829999996
C-10157,19756.8259
C-38888,125087.68880000003
C-33270,13316.470099999999
C-5472,34303.539699999994
C-14616,211857.9859000001
C-19117,81449.11440000008
C-3437,118362.17119999992
C-15329,0.0
C-39235,32949.81129999999
C-24641,47923.829300000034
C-15036,69772.8531
C-14242,59011.04200000001
C-3728,83914.78149999997
C-1765,10740.932200000003
C-5902,135641.87579999995
C-24292,92935.5859
C-13776,75146.11450000001
C-36051,117605.38349999998
C-2842,37144.75099999999
C-12723,0.0
C-30610,58062.729800000016
C-13165,0.0
C-47253,0.0
C-11392,70707.793
C-17208,139368.79330000002
C-8934,0.0
C-48894,58860.28239999998
C-48350,0.0
C-1789,72819.8389
C-35400,88464.35289999997
C-11614,20399.754899999996
C-21786,43648.14680000001
C-40739,60629.26400000001
C-7029,76698.66930000002
C-16579,0.0
C-41354,0.0
C-9342,130416.25280000005
C-23382,37130.26429999997
C-29485,61077.9141
C-15651,97485.4287
C-39917,135654.83509999997
C-7671,0.0
C-39282,29664.947399999994
C-21149,63354.12360000005
C-1448,66160.34579999997
C-39303,0.0
C-11872,26251.138899999998
C-37779,17654.583000000006
C-20397,53918.0999
C-26516,110153.83380000002
C-29533,77901.6441
C-5251,44943.52359999998
C-25386,48322.02180000002
C-10254,53952.73910000005
C-37841,75844.31390000002
C-2018,21477.99269999999
C-31570,59653.959499999975
C-6772,112664.78059999998
C-1580,9592.7306
C-49057,11809.245500000005
C-5047,37951.44040000001
C-32868,28799.119500000015
C-36351,26203.948899999996
C-6689,43473.15910000002
C-18302,24193.89900000002
C-34550,99949.54120000007
C-14418,11619.9646
C-16447,14357.924099999997
C-36895,64404.04940000003
C-31133,41207.53439999998
C-46500,0.0
C-14708,42122.809
C-13161,83883.48999999999
C-25885,60199.57079999998
C-39364,21630.114800000003
C-12420,15253.599100000003
C-32549,49194.246900000006
C-45704,32808.865699999995
C-2891,22857.821600000007
C-47673,21677.154199999994
C-46341,1428.6153
C-30949,90817.6188
C-27623,11076.109199999999
C-10958,206751.13599999997
C-42024,28572.118200000004
C-21104,144778.64729999992
C-38909,47475.867
C-8514,0.0
C-10203,11444.959699999998
C-46525,34293.52000000001
C-12190,186106.8045
C-26683,30484.911099999998
C-15257,32661.133800000003
C-26435,59436.6483
C-11065,25336.881
C-31630,58069.03500000004
C-18907,148925.3451
C-47372,766.1771000000001
C-26836,14415.244099999996
C-12677,59519.70960000001
C-38971,54160.79210000002
C-1616,9505.224899999996
C-21112,38103.7708
C-37592,49541.28710000001
C-46546,1428.6153
C-30863,47340.43010000003
C-10001,53043.244099999974
C-12619,28750.036099999998
C-7921,46932.54329999999
C-21357,0.0
C-9054,0.0
C-19124,49423.71389999999
C-7316,33172.2377
C-6049,26029.805799999995
C-49882,0.0
C-33154,94927.7342
C-44743,0.0
C-1066,68439.82450000002
C-47532,0.0
C-3512,73105.27329999999
C-19255,40332.56890000001
C-10924,54186.54909999999
C-1762,73102.368
C-30312,47614.68199999999
C-16059,29400.059499999992
C-3136,0.0
C-43703,0.0
C-38855,13558.619799999993
C-5503,79143.28320000002
C-14067,48094.14630000001
C-36975,76291.27910000001
C-463,0.0
C-10586,120045.07370000007
C-30419,37149.51940000001
C-31374,136015.17070000002
C-15714,129552.14580000007
C-35189,63846.27760000004
C-5954,139887.04409999997
C-44721,77707.30869999997
C-12821,33685.57189999999
C-20369,127885.68210000008
C-17183,41746.4965
C-48631,1428.6153
C-12319,24098.322999999993
C-29652,27629.489100000006
C-10569,12854.283099999999
C-42555,47475.7741
C-49936,69535.69900000004
C-34746,129553.16369999999
C-2768,19358.851199999997
C-2106,0.0
C-45701,52942.9294
C-32656,59509.011999999995
C-44920,0.0
C-17853,12512.948699999999
C-48536,24037.1923
C-5939,0.0
C-6762,67735.6502
C-18773,47965.56749999998
C-21196,45952.53560000002
C-312,14583.008800000005
C-40534,19923.6046
C-13039,44434.6474
C-27855,20995.598399999995
C-6584,0.0
C-43990,97253.48880000002
C-34226,12785.677300000005
C-12681,23401.085600000013
C-49427,0.0
C-39201,22633.64510000001
C-44712,33224.62959999999
C-47721,8392.4175
C-27587,0.0
C-16103,97250.7307
C-12506,20089.409600000006
C-13462,48753.72430000001
C-44408,184242.80079999994
C-37866,135877.1565
C-18163,22277.252399999994
C-2320,24978.667900000004
C-12294,37068.79940000001
C-46728,89864.6582
C-22855,107723.65720000006
C-7662,97363.70750000002
C-15113,16042.379700000001
C-20519,17488.2893
C-27670,66761.88859999999
C-39069,10894.853900000004
C-42194,0.0
C-4931,61018.19450000002
C-34262,21925.95069999999
C-36278,0.0
C-9745,0.0
C-32965,146655.97809999998
C-11169,133321.1752
C-30108,47607.80519999999
C-36971,0.0
C-27076,92128.79750000002
C-10506,26148.992599999987
C-41071,42023.012299999995
C-12346,191724.14660000004
C-6146,43073.755100000024
C-40504,48709.1614
C-24748,28484.470899999993
C-30042,23105.40009999999
C-31074,44867.00970000001
C-29886,17465.010100000003
C-6487,65641.7711
C-28352,0.0
C-49267,30096.92220000001
C-42058,11136.435699999995
C-15928,172148.11550000007
C-13500,100724.8905
C-48084,0.0
C-10346,24667.666400000002
C-34627,5928.562799999999
C-15672,56941.02270000002
C-7707,88619.18240000003
C-6903,11412.753500000006
C-10817,48176.21130000002
C-18206,0.0
C-6089,63713.81380000002
C-33310,52008.36900000001
C-5506,34046.7866
C-10962,42294.83149999999
C-35038,27111.736999999997
C-10855,78324.96269999996
C-38824,10054.589899999999
C-44423,0.0
C-49903,0.0
C-49878,0.0
C-5512,0.0
C-46581,6172.2798
C-11,74260.64160000003
C-44459,0.0
C-29870,214167.80729999996
C-35195,45287.628899999996
C-27400,19621.70049999999
C-8788,77425.85449999999
C-44237,15052.936999999994
C-388,30064.386199999997
C-49271,43593.777299999994
C-20656,132882.9848
C-49203,22504.450800000002
C-43472,0.0
C-10063,8314.885300000002
C-4808,47883.695300000014
C-25609,8382.148500000008
C-12211,42239.833500000015
C-15760,30782.717200000003
C-27919,97578.67610000001
C-19092,0.0
C-32740,22274.424100000007
C-5640,13838.310199999998
C-7009,71908.19990000002
C-13874,14623.437399999993
C-31759,0.0
C-43897,0.0
C-37295,47502.1912
C-8344,107637.71689999997
C-31364,9701.001
C-25634,108372.0545
C-32030,22804.91479999999
C-31094,0.0
C-3165,23237.490900000008
C-11198,25122.0392
C-20906,169870.2164
C-21399,0.0
C-41066,35604.420999999995
C-47509,0.0
C-49794,80938.69189999998
C-37619,91332.96139999997
C-5317,20322.422200000008
C-39929,60239.44250000002
C-11037,25897.2623
C-36837,54672.31439999999
C-35114,53921.27729999998
C-7749,52829.96060000002
C-4900,0.0
C-16436,12117.006100000004
C-17520,17578.449800000006
C-15876,103111.584
C-44869,862.7414
C-1886,0.0
C-34919,67251.19140000003
C-22592,62093.33729999999
C-5167,69928.24339999999
C-41653,0.0
C-3564,68624.09629999998
C-12476,62682.41300000001
C-4564,11429.401499999996
C-29515,106872.11819999997
C-17891,38051.07830000001
C-41639,125848.3902
C-14274,24367.689400000003
C-6369,45413.0496
C-310,0.0
C-42794,34770.32189999999
C-3674,180014.88789999994
C-44997,26364.308999999987
C-35391,4536.3452
C-35624,0.0
C-39399,72713.70980000003
C-37448,0.0
C-23190,119690.70439999999
C-24594,41522.611200000014
C-23428,0.0
C-711,105440.07779999997
C-6538,18565.6724
C-9829,110842.481
C-21715,21459.26420000001
C-25081,28694.50349999998
C-10545,40231.7254
C-35999,28346.150299999998
C-16986,46027.336399999986
C-45044,4057.1753999999996
C-27408,225158.0596
C-49295,0.0
C-8222,73056.86480000002
C-19152,28460.02570000001
C-10325,30413.395600000018
C-5827,168088.62149999998
C-37846,11787.731599999994
C-31150,83843.40060000002
C-44559,72822.57389999997
C-34072,0.0
C-13609,203082.66799999995
C-35968,0.0
C-31169,16388.870099999996
C-25675,16053.220600000002
C-42152,0.0
C-34315,6075.225400000004
C-21826,13982.277700000002
C-27909,66230.32359999997
C-16553,104587.6064
C-36793,73944.93269999999
C-11420,47751.39700000001
C-32619,44784.29919999999
C-26075,67850.76640000002
C-5751,0.0
C-49948,0.0
C-17840,67773.44929999998
C-19572,86381.2934
C-8673,39853.72179999999
C-6748,22176.096400000006
C-8498,123356.77159999995
C-37561,21575.42920000001
C-40865,161136.38549999995
C-8793,136823.56639999998
C-36440,87246.55630000001
C-45820,0.0
C-2260,63083.898000000016
C-43327,0.0
C-2136,43164.46550000002
C-14871,0.0
C-38520,19213.405400000003
C-48777,0.0
C-9299,0.0
C-43783,9279.094299999995
C-47169,0.0
C-5788,49161.23250000001
C-33151,64669.86979999998
C-31416,43862.96089999999
C-18474,0.0
C-19763,0.0
C-39406,14630.050900000006
C-14659,0.0
C-36607,29752.86269999999
C-1691,73383.00439999999
C-12829,16614.881900000004
C-17216,0.0
C-3247,89314.46879999997
C-20899,14664.863900000002
C-35747,64032.42789999995
C-42177,59123.93630000001
C-13716,48875.97160000001
C-8241,161267.5631000001
C-31029,12514.184599999997
C-29809,48987.905
C-19495,101503.94610000007
C-15476,36509.38439999999
C-34577,0.0
C-13425,54927.4162
C-38163,94278.05800000002
C-19692,45521.17669999998
C-32971,0.0
C-25161,29805.486199999996
C-9705,35344.43530000002
C-39361,16322.382000000001
C-8838,28430.694999999985
C-32707,55680.27749999998
C-13257,44411.614700000006
C-5802,0.0
C-5491,26057.9761
C-19990,140039.82659999997
C-28408,0.0
C-2135,64225.77920000001
C-46037,0.0
C-4593,123620.51440000004
C-6152,34607.781399999985
C-45829,0.0
C-16074,0.0
C-40435,23890.261599999998
C-17861,33469.3363
C-17016,70385.6172
C-27087,165388.1207
C-11539,55844.45800000003
C-9473,38954.21600000001
C-42034,766.1771000000001
C-6227,126831.51280000003
C-18321,81148.17730000001
C-28745,112779.33499999998
C-43648,6836.0637000000015
C-2310,49741.52739999998
C-37195,18979.668700000002
C-39688,40732.59720000001
C-4065,106178.8838
C-34320,38779.046599999994
C-2641,83887.36730000004
C-18398,53595.600299999984
C-36854,62396.50720000001
C-4873,67207.64289999999
C-39608,70715.56409999999
C-37128,58442.202399999966
C-44261,21817.3929
C-14389,69331.31650000002
C-3981,130473.98920000004
C-5297,34225.816300000006
C-5891,13824.302400000004
C-4589,44897.8191
C-30023,0.0
C-42931,12522.722600000003
C-30778,37445.72609999999
C-49858,61205.738600000004
C-19849,27635.85019999999
C-46899,66291.9045
C-28256,58449.8262
C-43070,136668.2818
C-18165,62992.50580000003
C-36059,0.0
C-13242,63999.012899999994
C-32985,67129.98649999998
C-41133,22337.220900000004
C-9273,58151.99530000001
C-12784,75421.19160000002
C-43992,69250.31659999996
C-33452,45420.51560000001
C-6342,13687.9346
C-8264,61939.6939
C-49567,78153.71979999996
C-31582,11522.659899999997
C-15405,16561.8918
C-29962,31508.5136
C-28945,96457.01330000004
C-8166,93729.77249999998
C-29734,80965.28829999999
C-7380,59295.50959999999
C-14441,84686.655
C-33326,35562.9013
C-17873,139856.6821
C-15158,190218.3056
C-3537,19874.129399999998
C-29655,11443.107600000003
C-17851,48753.986999999994
C-49946,79077.77850000001
C-2065,151861.45749999996
C-14217,63952.28220000002
C-668,34521.297900000005
C-25303,77224.45699999998
C-4066,39564.348399999995
C-29251,114273.29019999996
C-47785,0.0
C-45982,64429.894199999944
C-18096,101947.63550000005
C-45744,0.0
C-44442,28667.7062
C-44855,71504.43320000001
C-47753,29982.704300000005
C-24468,59133.53379999999
C-47636,65712.86369999999
C-6449,115058.1355
C-28578,55552.092000000004
C-18436,32027.600300000002
C-34442,187140.6984999999
C-6443,119521.16180000006
C-3930,10190.230999999998
C-9060,22072.985099999987
C-6825,91100.9611
C-9346,75395.07140000002
C-39089,65540.9976
C-34510,10674.105999999994
C-39311,47821.1588
C-14654,24419.6428
C-49022,92003.78920000001
C-14490,11730.964200000002
C-11699,0.0
C-12145,68739.71610000002
C-49736,0.0
C-26938,7875.607299999996
C-34098,46788.9382
C-27853,92693.90200000003
C-869,69222.49099999998
C-14664,0.0
C-39726,15895.708799999995
C-43294,35453.109500000006
C-8675,0.0
C-30787,44993.61920000001
C-19402,52411.23030000001
C-35250,13753.063799999996
C-1520,45293.983800000016
C-43630,69853.92180000001
C-11714,23090.935200000004
C-17964,108923.7692
C-1547,44596.07609999999
C-12436,152457.87460000004
C-16716,29807.086699999996
C-8920,60741.550099999986
C-42026,0.0
C-10964,118154.75820000003
C-4677,67420.64859999999
C-19648,94274.39140000002
C-37730,954.3485000000001
C-2977,32438.161900000003
C-21053,105686.19090000002
C-14799,0.0
C-9972,27177.645900000007
C-1246,79867.9249
C-15106,40834.794999999984
C-38275,15552.028299999996
C-13218,32851.7438
C-427,77318.14940000004
C-5863,38809.58929999997
C-5853,81250.09810000002
C-24461,55793.04839999998
C-25940,103666.07909999993
C-32235,153864.55030000003
C-5200,23980.38250000001
C-15060,90321.96
C-3041,16389.264000000003
C-6590,74324.65039999998
C-7341,136398.57610000003
C-42269,106822.23180000001
C-28464,43266.3128
C-40140,100136.65879999998
C-9710,75911.9384
C-49927,0.0
C-9900,57038.88440000001
C-31282,23970.774499999996
C-5656,0.0
C-15522,132471.61570000008
C-27898,117438.57810000009
C-43642,566.864
C-2402,60965.77689999997
C-6976,44934.91939999999
C-7235,75602.86819999997
C-45209,48575.74939999999
C-43584,34589.350300000006
C-823,99795.72430000002
C-20289,58673.5689
C-14572,0.0
C-17866,21032.507800000007
C-40012,19562.70130000001
C-18236,53473.09019999998
C-47026,31132.258899999986
C-48839,0.0
C-34463,86486.43210000005
C-32230,10846.411999999997
C-39690,61684.551599999984
C-23604,13436.604600000004
C-4960,46489.06859999999
C-16506,24337.390199999987
C-25491,30160.668800000014
C-4451,17517.469100000002
C-21211,16052.687600000003
C-7281,104552.43120000004
C-18339,0.0
C-34249,102308.65930000006
C-29314,63425.72069999999
C-49484,44472.29520000001
C-34384,40664.055499999995
C-5998,63588.380300000004
C-26126,32584.1834
C-858,12328.834900000009
C-22827,18683.794199999993
C-40606,42875.32619999999
C-22502,25943.12049999999
C-31905,48781.8544
C-9474,77865.85240000005
C-18399,13465.627
C-9298,42806.33739999998
C-4809,69187.5014
C-35226,16030.106700000004
C-11951,21614.423699999996
C-2611,0.0
C-10408,21238.637800000004
C-13838,33977.14410000001
C-11034,137415.00230000002
C-34651,93315.19469999996
C-6383,23900.177699999997
C-13111,182264.86159999992
C-38646,47132.508099999985
C-42497,72441.99630000001
C-47603,121970.13479999994
C-25197,13571.962099999999
C-36229,44350.79240000002
C-24462,23790.893900000003
C-30528,43691.99510000001
C-37530,21288.676799999987
C-49191,45469.960999999996
C-18428,59446.0043
C-34823,34828.58759999999
C-14128,63758.66900000002
C-3468,35746.31799999999
C-13310,43163.413900000014
C-13498,32885.814699999995
C-47514,52874.924900000005
C-26839,0.0
C-37350,31013.3214
C-14098,27232.0717
C-3405,54797.467000000004
C-30046,70123.6685
C-38161,56401.33850000001
C-4796,23544.228499999997
C-25139,73038.42929999997
C-34745,9163.560300000001
C-49051,0.0
C-15958,0.0
C-32775,0.0
C-15870,91844.72840000008
C-15481,123962.3060999999
C-30230,0.0
C-40,45718.3445
C-29277,17507.917500000003
C-24950,42781.24589999999
C-7570,38741.78590000001
C-24552,0.0
C-13063,0.0
C-39714,25717.2062
C-21590,18012.1565
C-24232,43870.253300000004
C-42126,44718.32479999999
C-48100,24316.034300000003
C-221,116786.75520000006
C-14092,69005.8195
C-30595,88105.81900000002
C-23444,36782.73870000001
C-4400,23555.628999999994
C-38130,29762.4467
C-728,39553.996399999996
C-48987,86333.29049999999
C-46509,29188.593000000004
C-42144,0.0
C-6679,22352.169400000002
C-30501,0.0
C-30340,43428.250100000005
C-29590,0.0
C-6273,53909.35620000001
C-22104,202032.91590000008
C-5944,19643.011099999992
C-3004,64129.35950000001
C-39951,49873.87670000001
C-46835,0.0
C-1628,22832.98119999999
C-32894,87674.17519999998
C-48007,0.0
C-13185,40606.8141
C-36040,113954.02169999998
C-17221,64915.5978
C-33187,41312.928
C-8685,20328.333899999998
C-32094,50850.95370000001
C-29539,10589.876400000001
C-5090,127837.30589999998
C-1341,108980.32359999999
C-28855,28585.90999999999
C-35419,52175.0455
C-8894,61337.884500000015
C-41805,15218.927499999993
C-12405,57448.8872
C-16605,125507.69050000007
C-16568,68168.47369999999
C-15777,72887.37269999998
C-28826,21979.031899999998
C-4976,85577.37710000001
C-27638,55675.00900000002
C-10305,0.0
C-19949,59219.05130000001
C-37003,94663.19830000003
C-35629,52117.2344
C-37262,54738.517299999985
C-20002,52185.3664
C-24715,150281.15569999997
C-49216,43019.30489999998
C-43925,109428.21959999995
C-34270,64499.252100000034
C-37408,41117.6301
C-7147,52260.53309999999
C-37951,22946.106
C-30915,89179.37320000005
C-4468,28938.2921
C-10028,72924.11719999996
C-3212,110106.68549999999
C-34771,52958.45420000001
C-14824,52200.70689999998
C-6050,39860.61270000002
C-19654,0.0
C-11879,40989.96829999998
C-20657,186995.72669999997
C-27302,49756.62950000002
C-3384,82058.55179999999
C-6691,16638.020399999998
C-6668,13516.669100000006
C-2252,81687.81170000003
C-32017,112194.7805
C-19676,114627.2
C-42286,70330.30460000006
C-17474,56428.07830000004
C-48757,0.0
C-32835,67865.8853
C-35590,0.0
C-8913,98079.023
C-21761,28100.871400000007
C-39881,35677.204
C-2146,0.0
C-26063,104455.55300000001
C-5876,83325.10330000003
C-20493,17876.995899999998
C-14492,52205.182600000015
C-8817,118909.27269999996
C-40612,90758.1808
C-49275,0.0
C-23808,40179.45480000001
C-22073,88472.7491
C-38817,14819.024700000002
C-29323,58790.13020000001
C-19155,53093.17639999999
C-38666,64610.13340000003
C-46904,0.0
C-18224,11139.6576
C-42183,0.0
C-43585,0.0
C-3802,75718.95790000002
C-44954,51400.4497
C-43811,51323.070199999995
C-20020,50304.559700000005
C-23310,92472.1476
C-33846,102797.32699999998
C-37372,50621.43249999999
C-16525,69932.9653
C-16728,8163.647899999997
C-25119,19393.3487
C-40308,173315.63070000007
C-2634,134603.3494
C-5966,65766.40370000001
C-8125,22447.0431
C-44340,8602.762099999994
C-18385,82443.33049999998
C-5383,19317.973199999997
C-38665,29702.542199999993
C-9778,0.0
C-28579,13524.5063
C-46998,58982.357399999986
C-9164,88859.98900000002
C-37796,129829.40389999998
C-41231,0.0
C-37837,100002.23530000003
C-17275,234295.98739999998
C-46179,51553.07400000002
C-19468,35634.62529999999
C-14124,0.0
C-48326,7061.3902
C-38696,66363.82350000001
C-47410,7380.824199999998
C-23064,37742.7534
C-16763,135436.01870000002
C-27615,84981.10920000002
C-8471,42408.6567
C-21799,29195.898900000007
C-48478,426.353
C-18896,125396.36599999992
C-15711,134302.31229999996
C-48826,0.0
C-21409,162445.34759999995
C-13297,0.0
C-42600,111314.56790000002
C-29461,0.0
C-46081,55859.33639999998
C-25148,28262.901799999996
C-12585,14437.899499999998
C-47607,0.0
C-30836,0.0
C-24249,26494.457499999997
C-16503,46037.309
C-34814,49065.966300000015
C-7124,9771.1404
C-18051,52413.001
C-19465,156855.41869999998
C-22599,21928.43530000001
C-20820,75345.40620000001
C-36073,0.0
C-24017,53247.798800000026
C-33710,85812.1327
C-2046,5300.1413
C-13401,168343.22729999988
C-49094,68584.4282
C-30534,80766.05439999996
C-38595,77693.43889999996
C-16516,50583.15309999999
C-39817,0.0
C-10910,46910.82619999999
C-2494,28761.804999999997
C-8334,16864.7209
C-2223,27285.603799999993
C-43428,14332.487600000002
C-45061,45221.47980000002
C-6970,1447.2542999999998
C-19099,52180.93279999998
C-44691,0.0
C-29996,80236.95100000003
C-39014,0.0
C-41204,191663.69859999986
C-9116,24273.55530000001
C-2907,32405.9395
C-4489,13502.459799999995
C-4992,27447.47899999999
C-12323,87328.4
C-35990,18332.098100000003
C-5906,54280.819700000015
C-32968,17195.865799999996
C-14051,83795.27810000001
C-10270,46851.50600000001
C-3375,9374.841300000002
C-37070,93463.69549999999
C-2562,94892.4868
C-16839,0.0
C-1086,73798.908
C-43955,0.0
C-1551,47338.93350000001
C-918,78251.20329999998
C-32124,32690.95870000001
C-33195,125514.72469999999
C-30928,95760.70270000001
C-27973,12541.237400000002
C-16892,170264.3277999999
C-46680,16635.372999999985
C-38242,81355.76239999998
C-49368,27522.7575
C-19078,41973.811300000016
C-478,0.0
C-26659,12510.439799999995
C-42260,0.0
C-37937,100569.87559999998
C-21229,0.0
C-2289,90648.09029999998
C-456,139611.41620000004
C-23319,28234.089999999982
C-29300,43598.5195
C-31671,50281.743899999994
C-36096,44108.93990000001
C-41394,218165.0398
C-47320,222.4986
C-3632,59845.11299999999
C-11832,0.0
C-44435,0.0
C-2921,22299.792199999996
C-20027,0.0
C-17633,6783.989199999999
C-44933,0.0
C-19347,31439.044199999986
C-34203,51338.02740000001
C-19587,49213.63369999998
C-4887,25818.080200000004
C-38288,18323.288699999997
C-38271,33986.4174
C-240,17382.038200000006
C-24973,21110.77629999999
C-34789,217681.74269999992
C-27709,63114.828500000025
C-44521,65601.9676
C-23220,25110.614200000004
C-29642,15711.621500000001
C-33169,18582.341400000005
C-15374,62072.27830000001
C-43794,0.0
C-3461,38469.345199999996
C-2006,6708.8385
C-41943,0.0
C-11007,28458.3848
C-5373,31724.676700000015
C-20936,77825.6568
C-35044,0.0
C-27802,91811.77049999996
C-18403,20004.16
C-30884,55098.500100000005
C-29422,50064.583199999994
C-45520,0.0
C-27350,0.0
C-19638,137220.61380000005
C-48095,0.0
C-36145,50063.1754
C-28448,90394.59960000002
C-23478,53751.12870000001
C-4775,80466.9376
C-9746,17353.988699999998
C-15669,27450.597300000005
C-41880,26301.232000000007
C-41334,72268.17140000002
C-18636,26424.852699999996
C-11230,18234.3248
C-49751,766.1771000000001
C-14658,84030.1226
C-43712,0.0
C-35046,24126.716699999994
C-44850,0.0
C-5403,0.0
C-3083,95362.18440000001
C-40233,61095.926799999994
C-2052,32588.195
C-19732,0.0
C-3615,54255.22070000002
C-44865,0.0
C-36958,74247.58739999999
C-10092,20653.022899999996
C-30739,112069.85660000006
C-9435,32571.9379
C-15560,0.0
C-18892,15655.747500000005
C-23921,0.0
C-3635,30463.890699999993
C-43859,0.0
C-21250,0.0
C-36226,77947.76499999996
C-8672,83651.4754
C-19714,46706.076100000006
C-4012,68987.1232
C-3208,53983.5326
C-41885,20829.3073
C-49668,0.0
C-11849,31316.13359999999
C-39657,0.0
C-11955,216583.51530000006
C-8083,24327.256999999994
C-23632,8437.859599999996
C-14943,21245.06410000001
C-16911,29587.273800000003
C-14893,86765.23479999996
C-33887,13776.474300000003
C-43489,67536.18009999998
C-16106,15308.895000000002
C-49030,0.0
C-22627,65312.40000000004
C-39402,46699.03100000002
C-4200,122955.83460000005
C-43087,0.0
C-17193,12068.184799999997
C-21122,83388.10839999995
C-9494,54106.676799999994
C-4172,36251.89539999998
C-36366,91089.37439999997
C-26315,45234.91579999999
C-45717,0.0
C-42104,125768.52160000004
C-11893,39711.5013
C-41752,1279.6644000000001
C-35345,90128.85239999999
C-6955,63314.16710000002
C-2133,111287.28280000003
C-17197,106537.57510000003
C-22284,18212.290700000005
C-4670,0.0
C-11254,69216.00649999999
C-17353,36671.76300000001
C-14462,43321.7791
C-15767,142065.9086000001
C-47772,0.0
C-8093,67588.39860000001
C-35305,0.0
C-49863,0.0
C-41753,36961.880900000004
C-43504,28847.878299999986
C-3701,14922.511999999997
C-35376,40959.8672
C-45012,0.0
C-43555,39460.93989999999
C-36480,50658.62600000003
C-33989,23216.95509999999
C-7724,0.0
C-7168,57053.67599999997
C-34608,18028.039500000003
C-42697,0.0
C-33996,16293.283999999992
C-43481,81373.18049999997
C-48795,0.0
C-37435,32649.9323
C-17386,0.0
C-29610,0.0
C-701,0.0
C-8535,81079.92570000005
C-21390,3139.7868
C-10155,48958.189700000024
C-18085,21604.82919999999
C-36588,61741.48419999998
C-11647,60864.97600000002
C-46933,0.0
C-664,0.0
C-19349,27345.627499999995
C-45718,0.0
C-200,0.0
C-13991,35549.30679999999
C-22690,0.0
C-12344,12370.6014
C-16466,19436.722100000006
C-4116,65174.87520000002
C-39022,30753.306899999996
C-37606,21795.8495
C-15295,15512.50420000001
C-3847,27196.488399999995
C-27222,114702.3709
C-35860,22260.20689999999
C-26947,24158.516599999988
C-31352,71534.07760000002
C-32340,30781.828199999978
C-4224,52849.09919999999
C-19878,85323.74429999999
C-6860,11204.3604
C-34819,17190.937
C-408,50342.75269999998
C-6778,25005.088600000003
C-36671,75873.60980000002
C-11698,69386.65309999998
C-48617,0.0
C-34094,34010.492399999996
C-43905,0.0
C-45569,125089.1949
C-40894,42541.579399999995
C-36070,36241.24790000001
C-36578,16679.0355
C-34820,64416.090200000006
C-5206,86175.95960000003
C-4179,61051.595499999996
C-44298,203.2832
C-27994,131522.17940000002
C-47405,0.0
C-45220,0.0
C-29064,71457.88059999997
C-7063,38592.69450000001
C-30256,69215.00400000002
C-8521,61128.55970000003
C-20980,20326.331499999997
C-26454,0.0
C-3480,44143.4512
C-33168,55049.578400000006
C-35840,53269.70839999996
C-19967,62397.24590000001
C-17824,72833.87980000001
C-48207,43178.00600000001
C-38463,23049.51640000001
C-49969,0.0
C-25422,20256.755299999997
C-49558,0.0
C-43002,34361.08499999998
C-6468,101573.58439999998
C-43060,13889.363200000007
C-5886,17133.456700000002
C-24678,107039.45179999998
C-9232,89627.79329999998
C-22026,31385.373499999998
C-49738,0.0
C-21674,20621.519999999997
C-24595,98728.58510000001
C-49156,0.0
C-8301,84235.19229999997
C-10628,48487.65180000002
C-26992,47337.011099999996
C-31200,0.0
C-36118,19505.088299999996
C-18951,22229.7071
C-13697,0.0
C-2463,61327.18200000001
C-47360,0.0
C-636,37602.64399999997
C-36176,68787.93129999995
C-48921,0.0
C-22950,152468.74440000003
C-17720,95801.99529999998
C-36032,0.0
C-24780,17381.054900000006
C-6863,62668.69760000001
C-3036,94504.69970000001
C-34837,41291.35380000002
C-38775,41009.8182
C-37333,78946.30760000006
C-36100,105650.35069999998
C-33851,0.0
C-7450,14057.189500000006
C-26972,103275.17989999992
C-13772,6966.528200000001
C-6987,13687.922699999997
C-45909,114323.9289
C-9219,44302.55090000002
C-99,105121.5234
C-11540,32534.20220000001
C-23157,0.0
C-23396,110968.80300000001
C-31667,38189.29940000001
C-31237,78710.13140000001
C-19936,22577.12869999999
C-37975,22169.348700000002
C-18871,24048.614700000006
C-46959,62656.28409999999
C-20042,48250.840799999976
C-49535,0.0
C-24664,40169.474299999994
C-736,146256.9482
C-44108,0.0
C-3132,0.0
C-27454,24949.079999999994
C-33976,0.0
C-45329,0.0
C-17062,110969.29390000002
C-41773,0.0
C-9932,53303.8711
C-16485,17634.795400000003
C-18484,101013.3739
C-33150,87444.16979999999
C-4545,107695.06660000003
C-25551,42089.251899999996
C-22964,0.0
C-34832,32255.151700000017
C-31453,56758.48460000002
C-33090,59797.33220000002
C-48349,38994.90440000001
C-28962,18486.117
C-10489,63122.706100000025
C-26841,21706.16829999999
C-28538,92404.45590000003
C-10900,35719.7442
C-5513,0.0
C-24972,51780.52050000003
C-6606,19484.062799999992
C-49884,72914.22250000002
C-14267,10565.567600000004
C-13408,85935.38809999997
C-7623,123713.04329999996
C-23794,23559.714099999997
C-8199,77624.03169999999
C-1167,28929.350499999993
C-38413,51288.386800000015
C-19381,60173.27349999998
C-2661,0.0
C-25857,106319.81209999992
C-13804,17160.0643
C-28358,49786.5749
C-36940,172200.9206999999
C-10564,31537.1702
C-30662,49536.09880000004
C-10471,21271.485900000003
C-12891,93438.73419999998
C-8350,14163.680800000004
C-33365,59863.16859999998
C-44092,90910.479
C-45063,0.0
C-266,26672.16979999999
C-33374,77125.37150000001
C-31838,45321.246599999984
C-10762,128800.34479999996
C-8487,48042.96
C-36863,17415.128899999996
C-25478,13273.054299999996
C-11585,35212.948200000006
C-7746,53841.96340000001
C-13629,38932.78879999997
C-25553,116693.58620000005
C-39889,58010.83830000001
C-45884,45969.8824
C-29544,96620.59350000002
C-5440,67050.4959
C-41953,990.0798
C-2784,10094.512200000001
C-752,112111.83339999994
C-25734,48403.64910000001
C-22039,76957.07370000002
C-10284,37475.6741
C-5936,100555.89939999995
C-13443,57097.25610000004
C-15853,56449.15360000001
C-10439,86518.0502
C-39208,79985.69570000001
C-6834,88788.16300000004
C-4535,40715.510500000004
C-18848,57381.682799999995
C-16675,111729.95530000005
C-46289,45720.44420000002
C-12127,12334.496100000004
C-38765,80363.73639999997
C-7192,30543.83439999999
C-44546,0.0
C-37145,22008.411099999998
C-6666,3676.8237999999997
C-19970,45367.75660000002
C-41163,0.0
C-31227,70639.62730000004
C-29907,90500.763
C-14714,92786.10019999997
C-49223,0.0
C-29120,12654.584499999997
C-35421,137087.88020000013
C-23054,0.0
C-39013,57170.7294
C-49808,27327.3154
C-31482,97438.11789999997
C-38123,80312.63450000001
C-2301,39767.6037
C-43471,0.0
C-3714,67821.18249999998
C-15991,71801.15680000001
C-36217,35671.8047
C-4343,33953.942399999985
C-916,0.0
C-11460,93822.7245
C-3337,57346.90449999998
C-11810,21138.62000000001
C-7690,33841.20989999999
C-883,9647.946499999998
C-29455,11598.6036
C-26106,126397.06650000004
C-41034,72820.02640000003
C-22711,0.0
C-49709,95490.91840000002
C-26404,117504.61479999995
C-5254,455.69949999999994
C-42905,28561.423199999997
C-28645,33720.02459999998
C-19032,21993.30710000001
C-46986,0.0
C-14311,67403.43779999997
C-28254,65208.5814
C-9228,23559.0864
C-31827,29329.159699999993
C-47842,0.0
C-6407,45400.84939999999
C-552,54230.2898
C-16908,130156.20359999994
C-34026,143637.9907
C-6192,23890.6073
C-29559,112226.79609999996
C-12279,60811.832
C-28519,37217.306000000004
C-4208,30684.3651
C-13479,37487.92680000001
C-20172,107160.87199999999
C-7251,43438.8386
C-23110,22858.591300000004
C-20551,5774.7222
C-17721,117620.45589999996
C-36132,128929.44189999996
C-12457,88323.1392
C-18228,82434.40930000001
C-22317,126611.9568
C-15402,24138.406399999996
C-4460,0.0
C-43933,91982.50540000002
C-29654,24271.685
C-43721,0.0
C-6647,19145.711300000003
C-12043,81219.83000000003
C-8373,51519.703600000015
C-15175,115873.30279999999
C-47567,0.0
C-14435,6610.4560999999985
C-40203,21356.494699999996
C-29279,0.0
C-34503,38586.86889999998
C-27323,83319.81099999997
C-25125,56538.168899999975
C-15185,14877.856000000002
C-28965,25794.149500000007
C-23876,42731.06390000001
C-6530,82290.70999999995
C-24763,77752.3239
C-35709,34613.866500000004
C-30556,14696.743699999997
C-976,47713.435199999985
C-28292,26009.651000000005
C-25563,94984.10519999999
C-11527,18165.3112
C-22468,29353.472200000015
C-3790,88628.07509999997
C-15298,29730.465799999994
C-49570,0.0
C-25055,37384.21669999998
C-24237,0.0
C-21550,64557.06230000001
C-5067,93199.42540000001
C-40139,36328.149200000014
C-18122,16137.596999999998
C-46471,118884.09579999992
C-42322,0.0
C-41152,120101.06640000001
C-33244,31777.427500000005
C-7044,7352.450000000003
C-33719,25666.926799999987
C-25570,72907.59529999994
C-27913,51882.52440000002
C-41779,16679.199200000006
C-19610,91179.19369999999
C-11977,45934.55919999999
C-24708,55216.67829999997
C-27805,52603.89699999999
C-30822,8108.0586
C-24131,53792.76310000001
C-13352,15914.732399999997
C-36119,24377.631899999993
C-8972,105794.41770000003
C-21714,59265.834
C-46882,29122.51369999999
C-14849,39561.7533
C-44614,108893.26069999998
C-20113,61165.89529999998
C-18509,92500.97479999997
C-1604,21453.345199999996
C-46613,45297.13769999999
C-4427,109259.78819999998
C-567,56216.34109999997
C-30339,26713.4297
C-14457,46775.94000000002
C-10849,104232.21969999993
C-44560,222.4986
C-10925,23838.9226
C-17201,0.0
C-17448,26631.406399999996
C-10082,64693.23240000004
C-5770,114714.39059999998
C-42743,99050.28340000001
C-41965,0.0
C-31665,30417.212099999982
C-28416,59286.484399999994
C-10236,23357.914399999994
C-3568,16754.1967
C-14515,24549.732600000003
C-1783,23330.734999999986
C-17177,65652.6829
C-20402,82825.81290000003
C-44316,31790.50079999999
C-1749,80424.26539999997
C-11642,30154.1795
C-5198,14443.327800000001
C-23992,39062.49300000001
C-8430,81644.5693
C-12502,71732.08950000002
C-27220,42811.63780000001
C-11004,0.0
C-41839,59910.251700000015
C-45219,0.0
C-2761,83695.63040000002
C-6132,72527.10250000001
C-47531,49337.6054
C-27281,54751.37740000002
C-32152,0.0
C-3875,64758.805699999975
C-20696,37118.53390000002
C-25710,11770.837799999998
C-40456,59263.890600000006
C-31778,84967.68780000001
C-40549,66131.77449999998
C-19803,21484.252899999992
C-28360,65518.39619999998
C-7152,44376.38250000001
C-48519,61196.268899999995
C-6025,79792.9206
C-42131,0.0
C-7502,77678.78230000004
C-34368,67526.65870000006
C-40323,0.0
C-49006,0.0
C-12305,51349.99179999999
C-35253,166345.29349999997
C-9109,0.0
C-15588,59568.46130000002
C-23512,26230.592399999998
C-24470,13936.07060000001
C-20750,29626.999699999993
C-42692,0.0
C-38179,23037.8521
C-28406,83328.797
C-16900,65148.79510000003
C-31601,39416.062699999995
C-4104,33150.6168
C-36839,22394.889500000005
C-32064,27519.121300000003
C-29863,106990.04569999993
C-39931,0.0
C-38039,62413.981300000014
C-19711,0.0
C-23848,58487.51879999998
C-6098,69484.44360000003
C-44675,0.0
C-13634,46548.24380000001
C-45605,72575.79830000002
C-39006,53832.873800000016
C-25099,87172.26939999993
C-36385,16898.516600000017
C-25049,115566.72430000003
C-20556,12882.581700000004
C-18831,77456.26980000001
C-13861,20956.241699999988
C-40898,97164.04470000003
C-5574,120406.26939999996
C-45499,0.0
C-18968,59096.81620000002
C-27949,74244.31780000002
C-31913,67202.94900000001
C-20173,32310.047599999984
C-581,48509.95040000001
C-36257,90815.72760000001
C-47210,0.0
C-18992,104752.05960000005
C-45975,11145.96080000001
C-26576,5433.527699999999
C-36775,14400.796199999997
C-18649,23565.32260000001
C-48465,0.0
C-49220,27376.135899999997
C-30160,23510.8882
C-30357,117292.00860000004
C-31071,132549.98080000002
C-21290,65991.14339999997
C-28843,37714.38020000001
C-6520,101040.85870000001
C-3,54312.69300000001
C-3511,97224.90329999998
C-36218,68327.7824
C-8130,77944.18580000004
C-34790,61983.70190000001
C-26704,188582.7006
C-11391,71614.00280000002
C-29343,0.0
C-9062,109547.51399999998
C-36659,22163.669199999993
C-20895,148584.72860000003
C-11800,14135.659599999999
C-23051,108949.05659999997
C-37075,55344.85640000002
C-48173,0.0
C-26477,43231.377199999995
C-46355,0.0
C-25360,28675.94550000002
C-9296,70908.85979999996
C-16850,163232.31699999992
C-39035,102626.7724
C-24661,126888.91579999996
C-43617,9179.895600000003
C-14649,46768.73080000002
C-17212,6666.993000000003
C-29641,134993.60199999993
C-14875,57213.454500000014
C-15599,33796.7013
C-10117,17474.688000000002
C-30281,50582.26020000001
C-38307,44946.071500000005
C-3565,135294.37969999993
C-37713,22382.511599999998
C-17004,11466.527800000005
C-1045,19962.793800000003
C-26977,0.0
C-22485,28302.719600000004
C-15300,0.0
C-13362,94483.86539999997
C-19396,74026.07160000001
C-23451,93831.62559999998
C-47655,47596.027700000006
C-46982,0.0
C-16022,58784.7106
C-4965,134056.46099999998
C-43600,0.0
C-41276,79509.08460000002
C-34538,0.0
C-30416,14498.602899999996
C-26348,101465.0227
C-19872,78761.74620000001
C-48690,82272.84059999998
C-41790,90257.31370000001
C-22010,99508.94589999998
C-24001,94882.65400000004
C-43549,41768.8307
C-25945,132497.4162
C-2085,70667.3552
C-4268,51376.50220000001
C-34666,38328.80279999998
C-48885,115861.05219999999
C-24656,48579.87290000001
C-38705,16254.9743
C-28708,52711.74480000001
C-47357,16917.094799999995
C-6182,61751.70990000001
C-23537,90403.5468
C-19378,0.0
C-22908,55890.99610000003
C-10575,6819.420900000002
C-5732,0.0
C-11981,115672.65009999998
C-40800,97296.64050000001
C-31926,30492.5906
C-44656,990.0798
C-29852,19041.046599999994
C-8370,43292.40670000001
C-465,55240.75980000002
C-3745,96471.3031
C-48779,54555.83260000001
C-750,19909.3007
C-40462,29689.389199999998
C-14807,134127.05320000008
C-16488,96093.1546
C-5531,0.0
C-20089,47316.69240000003
C-15592,53921.13109999999
C-7643,36437.13879999999
C-45237,0.0
C-14193,0.0
C-31717,55448.29040000003
C-10514,51443.14720000001
C-3681,80347.06510000002
C-16428,16528.1223
C-6134,45523.603400000015
C-44626,49982.26430000002
C-10728,34630.3695
C-12103,55583.93180000001
C-16306,139753.7618
C-15126,108452.02
C-42201,19996.279199999994
C-6873,22648.359699999997
C-6207,22220.16489999999
C-33727,86659.25999999997
C-47285,0.0
C-9546,67154.2259
C-15565,38518.05060000003
C-10124,0.0
C-4806,46791.65339999999
C-41755,0.0
C-28116,123763.77699999997
C-30040,70622.96149999998
C-29798,0.0
C-27527,44867.69230000002
C-35769,0.0
C-36093,173070.39899999998
C-43919,0.0
C-35573,73398.516
C-42762,45148.080599999994
C-48719,63205.63029999998
C-38688,0.0
C-5887,8809.273400000004
C-11315,18849.833800000004
C-49176,0.0
C-15878,22704.436499999996
C-16417,74596.77950000003
C-28160,9389.2011
C-33567,0.0
C-23369,46617.05089999998
C-12209,8776.564300000004
C-10979,0.0
C-49102,47842.62500000001
C-47930,41522.66330000001
C-34957,17080.755200000003
C-37420,22142.5494
C-29449,19087.940300000002
C-48177,0.0
C-9749,24241.943199999998
C-15172,52516.811899999986
C-5983,45594.323799999984
C-42631,0.0
C-30280,50215.002400000005
C-32889,49610.700700000016
C-6502,11456.7987
C-31975,32054.8476
C-20041,27047.788599999993
C-3647,13515.399900000004
C-30504,70813.3883
C-168,16102.512900000005
C-28437,61884.63189999999
C-22911,14600.550399999993
C-5519,71072.72249999999
C-46538,36365.45529999999
C-49477,11619.158400000004
C-9420,21694.498999999996
C-1485,0.0
C-18049,61806.62140000002
C-26728,100750.21110000001
C-4369,17680.067300000013
C-3003,0.0
C-5222,17316.3287
C-10984,0.0
C-10153,59515.58449999999
C-34486,99116.62010000001
C-22253,56781.31949999998
C-14557,48039.4713
C-27703,0.0
C-48997,0.0
C-35647,0.0
C-6355,19398.6223
C-26773,24210.337999999992
C-16316,155898.66309999998
C-21510,130372.4295
C-20674,75176.4897
C-10698,45051.06780000002
C-11240,31075.743499999986
C-38596,122309.39400000003
C-23449,24706.206399999992
C-22904,74009.06509999999
C-4111,43313.08119999999
C-35363,15185.2703
C-18237,14687.053000000004
C-41414,66163.91840000001
C-36754,0.0
C-48992,80198.53530000002
C-3529,12972.922699999997
C-32129,77103.53439999996
C-21240,46048.801699999996
C-28607,42744.710599999984
C-49016,0.0
C-47279,0.0
C-29177,67037.16399999999
C-6578,85116.9328
C-283,105490.48459999997
C-47446,212720.26290000006
C-19094,0.0
C-47877,0.0
C-31465,19510.248800000005
C-3025,54504.68899999998
C-16134,96522.83739999999
C-9602,32884.68789999999
C-37162,28757.063499999986
C-44845,0.0
C-31954,64250.44500000002
C-33086,97307.97640000004
C-34110,27824.3334
C-16561,59428.62780000001
C-17643,26189.170600000016
C-3621,145274.46730000002
C-27736,27907.168099999995
C-14754,32746.7254
C-38516,17402.002300000004
C-42596,0.0
C-40971,125094.79370000002
C-42504,24704.833400000003
C-17645,42306.6402
C-5885,25299.720799999992
C-28620,139963.24959999995
C-42453,113294.6214
C-687,31494.836699999996
C-37864,82067.97080000004
C-29723,0.0
C-6181,96900.63140000001
C-15616,205639.85240000012
C-12242,81516.104
C-27479,40514.5119
C-19840,77260.44669999997
C-45270,84593.00950000001
C-33309,91970.0846
C-21656,75679.36369999999
C-36959,0.0
C-30333,0.0
C-31971,22739.26299999999
C-22586,114738.35650000002
C-36509,113367.07350000006
C-45439,44844.42429999998
C-42789,24614.539600000015
C-6931,0.0
C-39221,18561.886200000004
C-32927,0.0
C-28489,48523.554000000026
C-19753,52536.947300000014
C-2518,0.0
C-21616,85422.03309999999
C-31349,170321.4036
C-36536,89703.37260000002
C-44736,140177.4072999999
C-21518,18878.085500000005
C-15649,55860.84569999999
C-40366,18449.882299999994
C-36808,0.0
C-29722,14672.894199999997
C-27800,80502.89029999996
C-14988,67778.9712
C-18982,46912.085999999996
C-18069,21185.125900000003
C-670,65740.94939999998
C-17282,19721.466099999998
C-27575,97259.53079999992
C-12538,34471.693999999996
C-40281,104960.01259999997
C-27203,0.0
C-45140,51429.212499999994
C-36803,57871.35210000002
C-49891,0.0
C-4463,0.0
C-34254,19799.956799999996
C-37728,92908.00849999998
C-9396,30747.387000000006
C-26978,9878.763399999998
C-13757,46686.06820000001
C-48749,0.0
C-43729,0.0
C-16743,25305.79639999999
C-36698,82027.28469999997
C-47574,64578.4562
C-39225,65579.78650000002
C-12765,103500.12120000005
C-15770,23868.22720000001
C-28245,72390.79460000001
C-31917,104907.56139999999
C-2478,50281.36989999999
C-42280,20161.0743
C-9373,59590.76290000001
C-27149,133702.6517999999
C-723,26420.313499999997
C-17662,68341.93600000003
C-15456,141150.43470000004
C-20061,121281.64330000005
C-4342,28279.9787
C-36759,87297.48610000004
C-29527,43219.221600000004
C-35316,49645.6359
C-48476,504.0368
C-17533,0.0
C-23978,57822.58000000004
C-2902,0.0
C-12180,104483.42489999997
C-29287,125722.95800000004
C-6800,16353.828300000012
C-4077,0.0
C-39908,7480.455299999997
C-45714,58646.79319999999
C-46118,85823.27530000004
C-22809,54682.278599999976
C-37283,0.0
C-41922,0.0
C-37897,0.0
C-17248,43973.4898
C-17937,65476.293900000004
C-38013,84165.5081
C-14403,44639.54790000001
C-9123,30320.6948
C-14325,108708.18389999995
C-37662,58270.58550000001
C-24981,0.0
C-48981,89965.71940000007
C-45522,0.0
C-45153,12434.413600000002
C-10145,26006.429599999985
C-28173,25510.2663
C-29427,0.0
C-6270,59092.88850000002
C-8710,115384.70469999999
C-45969,0.0
C-6642,0.0
C-29125,54960.75510000002
C-3091,47205.91460000002
C-20514,210473.37930000012
C-44496,0.0
C-2793,82911.51609999996
C-34088,41800.4161
C-17258,7720.047599999996
C-22003,108253.07680000005
C-47927,446.6499
C-35199,0.0
C-7408,128664.87110000005
C-45341,53084.9206
C-32539,16745.106900000002
C-40134,24408.685299999994
C-23238,0.0
C-24265,32923.33400000001
C-22493,37055.78189999997
C-32828,0.0
C-14370,0.0
C-3308,50072.25330000002
C-42713,39897.05210000001
C-34481,46867.45160000001
C-21713,76061.42740000002
C-19836,36147.58029999999
C-11205,10460.922100000005
C-21619,20468.51240000001
C-32063,118292.53520000003
C-12562,37331.01990000001
C-2321,20680.490400000006
C-48545,72493.9302
C-15400,0.0
C-19593,49183.01510000002
C-29978,121454.48829999992
C-45405,39734.24770000001
C-15576,56223.906099999986
C-6759,186024.08259999994
C-39459,48921.533899999966
C-39367,43551.72280000001
C-6012,61046.612599999986
C-24323,17127.214200000002
C-43253,0.0
C-31082,45671.90000000004
C-3221,69733.81800000003
C-16751,11819.976700000008
C-24612,70561.805
C-48556,54769.805199999995
C-34245,43243.96109999999
C-2361,82357.725
C-32567,141978.69480000006
C-44608,0.0
C-11422,17452.65019999999
C-13397,21569.0663
C-41121,68861.1825
C-15707,0.0
C-22728,32421.215299999993
C-48659,14696.0164
C-17888,0.0
C-42360,0.0
C-6497,84005.61029999996
C-23313,49074.93989999999
C-24147,4393.5377
C-44376,0.0
C-986,25403.05330000001
C-18843,5137.509000000002
C-15691,24800.23499999999
C-2241,14999.006799999997
C-19995,61107.095600000044
C-16244,20335.947299999996
C-44685,120313.0002
C-30757,28751.2419
C-9680,12592.084399999998
C-46028,8851.9846
C-1444,94966.3893
C-19585,25303.088500000005
C-8319,128165.23310000001
C-22358,0.0
C-26073,44427.51359999999
C-23990,16893.26850000001
C-43565,259528.94720000002
C-30353,98655.20430000004
C-31259,39311.9969
C-9643,56616.24220000002
C-31446,17303.964500000006
C-24838,128123.71779999995
C-39271,114034.30400000006
C-7742,54226.13840000001
C-10814,49600.788100000005
C-4165,49905.42390000001
C-44416,0.0
C-34256,103576.97089999999
C-4610,79766.63600000001
C-42161,4254.965
C-31031,36802.989099999984
C-36058,24362.7558
C-16656,181288.4042
C-20579,87765.25829999999
C-37523,74810.6479
C-47989,0.0
C-4680,42871.559
C-26285,65534.54919999998
C-44600,0.0
C-5668,48370.51089999999
C-42113,22180.582200000008
C-22208,23296.806800000006
C-49155,0.0
C-19058,109790.86590000002
C-14513,28185.887499999986
C-22666,93605.78399999999
C-30409,28642.74080000001
C-46756,0.0
C-17618,22496.418800000007
C-10441,23386.8593
C-11844,13819.162800000002
C-15064,230819.85129999995
C-43598,105856.38899999997
C-40374,72653.5198
C-14117,62434.48459999998
C-44448,27074.740199999997
C-9120,56021.91320000003
C-4108,46448.23649999998
C-45039,126224.76480000002
C-39186,57359.19899999998
C-34709,119585.08989999998
C-11236,0.0
C-10610,49762.61699999998
C-31072,44061.4341
C-14448,42212.5131
C-4692,0.0
C-19859,57747.93620000001
C-3042,32400.632700000002
C-29926,51837.36959999998
C-12548,52870.50120000002
C-27288,24318.029300000006
C-25646,20908.109299999996
C-41891,75137.1651
C-31739,53001.9491
C-41359,0.0
C-49699,0.0
C-48758,0.0
C-24540,23895.584599999995
C-49248,0.0
C-32648,46804.0829
C-4324,53759.10060000003
C-10847,59599.22620000001
C-33422,66496.59049999995
C-11091,79649.79580000005
C-10383,21247.250500000002
C-2726,19141.5559
C-19689,0.0
C-6188,81981.78559999997
C-24070,88342.60140000003
C-33709,45164.187200000015
C-29883,55984.84960000001
C-24,45455.5679
C-800,54444.19369999999
C-22353,95008.40449999993
C-19682,42746.222600000016
C-4466,14381.258400000006
C-45492,20524.399199999996
C-27632,24352.0522
C-38867,63698.66000000001
C-6767,0.0
C-26446,0.0
C-21428,0.0
C-5306,22997.093000000004
C-33022,37880.8006
C-38892,60925.589000000014
C-1368,208052.77709999998
C-45830,0.0
C-42777,37506.68840000001
C-41800,860.1724
C-28307,24487.1353
C-48402,117033.13430000003
C-44082,121.62809999999999
C-45015,0.0
C-44390,9558.665300000002
C-9209,48401.59839999997
C-9427,24653.362500000003
C-21129,52505.61939999999
C-945,41903.35600000001
C-20107,33176.1728
C-45307,60258.27630000005
C-25930,0.0
C-21389,45760.793399999995
C-1916,28371.045799999996
C-8126,96117.80600000004
C-31855,27304.075699999998
C-1377,13801.510099999996
C-34444,10142.125100000007
C-14779,501.4454
C-26937,59622.56520000001
C-11711,60111.07009999997
C-12231,26558.144199999995
C-17635,42400.86789999998
C-7025,46045.439399999974
C-10133,91744.77020000001
C-47869,0.0
C-2142,65331.40860000001
C-42742,37063.078
C-7077,47230.67589999997
C-30782,0.0
C-15357,14313.8372
C-9398,65527.453799999996
C-10207,20373.826199999996
C-18109,114815.8398
C-12898,18519.4448
C-34125,24861.25219999999
C-28142,27256.165499999992
C-3811,86942.87010000003
C-7836,53605.7921
C-41154,31558.312500000015
C-15129,47166.9638
C-33351,62561.32140000001
C-31209,117014.40500000006
C-36769,9086.6864
C-34995,157352.71269999992
C-31279,14440.7474
C-4713,0.0
C-45089,0.0
C-44198,14378.1673
C-16089,60772.44809999998
C-17075,0.0
C-49832,0.0
C-36197,39961.65279999999
C-26204,0.0
C-36061,76793.1441
C-22538,93787.13449999999
C-36447,15471.647900000005
C-36191,0.0
C-17416,41421.903200000015
C-8026,45830.420099999996
C-25056,64359.48669999998
C-43796,66670.88660000003
C-29708,13899.228799999992
C-7361,58509.986200000014
C-35490,33190.29150000001
C-12061,21881.5965
C-31107,34028.26229999999
C-49180,24786.02520000001
C-28057,42385.4183
C-41073,10421.1167
C-12851,0.0
C-40904,43226.20080000001
C-4399,65109.719900000004
C-30820,0.0
C-29888,10241.93950000001
C-27945,146302.91429999995
C-25062,29816.935200000004
C-18026,48109.4676
C-20327,42830.30259999999
C-27205,127053.66430000003
C-40837,42002.99490000001
C-9117,19619.9559
C-25997,44212.32329999998
C-18463,33883.57589999998
C-34313,65559.26559999998
C-12985,145585.39650000003
C-18002,26335.32910000001
C-47028,12646.8674
C-43069,160377.51840000006
C-1436,24970.230799999998
C-5680,16313.457699999997
C-22002,115896.77080000006
C-40187,34126.9527
C-1154,12609.625299999992
C-17651,114412.41300000006
C-20242,14159.0741
C-35020,0.0
C-8015,89180.01060000002
C-47885,0.0
C-5563,23389.739799999996
C-20394,24383.644800000005
C-37285,32285.637199999994
C-36546,94744.40449999999
C-39940,19544.526599999994
C-8198,33058.022800000006
C-18104,0.0
C-42354,0.0
C-42796,114873.18819999996
C-5296,36403.07529999998
C-6331,12675.513500000003
C-29887,92318.78
C-3976,10376.9878
C-4939,0.0
C-18322,40063.2153
C-31108,102597.30969999997
C-35661,41037.0684
C-42754,0.0
C-8434,0.0
C-57,33856.26629999998
C-5580,48148.2211
C-4920,89572.9639
C-23235,64898.259300000005
C-5682,0.0
C-14083,162402.1818
C-35593,29275.457400000007
C-41950,11810.5173
C-34159,99676.1774
C-28859,95066.74700000002
C-30809,145500.9465
C-13355,22248.8754
C-44961,0.0
C-35324,40051.132200000015
C-48809,0.0
C-32021,29284.17130000001
C-16725,0.0
C-49233,27899.30749999999
C-23753,0.0
C-36774,156782.60959999997
C-22123,72898.07310000001
C-25429,31918.239100000003
C-26801,71485.68309999998
C-39962,10836.11
C-5415,0.0
C-47619,1700.592
C-30522,60408.54340000001
C-37111,16392.867700000006
C-22537,0.0
C-30514,71184.476
C-32046,57945.1554
C-5822,84853.41029999996
C-45087,24010.086500000005
C-36661,93377.136
C-25541,79941.68770000001
C-29345,83424.26370000004
C-37142,31234.09969999999
C-38011,9997.512600000005
C-12649,73454.45960000003
C-47798,0.0
C-20033,25399.9832
C-291,0.0
C-44912,63301.59869999997
C-23550,91670.2809
C-15985,0.0
C-19947,0.0
C-11925,4800.9032000000025
C-29123,126349.03440000002
C-17607,70692.81660000002
C-23946,25401.470199999978
C-14627,109040.68159999997
C-39192,47849.30500000002
C-25656,119850.76470000006
C-2845,0.0
C-37028,68963.363
C-40470,44952.05269999999
C-32732,73684.93889999998
C-25933,45371.164699999994
C-23101,6752.7189
C-245,12853.100999999999
C-46362,76303.66110000004
C-23479,0.0
C-9151,60551.554000000004
C-42088,86479.0174
C-14509,41463.40669999999
C-20617,80930.22680000005
C-25854,56742.24520000001
C-46674,123463.64220000007
C-10755,25099.7733
C-46710,0.0
C-48090,60431.321299999996
C-45158,56318.746399999996
C-28487,83271.94769999999
C-9289,0.0
C-39199,0.0
C-1791,30996.146
C-35689,23043.909099999997
C-43672,13799.258099999992
C-45540,183293.33320000008
C-968,10749.330099999997
C-35655,45127.65070000002
C-10574,0.0
C-42906,0.0
C-34071,0.0
C-8104,55656.9455
C-4959,103828.69789999994
C-6637,159405.68649999998
C-28082,82773.88130000002
C-21822,19036.6245
C-23434,44431.384000000005
C-3538,25290.622799999994
C-4889,48440.8952
C-13404,118012.84860000003
C-27561,27360.78709999999
C-49076,15483.0489
C-18220,31668.8788
C-11327,81336.2457
C-46654,0.0
C-21148,17457.4186
C-38,27503.87380000001
C-19818,110701.7515
C-33661,66529.84110000002
C-24599,101045.18630000003
C-23732,46583.466600000014
C-25831,0.0
C-18147,27195.459499999994
C-6934,0.0
C-28686,45867.93960000001
C-19282,23302.8546
C-2358,14040.279699999997
C-47592,84105.1602
C-22504,109958.2155
C-41881,16465.050000000003
C-18606,0.0
C-39477,60331.1267
C-10695,62139.83110000006
C-7274,90339.76800000001
C-16951,25054.421500000008
C-39283,42564.72910000002
C-33226,81451.71999999997
C-45867,0.0
C-26234,43103.61039999999
C-18621,106158.17039999999
C-28391,49522.67230000001
C-33011,45069.54620000001
C-13801,195488.22920000003
C-23356,5880.2903000000015
C-13604,43624.37590000001
C-24165,0.0
C-18900,43981.915599999986
C-45444,0.0
C-32151,92976.22660000005
C-2295,89015.95049999999
C-4999,112997.62900000007
C-48714,100060.4531
C-41263,59255.40160000001
C-17919,15184.7778
C-418,58049.47550000001
C-16065,51727.91559999999
C-48790,51367.68119999999
C-15002,29023.928899999995
C-12210,11122.329000000003
C-45953,28464.345799999974
C-30509,37644.2973
C-31013,42271.5637
C-4158,0.0
C-36630,26719.357599999992
C-2257,20933.562700000006
C-17583,107918.28359999994
C-33751,125968.53500000002
C-8669,0.0
C-12391,41220.52130000001
C-48871,0.0
C-17754,0.0
C-11414,65078.15540000001
C-2363,23434.11900000001
C-1633,25324.619800000008
C-43044,56724.42660000005
C-30724,95242.14689999996
C-36732,126969.39919999996
C-12897,83263.23340000001
C-8812,69327.24149999999
C-4413,0.0
C-13226,61418.31050000001
C-42056,0.0
C-21524,111766.74650000002
C-13180,0.0
C-27934,33382.2204
C-45785,12480.4482
C-32278,51923.75170000003
C-28481,66383.88809999998
C-31793,161913.78970000002
C-25329,0.0
C-607,24164.508600000005
C-23526,55265.525500000025
C-28376,23702.075800000002
C-7114,95433.86089999996
C-45323,8759.051200000002
C-4355,69617.212
C-31694,10326.8173
C-33367,53394.14899999998
C-25230,31898.390899999995
C-7243,40571.5259
C-28393,18051.5519
C-45074,788.6911
C-27868,11848.559099999999
C-23859,18299.857500000002
C-23862,48075.17220000001
C-36187,78659.96029999999
C-32816,0.0
C-12953,37933.260899999994
C-44060,71971.96899999998
C-31921,41692.2239
C-42790,32586.960799999986
C-33960,31789.93739999999
C-27585,0.0
C-35628,70750.32890000001
C-8367,46778.3984
C-3087,50768.82639999999
C-13788,23659.11099999999
C-28787,0.0
C-15265,78191.02819999997
C-22481,13827.489099999999
C-44100,0.0
C-32923,0.0
C-12720,0.0
C-9286,30462.766999999996
C-5008,9464.601200000003
C-14693,29410.75830000001
C-6116,39597.273199999996
C-18614,114847.19030000005
C-49188,8299.959999999995
C-29858,103710.11899999999
C-34656,0.0
C-7561,52284.628099999965
C-39602,44525.79370000001
C-3135,34466.76040000001
C-16010,86805.96179999999
C-19797,63457.63819999997
C-31439,54375.55149999999
C-14069,0.0
C-7676,36440.5821
C-13086,74427.37749999996
C-43374,0.0
C-14894,70856.1523
C-34924,56806.3583
C-36726,42566.718199999996
C-10895,9728.094300000008
C-43931,217283.0046999999
C-13141,66742.1314
C-27628,47104.945900000035
C-3953,32847.888800000015
C-4753,115589.4922
C-28237,149658.14569999994
C-43451,44955.6533
C-14968,42333.06629999999
C-17176,45378.098099999974
C-13765,42106.966799999995
C-30299,63183.98579999998
C-41113,115980.52600000007
C-49327,0.0
C-4971,13821.558400000005
C-32550,14898.9413
C-15174,82502.05369999996
C-26940,137011.2153
C-14633,115311.43690000004
C-28996,86726.87699999998
C-42090,0.0
C-32876,18872.728599999995
C-43303,382.8635
C-20128,37239.38239999998
C-23886,0.0
C-23530,54443.82989999999
C-35926,79638.4966
C-33054,48549.90049999999
C-7423,149492.39060000007
C-21425,0.0
C-5837,61585.4331
C-49834,32734.415300000008
C-30196,69318.59439999997
C-40907,90857.41520000005
C-48477,29523.817600000013
C-24617,51166.00629999999
C-7894,51782.943400000026
C-40544,108740.76129999997
C-28600,49362.09169999999
C-25474,52361.88889999999
C-18438,79176.93639999998
C-18742,22937.654200000004
C-14937,98898.03899999999
C-1419,38538.71300000002
C-32233,0.0
C-34598,87140.58860000002
C-14651,42530.42159999998
C-44547,54746.55609999997
C-31095,61365.475100000025
C-20848,22764.215000000004
C-44321,0.0
C-19757,0.0
C-6776,152066.73430000004
C-3589,66191.11079999998
C-2452,56144.8918
C-27823,59362.68629999998
C-45730,36771.145099999965
C-47984,0.0
C-23600,60013.28560000003
C-47761,56687.076299999986
C-26511,80785.71320000003
C-17014,32362.398600000004
C-46406,0.0
C-13322,57760.07450000001
C-22738,0.0
C-19583,47771.39150000001
C-46455,42446.26059999999
C-24006,40004.49279999996
C-39897,21935.832400000007
C-698,55791.11050000001
C-33882,46178.998900000006
C-39957,32982.2921
C-6026,24399.724899999997
C-49142,57372.68249999999
C-41921,28594.550400000004
C-36543,0.0
C-12609,0.0
C-45694,62076.69219999997
C-45145,13802.287200000002
C-9883,36055.000700000004
C-18600,24576.32819999999
C-20814,9472.199499999999
C-41565,0.0
C-24193,9518.4903
C-34370,0.0
C-8766,42636.42960000001
C-16946,51681.717300000026
C-36966,41166.51459999999
C-43788,87411.27610000003
C-17871,29242.638300000002
C-22078,36643.5
C-26228,115444.76900000003
C-28167,9352.607500000002
C-12936,22554.866600000005
C-2130,212438.0008000001
C-28958,37143.16070000001
C-42164,201612.96440000003
C-20927,74414.22220000002
C-7887,69826.26680000001
C-9927,23429.891699999993
C-21032,23266.048300000002
C-35541,50246.80869999997
C-10465,33147.6985
C-36184,145429.6856
C-6878,66652.0367
C-36669,121356.87170000002
C-49475,375.05660000000006
C-12969,0.0
C-42115,59510.54460000004
C-32010,22533.053099999997
C-36465,22658.775699999995
C-43665,0.0
C-48879,859.5359
C-10492,208584.81860000006
C-29126,57181.8574
C-11859,45818.183699999994
C-19806,35292.14940000001
C-30126,71725.3495
C-22583,38733.32739999998
C-24247,53679.93980000001
C-3545,68177.26230000002
C-46577,33262.8141
C-16633,26169.842899999985
C-26890,31469.76959999999
C-19793,64055.5842
C-32341,27470.855100000026
C-10825,0.0
C-24418,58798.19950000001
C-10805,188631.7854
C-41240,131896.8955
C-25404,7094.0722000000005
C-30000,42194.91139999999
C-42509,40390.1734
C-43158,61241.34859999997
C-8952,21333.885900000005
C-35203,34369.953200000025
C-15286,0.0
C-19933,0.0
C-42608,0.0
C-8413,79160.537
C-21272,119760.77670000002
C-38244,90333.19050000003
C-44899,0.0
C-37083,0.0
C-31572,57905.003400000016
C-23687,0.0
C-40636,0.0
C-12480,21273.436800000007
C-32609,41279.222799999996
C-27413,15083.257000000005
C-43701,153.828
C-25667,45805.33710000001
C-6910,0.0
C-32042,59076.441100000004
C-40667,47560.79320000002
C-25991,0.0
C-21764,33816.48580000001
C-42529,0.0
C-44277,101.6416
C-27960,200557.09279999998
C-47843,0.0
C-14426,56522.37589999999
C-46516,0.0
C-5903,123558.53870000006
C-20944,78229.83350000001
C-11696,9478.474199999995
C-42835,0.0
C-5646,0.0
C-46895,0.0
C-46003,0.0
C-34056,54615.493900000016
C-1482,15143.600599999998
C-34398,30953.8292
C-36666,41295.979
C-10874,0.0
C-2538,29719.2953
C-35286,183768.1253
C-21902,0.0
C-40795,12825.4499
C-25399,0.0
C-11482,48426.0701
C-34671,81240.97869999998
C-24332,14755.216799999995
C-4616,40038.866500000026
C-8621,70735.4287
C-30047,16508.37349999999
C-31627,9720.218900000002
C-6253,26620.582299999995
C-45608,1558.2216999999996
C-17123,18371.363199999993
C-3086,190556.06569999992
C-33749,0.0
C-35003,43855.13910000002
C-8845,77323.706
C-4512,75062.52239999999
C-15245,46622.5961
C-21575,30641.693
C-6288,72399.2357
C-19621,207732.73660000003
C-13985,68382.95409999999
C-26305,197392.69170000005
C-21606,58389.0111
C-24002,86764.26100000006
C-28404,31818.500300000003
C-15594,25192.5794
C-36587,48072.55629999999
C-20371,51432.80609999997
C-7181,41505.527900000016
C-859,53833.14390000002
C-46233,23563.857499999995
C-37454,32745.225700000006
C-26834,0.0
C-48021,118608.49229999993
C-45887,0.0
C-24250,38422.57380000001
C-30479,124995.78640000003
C-15959,18728.497499999998
C-6938,114929.36509999998
C-34813,22408.6129
C-8871,32765.73609999999
C-37996,65543.20609999998
C-46065,19663.510200000008
C-5798,26105.55079999999
C-22408,69757.797
C-42886,26985.2727
C-1748,30479.126800000005
C-15153,37773.093700000005
C-22721,122431.73910000004
C-31799,38097.0602
C-25654,8721.825499999999
C-24564,51907.84149999997
C-18482,66714.33980000002
C-37079,47985.46960000002
C-19651,24594.4075
C-24735,55406.07900000002
C-26653,30421.037100000005
C-20283,32773.43679999999
C-6988,29472.063199999997
C-23218,11954.6373
C-25046,30218.365
C-42303,963.1402
C-24160,42278.17590000001
C-16201,19770.711000000003
C-23342,45654.4693
C-33428,0.0
C-13636,18293.278700000003
C-25507,0.0
C-18268,111853.89529999997
C-2604,34647.64100000001
C-30506,82270.79920000002
C-10429,0.0
C-40490,0.0
C-2072,24951.92699999999
C-16177,9282.2393
C-10689,53130.76200000003
C-27096,48938.66460000001
C-34467,49149.365999999995
C-26004,52202.5719
C-15039,0.0
C-22565,0.0
C-24924,24256.3774
C-40929,38903.5622
C-21163,56209.20020000001
C-476,18672.597
C-48120,0.0
C-12942,86792.62469999999
C-48819,134.3392
C-29267,85006.69690000004
C-933,40358.11599999999
C-8622,47761.6913
C-37630,11899.7721
C-27145,0.0
C-45577,55484.789
C-13870,64366.676000000014
C-48054,48071.004700000005
C-22665,86296.40890000001
C-6702,51803.6825
C-36456,77322.12390000002
C-5104,80221.3691
C-49581,18959.4188
C-37103,23322.236499999995
C-43371,0.0
C-21586,125391.35699999997
C-24527,83726.212
C-33252,58055.014800000026
C-46092,25673.61
C-29275,45505.041600000004
C-26211,28116.989999999994
C-15077,0.0
C-10780,64041.265
C-16487,20941.5161
C-49673,51369.70169999999
C-15218,86192.02380000002
C-9747,0.0
C-17173,104183.84990000004
C-35763,144666.37170000002
C-14805,31783.827700000005
C-27499,67628.20229999999
C-38542,0.0
C-29524,22008.924299999988
C-20918,0.0
C-20852,79584.1197
C-32993,0.0
C-3464,49975.17130000001
C-20268,13583.517100000006
C-25715,0.0
C-15857,12725.982499999998
C-13190,0.0
C-14348,29039.108199999988
C-13094,64615.00030000006
C-15464,0.0
C-17427,81540.01149999994
C-34,32966.546800000004
C-942,43780.57620000002
C-40542,23332.309500000007
C-23846,73226.71839999998
C-23038,89339.26950000001
C-8423,26413.259099999992
C-9795,44270.16330000002
C-46011,0.0
C-41461,0.0
C-34836,29497.34569999999
C-17478,26493.2099
C-40539,72135.95449999998
C-16719,98036.11480000004
C-29379,55650.08469999996
C-2707,0.0
C-1621,28313.661
C-12071,0.0
C-26119,39373.8315
C-45394,0.0
C-42773,566.864
C-6850,94788.1775
C-46122,9358.998600000003
C-37557,86824.16610000002
C-14178,17301.082800000004
C-31608,44170.8985
C-6843,0.0
C-28957,15173.053699999997
C-10802,25752.561600000012
C-43107,84100.45479999999
C-40810,49804.38939999999
C-28980,14108.757100000004
C-11697,25354.137800000008
C-16609,0.0
C-4195,38675.45980000001
C-49270,39035.004900000014
C-38670,53572.6867
C-39510,37979.85600000002
C-7184,39568.01649999999
C-41525,42661.93970000001
C-19137,71129.38579999995
C-19703,0.0
C-12552,87711.67840000003
C-21755,34468.22559999998
C-7036,0.0
C-22648,5833.040399999998
C-29700,111399.7033
C-24704,30182.43719999999
C-33964,69991.2781
C-31516,0.0
C-13869,30740.586600000002
C-20554,106443.10150000005
C-46579,46587.0018
C-1937,69822.50959999999
C-29572,74279.40149999996
C-26852,48371.822599999985
C-5726,57200.404399999985
C-31273,138077.02819999997
C-6143,28853.559700000013
C-25544,121745.09710000001
C-46646,48099.210600000006
C-40681,77606.50739999999
C-47934,0.0
C-47361,24915.390099999997
C-6005,41891.76639999999
C-8259,107668.3234
C-18854,32145.46609999998
C-20518,85185.71680000001
C-1105,48124.17150000001
C-18921,185948.76340000003
C-8503,25828.36999999998
C-37570,61835.15820000002
C-3161,45203.06840000001
C-46084,38779.3291
C-10509,71348.89680000002
C-21492,64898.936100000006
C-256,8648.4567
C-2487,23476.541000000005
C-47039,22025.505399999995
C-24315,13234.787600000003
C-47163,23796.929199999984
C-7736,21616.985499999995
C-9898,0.0
C-20897,8399.212900000004
C-15554,19153.962199999998
C-8747,154675.1965
C-29015,172545.70209999997
C-17962,25276.076400000005
C-4467,42160.299700000025
C-37189,41792.3962
C-7056,141159.61579999994
C-15165,35656.475199999986
C-8035,0.0
C-1235,192224.53920000006
C-18007,5075.85
C-2967,88988.15039999998
C-31988,93163.52910000001
C-28323,0.0
C-37086,47297.23419999999
C-45147,33066.13670000001
C-26778,59285.598899999975
C-25307,91850.85099999997
C-39933,94273.47759999994
C-22121,0.0
C-29430,23893.149400000006
C-3009,18060.2422
C-40589,63614.41819999999
C-7295,117304.3416
C-22842,67077.70679999999
C-29874,24708.729200000005
C-42232,0.0
C-3843,0.0
C-12256,42685.6821
C-23628,17360.007400000002
C-702,38385.828400000006
C-3401,38525.681000000004
C-1693,32109.06139999999
C-32688,97762.53300000002
C-18271,5367.853399999997
C-38794,13490.349600000001
C-6993,69381.33949999994
C-16007,11696.506200000009
C-7326,130638.33749999998
C-42114,45526.01570000001
C-24182,58058.34119999998
C-15452,106210.68850000008
C-36684,15483.753099999994
C-25852,23382.1249
C-1514,60512.821500000035
C-17163,49381.5058
C-30538,53145.86379999997
C-42688,64836.67189999999
C-1597,59252.381499999996
C-15872,36225.24
C-36310,57339.06420000001
C-31615,81501.50809999998
C-37793,11182.698699999997
C-29975,27584.761600000013
C-1393,34107.9342
C-44941,0.0
C-31300,26651.24040000001
C-41743,56456.559199999996
C-47993,24687.08580000002
C-1510,54893.36569999999
C-42808,0.0
C-4484,13275.239900000002
C-32875,45416.25710000002
C-15659,14512.01009999999
C-6319,99174.00990000002
C-49478,0.0
C-41666,27225.72249999999
C-45542,0.0
C-43971,0.0
C-20215,4151.387500000001
C-33587,30796.779200000008
C-20687,0.0
C-18767,11940.9872
C-4173,39805.26529999996
C-8553,44586.732599999996
C-31581,72586.70269999998
C-2460,91866.05859999996
C-5277,64304.674400000025
C-39363,14131.327000000001
C-33227,102513.10420000003
C-41323,0.0
C-37122,0.0
C-26612,63489.0857
C-39485,14233.958699999996
C-41690,0.0
C-16030,27380.666999999994
C-11644,0.0
C-38446,8167.8856
C-31606,49645.27349999998
C-33535,46844.828499999974
C-17187,62991.306500000035
C-6252,103145.57860000004
C-34045,72946.59629999998
C-28483,108495.07950000004
C-33824,36302.91219999999
C-3501,189628.4838
C-10930,35252.94360000001
C-13108,63985.853500000034
C-17247,45766.38640000002
C-10384,102596.29579999996
C-39424,67148.807
C-26734,46641.0436
C-44957,0.0
C-32751,0.0
C-27542,0.0
C-23764,104685.89490000001
C-35949,13424.065700000001
C-23525,24213.712199999994
C-39395,0.0
C-12030,61639.388099999975
C-49389,3760.7175999999995
C-30356,0.0
C-18764,30536.515600000006
C-38304,59736.46290000002
C-14422,97353.78529999999
C-6274,28660.221100000002
C-34863,31768.25709999999
C-969,31862.365900000004
C-43854,12652.2831
C-38473,95590.685
C-27274,47098.07879999999
C-38277,63889.3934
C-46663,51927.7284
C-13351,0.0
C-7304,24658.4449
C-27138,19214.0992
C-21093,96242.6264
C-48612,0.0
C-32392,38530.51060000001
C-33070,46810.34970000001
C-22512,11390.4627
C-23520,42192.00510000001
C-49023,0.0
C-42148,14574.894200000002
C-6586,10232.420000000002
C-18935,32004.783299999992
C-28505,125640.12590000001
C-31745,82941.60539999996
C-13213,20935.190400000014
C-24258,133397.5471
C-42368,0.0
C-23539,69141.46289999997
C-28273,22933.094200000007
C-2762,41473.477600000006
C-18073,20602.523999999994
C-29009,14184.016099999997
C-36056,144367.9161
C-49482,0.0
C-47882,45080.34429999999
C-45777,0.0
C-47025,22201.345599999997
C-33556,21138.18039999999
C-27458,58873.579300000005
C-32995,58960.135600000016
C-9761,44983.49879999999
C-22541,69841.7978
C-23582,13776.971799999998
C-9053,17133.56520000001
C-40540,0.0
C-15789,172266.93299999996
C-26401,206816.80020000003
C-8439,42571.5692
C-31588,0.0
C-40154,23629.715299999996
C-5809,10672.2574
C-44835,0.0
C-27885,47612.4011
C-34496,24455.8153
C-1518,20128.237799999995
C-31496,157752.26409999994
C-23096,53803.91539999998
C-15347,0.0
C-3365,39825.41459999999
C-15049,23346.850099999996
C-23387,60198.81300000001
C-1132,140973.92829999997
C-26766,76465.04180000004
C-18884,92118.22660000002
C-16438,57939.38700000003
C-4871,38948.671200000004
C-42212,0.0
C-1220,31860.092700000016
C-2820,86074.93110000003
C-48443,25543.7559
C-40618,10625.819599999997
C-4492,78948.03259999996
C-17526,28085.298900000005
C-36764,56600.02529999997
C-40697,18157.819599999995
C-5699,30747.57
C-16339,0.0
C-42081,429.1293
C-27068,58738.42920000003
C-21811,12863.381800000005
C-45266,91585.59340000001
C-9806,33819.05030000002
C-30086,78710.01089999996
C-24180,85881.38709999998
C-36455,110670.70920000004
C-26739,26735.4656
C-3758,56833.5298
C-27152,102274.75129999995
C-29231,51111.3088
C-19565,40292.693600000006
C-45512,0.0
C-6440,50162.157200000045
C-9560,100424.57880000003
C-45312,125202.33620000003
C-33380,42397.220300000015
C-49371,21089.7057
C-10673,19835.443600000002
C-20651,44278.390600000006
C-20663,0.0
C-19113,0.0
C-2192,51439.53009999999
C-19931,24200.795900000005
C-10102,149975.1974
C-4388,39118.1131
C-37651,24511.65269999999
C-21938,41349.4271
C-12365,28338.2448
C-4844,35660.04279999999
C-35265,55015.23919999999
C-18250,22001.340199999995
C-46016,172998.1868000001
C-26343,1714.3568
C-5714,103407.07229999997
C-40287,165181.22249999997
C-17685,92158.43819999999
C-29592,83134.02769999996
C-32132,0.0
C-5529,42440.27390000002
C-5549,86514.65490000004
C-17056,39947.79019999998
C-16549,45941.17850000001
C-34974,15316.723799999996
C-9978,76565.22770000002
C-33726,27182.699599999996
C-8715,71992.7141
C-18557,17439.3068
C-10706,88709.27949999999
C-40231,85847.06569999996
C-23332,82987.68280000002
C-9177,11954.549299999999
C-25217,102567.55930000002
C-15727,26384.0371
C-2970,26479.353099999993
C-39938,54701.32630000001
C-21709,149546.30559999996
C-308,79323.57130000001
C-32462,0.0
C-15966,68501.30350000001
C-38031,106685.40619999995
C-21888,59673.10200000001
C-46228,35970.7194
C-4674,34814.34779999999
C-28078,17017.745600000006
C-47638,22104.935000000005
C-27782,27918.470400000002
C-8494,64496.00820000002
C-19332,17144.773200000007
C-46435,0.0
C-28129,56737.518499999984
C-48003,0.0
C-8888,20838.470000000012
C-4846,79152.2299
C-10897,33993.0046
C-42763,8477.521499999999
C-26781,26929.897999999994
C-28306,0.0
C-7425,19671.34970000001
C-45705,0.0
C-25772,0.0
C-45791,31857.303199999995
C-25396,0.0
C-43835,52893.620900000016
C-15782,32774.58059999999
C-10362,23308.118800000004
C-12400,40494.57179999998
C-42603,62540.89620000003
C-24943,17553.60040000001
C-38941,60185.523899999986
C-17889,139505.59859999997
C-10198,29916.270700000005
C-33548,0.0
C-18736,57936.75260000001
C-38103,124320.7329
C-36529,77592.9704
C-3402,74648.96009999998
C-13097,44288.707899999994
C-20894,28490.241299999998
C-48655,2219.3496
C-9463,21111.071599999996
C-32163,22109.43969999999
C-24779,24604.489399999995
C-21176,61006.9719
C-1029,82690.398
C-18547,0.0
C-5331,119558.83619999996
C-41155,60825.64499999999
C-12114,44919.78789999999
C-22874,91176.38249999998
C-27763,76712.48370000004
C-796,14169.304199999997
C-23901,20274.693599999995
C-26812,24789.048099999996
C-692,0.0
C-3783,79502.55610000003
C-1868,37149.827700000016
C-49649,4041.8328
C-17668,106544.54699999999
C-5172,86032.0649
C-48982,138559.77250000002
C-30051,48136.20220000001
C-36524,40622.4048
C-49516,0.0
C-22915,69077.93179999998
C-5848,31994.405000000006
C-37102,24226.87099999998
C-24036,28286.844699999994
C-10730,39641.0472
C-19568,30916.541399999987
C-37063,18237.450300000004
C-37427,13839.781799999997
C-3160,129284.78540000007
C-21352,58152.021899999985
C-9694,0.0
C-36185,102200.01010000001
C-34566,25032.516300000007
C-17590,106023.46560000005
C-14070,64644.548199999976
C-36909,22349.943900000002
C-24801,40126.4463
C-25398,0.0
C-48472,43221.32660000001
C-24227,131380.0588
C-45392,20696.731099999997
C-28631,149756.46610000002
C-24630,0.0
C-38614,0.0
C-33456,72110.03189999997
C-20050,36941.67690000001
C-11179,62593.22680000006
C-11025,39657.9611
C-22110,28229.32429999998
C-27837,77594.7615
C-37688,81528.49690000003
C-30219,95395.63229999998
C-10638,187532.73690000002
C-7622,115627.29610000005
C-5568,41903.21050000001
C-10827,15405.1225
C-45935,0.0
C-37013,134889.31740000003
C-10444,118521.8919999999
C-25583,13420.628600000005
C-41356,31924.1385
C-26364,67640.80850000004
C-1960,12769.121999999996
C-42424,61378.99789999998
C-4505,23918.36920000001
C-46376,0.0
C-36267,0.0
C-47806,77588.09730000001
C-8837,84462.29270000003
C-6805,54000.45509999998
C-6941,0.0
C-8178,61963.648
C-13930,94329.49290000001
C-24791,78078.1136
C-35326,53107.21949999999
C-33981,52918.323099999994
C-44074,19077.8055
C-1856,18189.25819999999
C-22160,0.0
C-10003,59460.66409999997
C-34059,76622.01120000001
C-26601,114668.92469999993
C-21500,186975.1756
C-25294,50407.27379999997
C-24221,27991.621299999995
C-27764,63940.7023
C-29263,21228.868099999996
C-13521,9414.515899999999
C-35280,44158.84419999998
C-6144,64528.55459999998
C-43987,88365.04180000005
C-14586,29901.914099999998
C-15234,8751.283700000002
C-12403,79038.1124
C-49417,76621.71209999999
C-31372,0.0
C-1146,18669.4698
C-8828,57313.71399999998
C-49512,39471.94649999999
C-42253,59618.84559999995
C-42803,62603.63150000001
C-10737,32055.66719999999
C-599,84369.6325
C-41018,37163.134399999995
C-31833,85070.63030000002
C-38905,0.0
C-20746,0.0
C-9348,55459.995299999995
C-49249,587.438
C-49826,24239.24949999999
C-33945,25629.342999999993
C-27158,26145.48599999999
C-30972,173469.61980000001
C-6533,0.0
C-13514,0.0
C-28536,9990.007500000007
C-28926,24992.735199999996
C-16940,17415.311500000007
C-49314,0.0
C-33576,53979.71790000001
C-29091,16373.43740000001
C-4296,92650.37040000001
C-35672,16815.72700000001
C-16625,53589.06239999998
C-16550,50501.874800000005
C-31861,59368.82470000003
C-46444,34470.21349999998
C-42628,0.0
C-42325,0.0
C-14008,64949.31449999999
C-14497,43413.64939999999
C-28537,12268.691500000008
C-41252,108813.54889999995
C-30292,25392.55839999999
C-9179,53231.0307
C-12966,40173.9796
C-25784,109949.79270000003
C-17750,81626.7127
C-20252,51964.10960000005
C-17279,231694.49
C-43152,0.0
C-38870,20780.183099999995
C-27037,0.0
C-15936,44956.22510000002
C-35550,89412.60360000003
C-30770,11379.053800000002
C-34513,37933.30040000001
C-23293,22364.488999999998
C-9496,31881.453699999987
C-21932,93112.63989999998
C-3729,83092.1195
C-35228,36112.385900000016
C-41281,37606.37849999998
C-26542,0.0
C-11351,12146.5185
C-4423,23915.9726
C-14214,19034.492399999996
C-9260,23667.577699999994
C-35742,14342.068099999999
C-4498,27660.381099999984
C-11297,114463.80699999997
C-37819,76505.94739999996
C-39299,46255.44700000002
C-33838,82814.16489999999
C-26522,62680.73360000003
C-49607,207623.76609999992
C-47282,0.0
C-22596,43050.54180000003
C-7798,28357.959399999996
C-24811,88998.63339999998
C-16332,36502.971999999994
C-33201,23325.7127
C-4298,74745.8296
C-14710,0.0
C-19611,69116.29690000003
C-46094,47175.9817
C-24881,116863.2036
C-25641,33007.04739999999
C-38932,23763.451599999997
C-41677,0.0
C-48029,176805.13239999994
C-26802,24644.054099999994
C-31411,127412.14620000005
C-21777,33583.99749999998
C-2088,67850.5211
C-21745,38686.29
C-48895,0.0
C-24482,17180.522999999997
C-18210,46169.28809999998
C-4405,17693.124899999995
C-18766,66736.8185
C-46255,30773.570200000013
C-23528,179841.51289999994
C-40959,188006.99579999986
C-35532,20468.1959
C-9624,47818.04900000002
C-8390,18503.799000000006
C-37576,23629.902499999997
C-19559,0.0
C-29421,24033.39719999999
C-8450,0.0
C-28966,44956.60069999997
C-8762,21432.150499999992
C-20217,64855.42510000002
C-5105,15661.048000000004
C-35404,111783.67890000003
C-8127,24190.1557
C-5553,22178.694199999998
C-1571,12619.310699999998
C-25709,0.0
C-41410,81981.09680000001
C-19755,67900.71500000003
C-19168,26575.2928
C-28369,79954.75489999999
C-34039,59446.56260000003
C-40576,44083.3859
C-4903,47119.02080000001
C-244,21495.1512
C-4494,51516.191
C-42653,0.0
C-13826,13937.798200000005
C-38710,49261.59880000001
C-20835,0.0
C-29736,0.0
C-9207,48950.359000000004
C-29748,21490.154599999998
C-12736,0.0
C-37852,44398.552400000015
C-11694,0.0
C-13541,141449.2599
C-19077,0.0
C-8668,21991.5549
C-47725,0.0
C-25978,27635.51719999999
C-48796,47677.50300000002
C-18341,127762.85179999996
C-47856,71758.34349999996
C-40120,31475.082299999987
C-47769,110302.9669
C-24024,21307.39050000001
C-44676,0.0
C-47396,0.0
C-47706,1188.739
C-42007,0.0
C-25882,0.0
C-20722,28157.703799999996
C-14096,0.0
C-10731,64954.28249999998
C-48689,54730.75590000001
C-45932,30284.387800000004
C-743,51802.39029999999
C-28605,0.0
C-47513,0.0
C-16866,23843.7173
C-16950,21348.276399999995
C-38461,38763.575400000016
C-45740,17054.3903
C-9725,93373.45520000001
C-2480,16057.06249999999
C-31256,54499.26640000001
C-38240,42215.52830000002
C-17024,25659.880500000017
C-31736,38272.393299999996
C-40248,38129.3026
C-43021,0.0
C-28703,32179.558500000006
C-20768,51686.74889999998
C-37446,100558.6787
C-16626,44078.558000000005
C-25853,54498.410100000016
C-13054,108935.2934
C-3283,63027.42170000004
C-43454,0.0
C-3080,69665.70949999995
C-26619,61544.64370000001
C-48366,0.0
C-49489,51956.522300000004
C-45027,11965.686700000002
C-46312,0.0
C-37303,98960.85480000003
C-5366,16336.558999999997
C-46077,0.0
C-47599,0.0
C-28552,66002.29419999995
C-35179,48658.71580000001
C-6611,188380.37290000002
C-24579,76922.86590000005
C-14460,127095.66349999992
C-31903,192878.66590000014
C-34763,110269.16309999996
C-4254,8847.512400000001
C-15361,114597.87790000002
C-551,44337.826700000005
C-16174,24739.330600000005
C-22846,22204.799699999996
C-7821,0.0
C-7260,32396.38900000001
C-789,51875.777000000024
C-43186,44501.207
C-8918,23738.4309
C-9936,28166.5549
C-19892,43615.62510000002
C-29873,26496.356599999992
C-164,123466.93109999996
C-43493,0.0
C-44040,539.8812
C-33848,51692.83270000002
C-24434,16709.291799999995
C-35117,189853.82199999996
C-44141,39274.04079999999
C-48563,0.0
C-38030,65533.11769999997
C-14445,17559.081800000004
C-24139,61307.266399999986
C-23669,40025.4341
C-12051,46066.614399999984
C-25472,56870.80700000001
C-16611,0.0
C-19076,41988.469699999994
C-11126,27354.4971
C-33131,18608.163900000003
C-33679,26504.955500000004
C-48458,72033.27700000002
C-1425,22996.42249999999
C-42294,0.0
C-30824,40020.24609999998
C-15601,66673.99459999999
C-47724,23448.66019999999
C-43628,53800.43369999998
C-550,75048.86070000003
C-40825,64801.50319999999
C-10165,97379.03909999998
C-27830,89944.08630000004
C-8385,23523.731399999997
C-38217,10874.844899999998
C-24819,30497.599699999984
C-5820,25033.924199999994
C-25253,71242.4725
C-23311,0.0
C-6038,10990.367200000006
C-49070,28349.599100000003
C-15111,22040.928200000002
C-48784,33163.202900000004
C-27174,109262.05530000004
C-43315,0.0
C-35510,19465.581099999996
C-40167,0.0
C-17977,84379.3978
C-12447,36337.7303
C-13484,0.0
C-12996,49004.13019999999
C-47115,132829.75239999994
C-22743,100090.89369999999
C-1047,21765.459800000004
C-31729,197669.1011
C-14296,18593.674700000007
C-19664,25265.962499999994
C-46326,4114.742299999999
C-29935,26595.237899999996
C-40401,10617.97
C-5996,21646.562199999997
C-38561,8037.9456999999975
C-19532,83712.11440000002
C-17726,33012.67259999999
C-20309,22073.57680000001
C-26871,111132.3015
C-43647,306.0973
C-1541,48015.3313
C-19229,0.0
C-15340,46396.98279999999
C-32096,0.0
C-12707,17394.969699999998
C-15372,21550.142599999992
C-48619,0.0
C-18101,23049.40790000001
C-8124,0.0
C-30846,51370.955100000014
C-44399,0.0
C-4734,8511.139899999998
C-10356,119839.9288
C-37190,98233.32530000003
C-15127,76389.50430000002
C-33206,17056.09010000001
C-49590,54967.3535
C-46459,35040.203199999996
C-8208,0.0
C-33396,92617.3541
C-3854,52541.9115
C-5994,6373.879200000004
C-31910,0.0
C-2526,76154.88140000001
C-45799,82506.65679999998
C-5724,62413.25679999999
C-8271,126792.31069999999
C-8123,0.0
C-24133,153796.13
C-5458,77487.64589999997
C-3906,0.0
C-23601,11490.5328
C-1291,76190.47409999999
C-2456,76906.59860000003
C-21144,16403.4012
C-36312,52082.1639
C-33014,72139.52990000002
C-24063,51852.7807
C-14473,48721.465700000015
C-4520,34819.28629999999
C-11396,20025.055900000007
C-13661,92793.45020000002
C-41402,0.0
C-9961,69123.31890000003
C-12124,62210.657199999994
C-49268,83839.9662
C-586,63385.81859999997
C-36614,59145.51150000005
C-12712,105856.09019999996
C-35230,17340.8438
C-38902,54902.13940000001
C-19555,123024.04290000004
C-47164,3845.3407
C-22651,77715.83240000001
C-33545,54286.33260000001
C-39266,15982.483499999997
C-9203,32930.86369999998
C-26923,19380.776800000003
C-8276,69496.8346
C-28312,14784.023199999998
C-703,21371.83089999999
C-33262,0.0
C-14967,30006.7905
C-15013,12718.925699999996
C-3077,20713.63100000001
C-29035,24507.165500000003
C-6753,0.0
C-38713,133314.15799999994
C-4061,89354.53379999999
C-23639,60002.061700000006
C-43160,89924.341
C-43045,13293.726299999998
C-18306,35597.2651
C-18825,40766.40170000001
C-7051,81856.72599999995
C-19629,18521.225500000008
C-47314,40097.6798
C-5470,0.0
C-628,55687.25270000001
C-23986,9203.451699999998
C-38718,29561.30320000001
C-5103,0.0
C-44748,0.0
C-12479,53795.11569999999
C-21042,78988.27519999997
C-42951,0.0
C-4694,0.0
C-30701,127638.04229999999
C-27891,97086.7193
C-5930,13068.120799999997
C-23314,0.0
C-38918,25330.760000000006
C-29608,16303.150999999996
C-10766,43664.365699999995
C-46148,54960.871199999994
C-21154,51170.32750000003
C-16634,71806.39800000004
C-34401,90857.9198
C-21605,49948.544300000016
C-39162,7787.749699999999
C-29458,0.0
C-27651,127183.74910000004
C-13403,88643.50489999997
C-22265,52300.64929999999
C-23698,85408.4816
C-37552,15495.9587
C-38140,129174.33190000003
C-47479,93496.01350000002
C-1860,71915.46830000001
C-19536,79846.2063
C-41187,96664.32239999996
C-41871,0.0
C-11811,161609.4742999999
C-13644,0.0
C-22872,101152.4854
C-44155,37000.856100000005
C-33407,114534.37050000006
C-8933,64342.52060000003
C-7398,0.0
C-26756,107461.7054
C-31249,33699.26999999998
C-10672,60686.20300000001
C-11457,51055.924000000006
C-30102,13402.302799999996
C-41058,48567.08860000003
C-34096,28029.5698
C-20968,103889.35859999998
C-45271,306.0973
C-9629,21843.2828
C-38597,15734.883500000004
C-40580,23999.25419999999
C-3243,46761.25160000001
C-7052,25780.86299999999
C-28887,48479.68539999998
C-23261,151233.9644000001
C-20285,79335.5656
C-44719,0.0
C-43051,96034.90339999998
C-9826,87596.81520000001
C-36859,48270.307100000005
C-26780,92704.11510000004
C-36904,67526.59050000005
C-878,23347.75149999999
C-42236,98315.9686
C-47334,40252.126800000005
C-40560,0.0
C-21939,9846.930600000002
C-27225,0.0
C-47763,5232.975000000001
C-14029,16811.1109
C-20879,183947.99729999996
C-23134,15480.688099999996
C-48958,0.0
C-17491,14155.275499999998
C-6560,47461.51639999999
C-43636,0.0
C-6619,74842.04980000001
C-35311,31277.5162
C-26758,221656.8389000001
C-15806,178539.2572000001
C-10934,4967.349700000002
C-38350,7289.148599999999
C-20474,162532.2842
C-3125,40855.263299999984
C-16280,24259.374999999985
C-37202,0.0
C-46637,0.0
C-29272,48295.920600000005
C-16002,31834.092699999987
C-12675,16276.902299999994
C-16036,9869.009800000002
C-25910,121281.99529999998
C-44533,34612.55760000001
C-29191,76006.7999
C-17413,69875.58159999996
C-13292,52215.8438
C-28982,17677.789899999996
C-10904,0.0
C-47102,43761.14500000001
C-45161,0.0
C-26505,54149.93260000001
C-11212,123116.4281
C-18077,80026.96080000003
C-33820,0.0
C-36207,79982.95540000004
C-49351,36410.3397
C-9568,63514.29950000002
C-9015,48277.30380000001
C-9081,97614.23620000001
C-36713,40773.222200000004
C-24140,60266.007399999995
C-3282,11656.7143
C-24443,51113.17659999999
C-21977,11484.334300000004
C-31748,0.0
C-727,0.0
C-24808,0.0
C-4556,123002.57379999997
C-8632,65288.501300000025
C-34827,134801.79910000006
C-16467,29523.893299999992
C-1216,48119.96739999999
C-17710,0.0
C-37971,22272.381199999993
C-36894,78176.68699999998
C-33643,34901.050700000014
C-37922,0.0
C-42186,17636.980799999994
C-3656,24698.298000000006
C-28052,82470.80459999996
C-41808,51749.24379999999
C-10293,24096.789600000007
C-47908,56007.5493
C-37495,81176.57630000002
C-19667,92773.67879999997
C-46017,44819.545699999995
C-16051,73006.84129999997
C-10104,0.0
C-47064,0.0
C-39562,29510.401500000014
C-26518,19583.54769999999
C-9119,25000.29469999999
C-23217,0.0
C-613,0.0
C-33161,0.0
C-3922,13049.021700000001
C-43930,0.0
C-1357,0.0
C-29182,219626.779
C-27143,6332.779
C-16545,46322.2438
C-33907,72458.46010000001
C-31007,25451.01550000001
C-36415,0.0
C-15495,59418.7444
C-28662,11626.376499999995
C-26544,0.0
C-22879,68766.37070000004
C-39494,39893.362799999995
C-2813,12744.50410000001
C-40306,29195.077
C-20355,97691.07680000001
C-13342,22736.2275
C-14107,67143.64709999999
C-44720,65056.09760000002
C-11172,16953.90400000001
C-9912,56384.41120000001
C-8932,21589.205900000008
C-40111,9535.475799999998
C-11780,42595.422299999984
C-33832,97547.22370000005
C-20846,72015.0639
C-30744,25817.245300000002
C-8429,18797.779400000003
C-49467,0.0
C-4567,221365.83329999994
C-33193,89462.67460000001
C-17337,0.0
C-24088,18859.410499999987
C-2803,48517.06749999999
C-6864,39573.45129999999
C-42612,0.0
C-38180,26805.557399999983
C-30720,21511.304700000008
C-9598,100109.75079999997
C-2009,36474.69669999999
C-147,33444.6589
C-13951,37348.35280000001
C-37787,15430.719399999994
C-48398,101933.37430000001
C-30473,16271.8924
C-32031,15897.656700000003
C-47246,0.0
C-42204,52013.1367
C-6608,0.0
C-34899,19719.413000000008
C-4029,12206.0382
C-44658,48572.75419999998
C-16585,40404.65999999999
C-29465,91813.22
C-26845,106730.60520000006
C-2575,55780.296900000016
C-49725,57655.91199999998
C-41599,51124.78890000001
C-40851,38333.75599999999
C-17466,42574.1383
C-19299,54858.25409999999
C-22029,12112.110199999996
C-16532,28093.6678
C-36324,38616.2339
C-46437,0.0
C-867,11923.109900000005
C-28425,52315.00299999996
C-40100,0.0
C-11523,60646.017000000014
C-14272,164465.91939999998
C-7546,20474.384099999996
C-6448,0.0
C-37705,12207.611299999999
C-3761,33679.96169999999
C-16662,44700.57330000002
C-10694,52632.651900000004
C-17442,21486.626500000002
C-7615,57586.51069999999
C-13534,78677.82149999995
C-48106,0.0
C-25727,9692.075999999995
C-38268,82308.1601
C-6194,141367.63079999996
C-41167,80562.20720000002
C-43098,37881.7369
C-412,19581.146500000003
C-7222,0.0
C-17409,77290.2561
C-10501,75998.86280000002
C-1219,31411.795299999987
C-28611,0.0
C-18723,67765.73759999996
C-11729,11012.431
C-12618,96075.86450000001
C-38781,16841.570900000002
C-24083,43920.670200000015
C-20197,43700.695
C-13024,41506.886600000005
C-49028,0.0
C-42189,0.0
C-47351,15829.362699999992
C-33769,74111.68000000001
C-30589,23758.415800000006
C-22067,10847.861999999996
C-32870,25914.440400000007
C-43749,0.0
C-39480,0.0
C-25855,12195.609800000007
C-35374,19268.4542
C-47788,154006.72720000005
C-21187,50185.847600000016
C-12277,59364.085100000004
C-27947,0.0
C-44486,0.0
C-6703,32365.09580000001
C-35743,0.0
C-10368,0.0
C-47231,16068.204600000003
C-33393,0.0
C-42566,0.0
C-47931,53672.4337
C-27348,32484.706100000018
C-9133,27818.971399999995
C-45125,62374.52860000002
C-20348,15740.751599999996
C-12062,57619.70209999998
C-39262,69911.54430000001
C-41688,73743.89319999999
C-4277,40832.8724
C-18731,124271.29549999996
C-40399,105648.70640000002
C-37307,118569.0898
C-43590,0.0
C-26779,71933.056
C-2021,56557.418800000036
C-37755,110904.23700000001
C-6525,29391.8943
C-44700,0.0
C-49091,0.0
C-6958,30830.5472
C-18379,41055.6118
C-14762,41264.42900000001
C-49522,0.0
C-9058,15283.303300000001
C-11998,115932.20570000002
C-19649,13130.592300000004
C-28529,0.0
C-46484,69175.64880000001
C-7842,22264.5975
C-17904,64156.82250000001
C-16149,82909.38000000002
C-48311,85791.31480000002
C-20433,28525.925000000014
C-31860,46977.564300000005
C-4316,59239.978100000015
C-45700,0.0
C-21021,52255.96909999998
C-15965,0.0
C-39430,28620.091800000002
C-35269,52268.30959999998
C-49545,17997.164599999996
C-28415,46185.436000000016
C-9937,21427.237100000006
C-44839,0.0
C-5085,19830.699400000012
C-4291,0.0
C-30942,0.0
C-6880,173317.61659999995
C-49564,0.0
C-21704,83260.49999999996
C-23953,65673.58940000003
C-25482,23117.257100000003
C-38847,0.0
C-10435,0.0
C-33305,93391.3588
C-43245,667.4958
C-45763,55013.68769999998
C-38602,65055.251100000016
C-16836,21067.4556
C-49420,78553.61170000002
C-13527,0.0
C-33434,50610.90820000001
C-23915,0.0
C-39709,20701.40049999999
C-33420,48626.71520000001
C-3191,73837.02659999997
C-35869,114549.46479999993
C-18219,0.0
C-23762,0.0
C-48558,99249.90619999997
C-10604,0.0
C-36844,69187.28159999997
C-43979,59351.122199999976
C-2590,17235.8138
C-12428,42002.12049999999
C-3007,20348.018400000004
C-47443,0.0
C-8951,32784.3731
C-3111,0.0
C-24963,79726.21539999999
C-5134,29500.73770000001
C-41109,30467.167200000004
C-44582,0.0
C-38628,112394.78960000003
C-43996,76963.22050000001
C-3826,23717.48359999999
C-34221,87366.2124
C-35521,38169.619199999994
C-24986,28965.579500000003
C-24701,27292.1502
C-433,37495.82700000001
C-17071,0.0
C-44951,0.0
C-40981,42693.026800000014
C-3168,93987.73490000002
C-12120,1692.5325
C-20066,31266.364400000006
C-40855,0.0
C-33950,38061.6292
C-16255,85127.67370000001
C-35757,120318.47350000002
C-43464,0.0
C-105,0.0
C-9032,47175.4219
C-2528,21689.936900000008
C-45591,10573.2053
C-48791,17413.198800000002
C-10641,0.0
C-18464,209982.01239999998
C-41513,51702.62870000002
C-15399,52604.723000000005
C-40429,58943.03890000002
C-47486,0.0
C-28548,0.0
C-35475,59624.677599999995
C-36934,146007.97689999998
C-41349,0.0
C-343,65471.62060000002
C-17058,163415.7329
C-1933,25510.903299999994
C-17332,65254.57089999999
C-7308,0.0
C-10015,97417.11799999999
C-31784,45237.558699999994
C-35165,0.0
C-16444,0.0
C-36494,20250.361600000007
C-43022,14200.327799999997
C-16086,37084.3051
C-6893,126712.7681
C-6362,8539.073300000004
C-34803,26828.812700000006
C-40695,0.0
C-15703,167051.85829999988
C-36349,53028.187699999966
C-532,28492.369599999976
C-9160,89924.31359999995
C-7680,86707.32909999996
C-15391,65638.98190000006
C-43126,15060.683799999993
C-13937,168665.49399999998
C-43019,0.0
C-36974,68014.00020000004
C-27545,71848.53570000002
C-16654,0.0
C-48573,36849.91759999999
C-22589,0.0
C-39475,57474.64520000005
C-20235,61780.604200000016
C-13124,113112.55769999998
C-37159,53796.25589999997
C-708,14206.1068
C-9313,20258.34999999999
C-6785,15877.980900000002
C-30619,22738.334499999997
C-48854,180057.48930000004
C-46775,0.0
C-14405,131711.01280000005
C-16484,117965.36979999994
C-4745,23497.1706
C-35504,207884.70920000016
C-36203,75270.4987
C-41367,33657.36819999999
C-34199,63651.501000000026
C-40379,42691.766100000015
C-45316,33807.27930000001
C-29347,27240.9729
C-48535,0.0
C-2462,59191.42240000001
C-30141,42648.33510000002
C-20521,23635.251099999998
C-11689,95792.58789999995
C-48249,25521.24729999999
C-39420,85277.2195
C-37821,0.0
C-16045,128951.28420000004
C-42508,0.0
C-17007,11787.447300000002
C-5720,50152.25610000001
C-17672,0.0
C-44687,0.0
C-45494,0.0
C-49660,0.0
C-39550,108830.11050000002
C-31673,123021.16380000001
C-47227,0.0
C-33173,27588.8367
C-13745,55423.78260000004
C-18660,19436.78009999999
C-38041,34692.33499999999
C-14364,0.0
C-40469,107068.42460000003
C-2101,81808.2382
C-27523,60621.4244
C-30310,53246.092199999985
C-21574,0.0
C-25195,51877.69149999999
C-47602,21415.462399999997
C-37509,121838.3384
C-22081,51786.25039999999
C-28637,0.0
C-40809,10753.742899999997
C-35317,108629.04310000004
C-31783,65192.52700000003
C-10480,28926.820499999998
C-46306,83937.21889999999
C-26645,39096.00229999999
C-46102,81137.69809999998
C-20306,43900.18089999997
C-43350,0.0
C-12569,0.0
C-40147,41768.6352
C-2545,61913.881499999996
C-41211,32721.739499999992
C-43144,0.0
C-27810,16798.146200000003
C-27465,0.0
C-49938,0.0
C-48118,54042.492700000024
C-38709,30283.159
C-47012,0.0
C-25243,92925.75020000004
C-3325,16595.31379999999
C-163,14588.601400000001
C-46930,0.0
C-43949,60070.74929999999
C-3796,0.0
C-19242,22140.627600000003
C-1657,87260.39189999999
C-5196,40119.29079999999
C-17131,17250.34719999999
C-27411,81716.0053
C-26547,99206.45989999996
C-32252,109192.41380000004
C-36293,38946.80240000001
C-15868,68334.08509999997
C-30181,0.0
C-24376,62777.1113
C-3503,26788.500700000004
C-17093,0.0
C-18483,28995.583099999996
C-33442,15890.195199999998
C-47507,223544.63360000003
C-29677,0.0
C-43233,0.0
C-34989,45932.17490000002
C-33804,38254.352500000015
C-32191,54679.03230000001
C-48861,0.0
C-9660,25282.510699999988
C-16410,93214.68159999998
C-44430,0.0
C-40705,25481.790100000006
C-27825,59966.869600000005
C-14032,117188.88449999996
C-48016,44337.521400000005
C-31100,59608.90359999999
C-11477,59481.69990000002
C-41012,61485.5609
C-21622,45035.51589999999
C-48666,0.0
C-2651,55169.55539999999
C-11971,135314.83719999992
C-47335,23627.429400000005
C-37290,41973.16930000002
C-5507,49362.72750000001
C-21630,38514.09839999999
C-24356,39710.02640000002
C-1418,167555.71490000005
C-37959,30779.30759999999
C-34947,46589.49649999999
C-8378,6265.082500000003
C-5647,93631.24919999992
C-31735,148011.91569999992
C-1033,0.0
C-43011,121729.27189999998
C-26782,44574.47440000001
C-24588,0.0
C-9255,0.0
C-16972,5250.889900000001
C-19013,39926.139500000005
C-28470,88276.0849
C-31394,21072.912000000008
C-49543,53625.78759999998
C-20669,82891.6762
C-46628,129159.64920000001
C-4329,64201.913
C-733,41179.744300000006
C-7624,23796.79239999999
C-39386,34777.80140000002
C-47549,0.0
C-592,25487.715300000003
C-39528,79462.07399999998
C-32810,0.0
C-20845,11290.435499999998
C-23593,50521.659400000004
C-16594,38530.37109999998
C-28739,64811.09649999999
C-6959,39271.18179999999
C-34040,0.0
C-24538,0.0
C-49837,0.0
C-6896,5803.210299999998
C-11269,69176.21850000002
C-1687,26442.166099999995
C-8481,147182.63060000006
C-34008,14941.443799999997
C-44597,9478.048800000002
C-48501,9781.7881
C-36756,58451.99320000001
C-9528,22038.482200000002
C-37191,46381.33800000002
C-45553,0.0
C-5989,22676.123
C-8306,92341.52850000007
C-37163,0.0
C-5020,84322.03970000004
C-39531,0.0
C-24186,0.0
C-2034,5732.106399999999
C-6272,75313.49129999997
C-31281,19336.4518
C-22539,115494.81639999997
C-22635,52164.193099999975
C-42726,0.0
C-46021,0.0
C-41827,27384.5952
C-34735,0.0
C-49050,27697.612199999996
C-31964,43933.68760000003
C-21488,0.0
C-46922,84433.74080000004
C-26422,20015.130500000007
C-7283,64970.73290000001
C-8898,113577.46509999997
C-19317,27553.562099999985
C-7924,8710.731600000001
C-38755,91410.49439999998
C-38035,69101.53610000003
C-26541,67118.67090000001
C-13255,14174.1057
C-33665,30764.608399999976
C-17979,67783.05970000001
C-15071,25256.004399999998
C-15518,31743.534000000007
C-7777,74050.57480000003
C-16371,0.0
C-42978,41077.71820000003
C-25742,28283.084700000003
C-23131,111454.95890000003
C-19808,29612.991700000002
C-23577,35881.926699999975
C-24269,60495.18000000001
C-30130,0.0
C-34007,0.0
C-6945,19915.322099999994
C-30147,23548.566200000005
C-20582,33378.046500000004
C-11816,44581.2592
C-21199,59176.26509999999
C-7584,52428.018000000025
C-21231,44041.6326
C-25623,16979.1205
C-47489,0.0
C-44527,0.0
C-28199,14094.4758
C-46655,47165.04899999999
C-20102,40752.59110000002
C-27505,0.0
C-19288,0.0
C-36020,106983.64799999991
C-5452,21454.140199999994
C-36290,35369.1191
C-47138,52296.71590000001
C-19826,58169.7445
C-18176,28107.821300000014
C-23652,83533.4837
C-18190,30155.112599999993
C-5207,42015.31490000002
C-37134,33699.24880000001
C-36743,98195.68649999998
C-342,113882.48780000005
C-20912,25960.377099999994
C-6669,18873.267700000004
C-14199,68395.4159
C-5693,25165.8228
C-1890,46545.82620000001
C-13062,125831.62089999997
C-13096,42571.308
C-4523,0.0
C-32348,7349.099900000002
C-37447,46084.46889999998
C-18769,0.0
C-3353,24743.1076
C-856,80147.98950000003
C-2181,77967.04039999998
C-24013,23183.5442
C-8411,40354.3715
C-11470,39428.48369999998
C-8964,63191.56339999997
C-41704,39068.61289999998
C-11149,41156.39529999999
C-2915,96482.37459999995
C-28033,0.0
C-18330,22561.3679
C-16025,38123.288600000014
C-21056,23435.124200000013
C-29582,22044.281500000005
C-24728,86677.59649999997
C-29953,0.0
C-24684,55550.861600000004
C-15019,48701.651399999995
C-6610,52887.69170000001
C-2185,36327.4248
C-29796,26619.78289999999
C-43815,0.0
C-5139,0.0
C-40585,154312.33820000003
C-37650,83797.00169999998
C-40680,39718.93170000001
C-20637,0.0
C-44171,64145.37710000001
C-26469,41874.6466
C-5655,73142.5279
C-35789,20292.776599999997
C-9855,26243.12489999999
C-13522,38465.58220000002
C-27211,27539.5732
C-18800,33404.60729999999
C-34145,22599.5204
C-3719,23729.3437
C-46412,0.0
C-36171,20248.091000000004
C-16591,0.0
C-37750,35820.6798
C-29513,18019.131900000004
C-41146,22896.195999999993
C-16179,40552.2582
C-13035,63353.346
C-39315,18288.62490000001
C-9754,0.0
C-44506,0.0
C-13402,22044.524099999995
C-46364,20394.876999999997
C-2406,16545.8316
C-39724,23230.779399999978
C-17953,55599.670699999966
C-17377,7238.8168000000005
C-22162,61468.30390000001
C-30544,149916.3624
C-9327,42694.82420000001
C-11528,0.0
C-1776,199134.68959999998
C-40611,103511.27590000002
C-34768,77458.26000000007
C-24746,26346.239599999994
C-48312,0.0
C-39060,0.0
C-30034,68461.1565
C-45206,15813.094799999995
C-33970,10470.1879
C-28438,67144.10719999998
C-6099,66327.68899999998
C-15661,82900.96690000001
C-4984,38857.18299999999
C-27036,31831.577
C-16087,51256.82200000002
C-7422,137180.43870000006
C-25154,130115.8906
C-21063,56597.63849999997
C-46123,0.0
C-7827,30146.913200000006
C-4105,131920.2249000001
C-42606,13521.7375
C-22065,68428.18009999998
C-46248,0.0
C-29765,5986.968699999998
C-35237,24493.5746
C-29349,0.0
C-49910,0.0
C-29160,93307.3288
C-12729,28223.257899999997
C-22805,57543.14250000003
C-39372,39458.7403
C-10006,84729.27850000001
C-45364,18510.530299999995
C-16729,30313.166400000016
C-19219,62158.28619999998
C-22004,93384.55530000004
C-16288,46371.74240000002
C-24242,49226.26189999998
C-29574,134542.436
C-18913,52934.425900000024
C-346,10995.260500000006
C-32691,80228.6449
C-29010,22269.578100000006
C-3474,10180.414899999996
C-21841,54488.30770000001
C-39379,33117.08599999998
C-44706,181121.4072
C-17569,29689.90540000001
C-22935,86901.9775
C-44499,0.0
C-48434,41363.680700000004
C-22214,0.0
C-48444,91482.46370000001
C-23465,49911.862800000024
C-26702,84965.77429999999
C-11271,29608.6582
C-4202,95847.05250000003
C-11145,0.0
C-10182,34265.60630000001
C-41537,89757.94650000002
C-1121,43258.828
C-15608,40858.6043
C-32028,105924.67260000003
C-31084,31256.618400000007
C-22340,0.0
C-28510,47022.618899999994
C-35352,92728.37560000004
C-47728,94864.27039999994
C-24111,45624.9064
C-13770,43080.223000000005
C-37767,22593.78909999999
C-15980,0.0
C-10972,53521.565599999994
C-15393,185926.0868999999
C-315,43779.55449999999
C-31765,13839.419799999996
C-15898,9477.858600000001
C-23055,87842.82479999994
C-9869,86792.71889999999
C-43622,7649.9465
C-3561,154916.19340000008
C-21966,67849.14630000002
C-24429,16714.388000000003
C-30554,72463.63149999999
C-41277,91938.34520000004
C-26559,20160.143000000004
C-19399,172938.28770000004
C-16559,0.0
C-33207,0.0
C-21688,51367.9649
C-23941,45960.78100000002
C-42083,0.0
C-5038,0.0
C-12302,51999.42699999998
C-6313,48133.72700000001
C-26517,23921.291600000008
C-11660,47211.98530000003
C-331,227907.50239999994
C-30208,0.0
C-43459,22790.1594
C-48525,0.0
C-31930,29529.335000000014
C-44877,115089.5092
C-30637,113868.54549999996
C-29121,92538.26130000001
C-26118,117548.35840000004
C-2150,124380.8784
C-16285,36083.9867
C-21336,78022.46179999998
C-482,6937.740099999996
C-21173,52553.303100000034
C-20868,83044.30789999999
C-3715,106407.9726
C-8,0.0
C-31044,18869.0806
C-11991,41515.41039999999
C-49672,259.2452
C-47265,0.0
C-8683,38583.29609999999
C-35901,47015.56259999997
C-31414,23063.7049
C-27227,42824.19550000001
C-43876,39796.862100000006
C-11365,82358.79090000002
C-26694,43579.18339999999
C-14891,112903.99810000001
C-33074,63621.370900000016
C-6053,12389.9452
C-45632,0.0
C-37782,24016.106400000004
C-40513,97374.97640000004
C-13892,89796.21179999999
C-29313,64985.34370000001
C-19701,22667.546600000005
C-24375,89740.90899999999
C-21504,91593.74990000002
C-48930,85580.9068
C-12841,81208.23269999998
C-47189,62992.66969999999
C-12597,0.0
C-29210,5948.8565000000035
C-14297,127952.28920000004
C-40192,0.0
C-16607,31803.8436
C-20093,190207.2519
C-30625,39455.40789999999
C-31223,74445.7794
C-47667,0.0
C-25239,30365.995100000007
C-21119,156413.15849999993
C-9637,21298.31
C-1726,53314.1863
C-32735,87573.94549999999
C-3403,55041.961300000046
C-45186,7671.753199999999
C-31397,27240.853600000002
C-38566,50543.020200000006
C-20170,21297.066199999997
C-4915,168188.3522
C-37237,44158.51069999999
C-45828,17840.641200000002
C-9658,91485.45800000004
C-17949,5584.8401
C-29360,44203.041199999985
C-14362,50467.39880000002
C-35175,45071.884699999995
C-38257,235652.60409999997
C-33225,29228.37970000002
C-34564,505.2291
C-19320,15310.484000000004
C-39827,46461.02420000001
C-18312,0.0
C-20148,22582.22170000001
C-17028,194815.17820000005
C-39793,15299.285000000005
C-39607,66800.9595
C-43116,0.0
C-13098,25509.067300000006
C-12028,58704.07169999997
C-40593,0.0
C-47315,0.0
C-48408,124257.25990000003
C-47352,37836.1836
C-1702,82802.54960000001
C-45036,101.6416
C-42986,41091.08660000002
C-27390,44214.05500000001
C-49222,0.0
C-45728,104.30290000000001
C-4301,6937.455300000004
C-47680,40575.417600000015
C-18245,0.0
C-28956,81378.53099999997
C-1912,26068.5223
C-6377,0.0
C-5014,197988.1004
C-38435,16598.440199999994
C-48314,37310.10169999999
C-22330,27271.6754
C-4908,10822.651699999997
C-30572,44047.23749999999
C-33544,43432.8964
C-5212,0.0
C-19644,51333.67780000001
C-4003,59863.84109999999
C-8797,46113.27000000001
C-32486,48234.23619999999
C-43025,51012.38199999999
C-11206,25045.0032
C-16373,28639.83890000001
C-3869,234650.0626
C-25452,62390.148799999995
C-46991,75499.59190000003
C-25206,66461.95599999996
C-49040,84948.66370000003
C-19882,0.0
C-47375,84218.14449999998
C-46672,88434.13159999998
C-874,25037.08780000001
C-42686,633.1560000000001
C-15105,18724.543999999998
C-2292,37077.068300000006
C-23956,19234.36419999999
C-22220,0.0
C-31703,31141.5472
C-11163,45208.1818
C-46135,22805.181199999995
C-15488,11970.438199999999
C-15577,0.0
C-8484,0.0
C-45357,0.0
C-5960,25520.2777
C-25186,0.0
C-42479,1748.1916
C-27957,29314.80849999999
C-704,123857.4118
C-39472,51226.4621
C-30798,199116.86980000001
C-13428,38302.929599999996
C-43559,16455.0638
C-44069,0.0
C-37126,53286.775899999986
C-30008,57434.63969999998
C-2208,88933.71370000001
C-724,54945.741700000006
C-42871,5561.3667000000005
C-15864,27519.9259
C-49727,0.0
C-7893,63236.95199999998
C-33881,102817.43070000004
C-2555,44081.85130000002
C-13205,22679.783199999983
C-32645,43197.206499999986
C-19333,190974.58970000007
C-3493,0.0
C-5617,28715.749799999987
C-12878,0.0
C-23244,112581.817
C-20747,0.0
C-41215,149153.3908
C-25222,48374.796100000014
C-19960,27321.122999999992
C-40236,79350.3315
C-27462,69030.11959999995
C-14738,22679.451999999997
C-28390,22632.374000000003
C-46789,72659.51479999998
C-8931,57972.495999999985
C-424,103085.0157
C-47983,37465.1233
C-46540,167398.84409999996
C-1834,16769.9776
C-43986,0.0
C-8999,58048.1558
C-44542,9360.693099999991
C-37663,0.0
C-9683,27147.10329999999
C-27254,78417.24799999995
C-38863,23590.853800000008
C-15809,56498.5129
C-32608,22241.86699999999
C-4184,46760.1323
C-12448,0.0
C-3382,30556.605299999992
C-10810,46061.87289999998
C-7699,39346.63709999999
C-48142,0.0
C-10446,33859.89469999999
C-2132,21717.18529999999
C-17811,39407.923500000004
C-10329,29647.7934
C-33024,87726.30960000001
C-42738,22033.992400000003
C-32018,57958.443900000006
C-11519,63653.77769999998
C-37617,36126.99269999999
C-35304,33184.27199999999
C-23745,23450.708400000003
C-38441,28882.456900000005
C-15699,78592.0792
C-3488,6742.634100000003
C-7916,28432.851899999994
C-11343,69627.41030000005
C-20338,100482.62330000002
C-42996,0.0
C-34854,38368.4206
C-4682,30899.680899999992
C-18039,49099.135299999994
C-4989,61777.88060000003
C-34507,15495.6838
C-30364,15621.240499999996
C-38194,106389.96090000002
C-41337,0.0
C-1978,111348.1625
C-21249,17089.3876
C-862,96361.45550000004
C-45291,0.0
C-25827,28686.981399999986
C-20471,0.0
C-21526,24725.439499999993
C-47951,0.0
C-20059,22667.562800000003
C-25191,60034.78119999998
C-6829,23788.638600000002
C-38266,61645.548999999985
C-1830,44327.88249999996
C-29060,17032.0322
C-1193,44707.33520000002
C-36632,19733.8131
C-48700,76678.61539999997
C-5000,10491.493999999997
C-33841,52730.712499999994
C-2227,38846.01950000001
C-8315,12851.603200000001
C-34479,47123.465999999986
C-23272,77048.87539999998
C-39258,47123.48400000001
C-15698,25801.878699999997
C-33165,130016.61040000005
C-46800,0.0
C-4461,17279.183000000008
C-15805,44729.593400000005
C-45163,102132.01520000005
C-47387,0.0
C-35427,64128.75449999998
C-21828,89348.37010000001
C-41859,0.0
C-26423,22071.5803
C-16955,31959.945999999996
C-28285,127195.63589999998
C-5571,158535.37870000006
C-44898,50511.784799999994
C-39096,53564.21699999999
C-35398,152306.3937
C-9841,148679.07519999993
C-31544,0.0
C-19918,0.0
C-19359,63471.73590000001
C-46257,46546.1989
C-2681,14350.158899999995
C-29831,12328.4315
C-23265,9797.278299999998
C-15614,0.0
C-43050,0.0
C-35424,8627.0019
C-12797,0.0
C-35373,63662.5025
C-34325,44531.181099999994
C-22321,62578.70650000003
C-25878,236229.14460000012
C-15125,81084.52510000001
C-15971,0.0
C-14498,31622.1465
C-13539,60213.67510000004
C-32043,45874.4026
C-29059,0.0
C-6628,26263.487600000004
C-15829,86358.00100000002
C-23506,122237.38579999995
C-12348,62766.167200000025
C-22923,15182.890600000002
C-48814,45232.4693
C-37080,37991.852399999996
C-21182,29941.74979999999
C-36484,0.0
C-2311,85843.9164
C-39017,39680.8118
C-29737,10568.336800000001
C-8329,25236.102300000013
C-22747,35306.48349999999
C-30235,0.0
C-24824,42102.48169999999
C-16767,0.0
C-15781,29076.406900000005
C-42238,35795.474799999996
C-1428,75569.3495
C-12958,0.0
C-26661,70699.69359999997
C-2509,59264.12970000004
C-38559,50972.07370000001
C-22079,54972.50529999998
C-18290,46314.86960000002
C-22170,52239.5116
C-31551,14477.504700000007
C-6556,59912.8181
C-451,168043.00770000007
C-44735,0.0
C-41358,12595.960800000003
C-21296,76653.6069
C-21412,60873.67550000003
C-7111,55304.84700000002
C-45296,0.0
C-37389,46908.45020000001
C-1476,61645.05580000001
C-10258,22285.813800000007
C-10679,35642.3573
C-7356,22873.3867
C-41189,16832.585100000008
C-20601,10648.947899999997
C-7317,24620.05839999999
C-11943,65728.85920000004
C-40986,80508.69
C-45766,66572.26180000001
C-20420,50840.80059999998
C-39325,0.0
C-40901,31982.765199999987
C-1828,100169.92139999999
C-6839,106292.87550000004
C-11889,0.0
C-20576,26454.682199999992
C-902,39361.14170000001
C-46513,17110.7362
C-13022,0.0
C-41535,43937.89299999999
C-40445,23661.830700000013
C-8614,22404.31099999999
C-31963,46586.29749999998
C-30173,83580.18360000002
C-15828,0.0
C-14653,22417.125000000004
C-28684,0.0
C-46477,766.1771000000001
C-28973,20503.335100000008
C-26667,14842.516700000002
C-537,36914.265199999994
C-8596,9168.515099999997
C-32362,140779.06699999998
C-29614,154781.05200000003
C-15725,56531.9486
C-5245,15629.774699999994
C-16033,25273.083800000008
C-1061,19690.240100000006
C-8084,69013.99350000001
C-18753,183267.43409999993
C-30525,36000.88720000001
C-27420,43816.0431
C-5694,42660.21420000001
C-34831,100350.48759999998
C-18575,0.0
C-8036,27150.088699999997
C-36694,37186.27799999999
C-48580,0.0
C-48923,0.0
C-23352,47059.98500000001
C-25759,34506.3514
C-5488,46584.80310000001
C-12170,74913.50139999998
C-31165,55655.1752
C-7115,103606.41179999994
C-29158,43335.39620000001
C-31692,27429.7094
C-36806,33477.22200000001
C-18647,71800.34019999999
C-712,20313.968899999993
C-34705,60950.39270000003
C-49020,0.0
C-36576,0.0
C-47910,8841.688100000003
C-41175,28660.437700000013
C-45818,0.0
C-8304,20084.433000000008
C-49680,0.0
C-32690,36969.38760000001
C-39176,58863.92339999999
C-10406,12748.079900000002
C-32460,157518.35779999997
C-22217,72361.20100000002
C-31527,31540.377699999986
C-43664,91310.71640000005
C-28908,39584.8803
C-13066,25330.650399999995
C-2293,46480.75410000003
C-4544,78552.2078
C-21102,82305.14380000003
C-47836,0.0
C-35896,0.0
C-8349,34140.331800000014
C-18590,91023.63290000003
C-34960,63870.670500000015
C-48800,53190.71439999997
C-32976,43312.56120000002
C-32325,9344.104599999993
C-28335,12571.9126
C-15962,50665.30899999999
C-6567,82809.86849999998
C-35450,114926.1019
C-23623,93195.09850000004
C-13153,11603.945399999999
C-45004,0.0
C-15957,56741.54970000003
C-22467,121683.90870000004
C-13410,57940.1529
C-24246,95089.34800000004
C-33825,0.0
C-10857,22289.1543
C-38613,121294.63500000002
C-39440,73612.05150000007
C-36846,151725.04269999987
C-46064,57819.29019999999
C-43386,2899.3873
C-45286,63464.69570000003
C-30666,18923.599500000015
C-18023,23232.525799999996
C-17886,138216.0096
C-20853,92842.838
C-5729,32773.4556
C-15098,44663.82230000001
C-24000,26357.103199999983
C-16840,98953.86109999995
C-33592,89980.94920000006
C-938,24966.100399999985
C-48114,69313.9835
C-10831,0.0
C-11768,20481.662100000005
C-49756,12097.0359
C-22527,101299.87079999998
C-25302,103865.56730000002
C-22299,93741.97289999998
C-21419,7272.831099999999
C-12963,144819.81769999999
C-35219,15039.7327
C-29429,79282.46000000002
C-6314,42226.90649999998
C-35617,31326.923699999992
C-19694,34242.164000000004
C-21454,15953.249600000003
C-8251,63395.86059999999
C-35975,28517.1596
C-6615,23460.936400000006
C-21731,54217.79260000004
C-16175,17511.49880000001
C-10430,73043.8714
C-42634,52129.37670000001
C-1183,2878.0616999999993
C-32355,20230.233299999993
C-14959,0.0
C-30767,89274.73429999994
C-31033,50688.331399999995
C-33139,34550.821
C-17885,5997.951200000001
C-28296,0.0
C-24999,18863.712999999992
C-12010,27249.114799999996
C-27223,93143.64509999997
C-23508,62051.73679999997
C-46804,0.0
C-41140,17241.908499999998
C-20213,84831.31490000003
C-3736,94330.3093
C-28880,61634.768699999986
C-15721,78428.42530000002
C-18225,0.0
C-47402,0.0
C-38131,18613.6444
C-21579,20930.263800000004
C-15574,89507.79219999994
C-22388,24611.67519999999
C-22215,0.0
C-42952,107629.3587
C-31276,26247.070699999997
C-1294,26591.7085
C-45660,0.0
C-24583,94799.30549999999
C-6236,32944.4965
C-29012,0.0
C-19048,86295.79509999997
C-20798,93919.0711
C-11408,34625.96539999999
C-14159,47797.101200000005
C-4559,19874.0863
C-21873,20835.404499999997
C-6832,58436.6788
C-27384,67188.98939999999
C-42817,31034.530499999997
C-41311,0.0
C-18551,27845.145300000007
C-3100,0.0
C-44884,62922.35200000002
C-23415,74424.091
C-30452,82517.62779999999
C-43698,25543.430799999984
C-39754,24796.125699999993
C-39078,58956.423200000005
C-44095,16200.145999999999
C-23374,27124.5995
C-12601,71937.26499999998
C-47460,0.0
C-6338,64068.60599999998
C-49083,28831.55829999999
C-23532,28808.2494
C-18748,50487.62930000001
C-7328,42113.38629999997
C-39631,45649.73790000001
C-17756,24976.5717
C-38900,71526.6374
C-9574,50579.30830000001
C-29967,44583.53360000001
C-33115,40120.43739999999
C-36337,20761.105
C-17702,0.0
C-5664,0.0
C-49025,21499.324599999996
C-17588,51699.7246
C-19279,50769.313300000016
C-41970,203.2832
C-34196,63332.837
C-19440,65410.4056
C-35457,20493.922200000005
C-5780,103487.82179999998
C-45679,0.0
C-10798,11040.031199999996
C-41998,19084.723799999996
C-48365,41144.80069999999
C-2073,0.0
C-17676,110534.67219999999
C-27672,118208.42000000001
C-11903,12571.0317
C-5945,56934.38159999999
C-5834,87924.30989999996
C-31639,63707.76120000001
C-34349,0.0
C-30249,47503.3311
C-30939,85046.8249
C-26084,0.0
C-26297,47973.91719999998
C-36481,59493.17159999997
C-35446,84653.54359999999
C-42169,19675.918099999995
C-15519,0.0
C-5811,89054.41250000002
C-12378,70806.6623
C-16400,18128.332899999994
C-14481,0.0
C-11573,73042.3253
C-13155,72454.3923
C-35980,42517.300100000015
C-37138,68035.24040000002
C-44387,25193.288300000004
C-36984,119071.27369999998
C-28942,87438.87289999999
C-2644,89811.71780000003
C-17683,55997.88010000001
C-17498,22969.505599999986
C-46944,0.0
C-12207,40947.172799999964
C-863,0.0
C-17218,64126.68360000004
C-25649,60586.96640000001
C-28147,87485.9162
C-38232,24569.387899999976
C-12121,47824.79840000001
C-20987,0.0
C-37913,27605.188399999988
C-24937,221190.29419999997
C-33353,59359.30079999999
C-47220,34066.631599999986
C-1340,64628.57580000003
C-26206,94848.2662
C-33319,0.0
C-4813,23487.586999999992
C-6855,51213.86629999998
C-18712,27952.33240000001
C-42570,27198.315499999993
C-8341,90361.41250000002
C-3558,0.0
C-21849,66990.42390000001
C-26202,91558.44150000002
C-20469,23630.965699999993
C-29924,51544.392000000014
C-8738,47545.552599999995
C-32831,19888.431500000002
C-13623,141121.36279999997
C-3207,0.0
C-27437,0.0
C-41413,32760.458999999966
C-25065,6968.1378
C-896,39569.76220000002
C-11957,107830.55020000003
C-31347,76131.43930000001
C-45278,0.0
C-19088,13189.482099999997
C-21465,44165.4318
C-813,90024.32359999999
C-41438,58817.17680000001
C-18499,43250.42050000001
C-13747,34122.26170000001
C-8919,77512.1138
C-7372,21048.721999999998
C-34739,0.0
C-9526,13485.252
C-18527,93783.1691
C-37794,86647.47740000002
C-18758,21712.491099999996
C-48468,48767.686899999986
C-24640,117393.7046
C-16166,82110.5374
C-31149,58963.52890000003
C-46052,0.0
C-40280,62298.87250000001
C-25193,38792.85560000001
C-972,58650.8631
C-20047,15846.983500000008
C-12175,112362.66089999994
C-8220,55757.4289
C-11249,106823.52749999997
C-9500,24650.517400000008
C-14507,46014.636099999996
C-11294,90055.38489999999
C-19251,148851.98559999996
C-34847,40442.568300000006
C-46001,0.0
C-49872,124507.0574
C-37620,0.0
C-37343,24717.934999999994
C-1094,166768.83029999994
C-18046,0.0
C-48751,29505.693799999997
C-22859,22398.8861
C-35158,27614.220299999997
C-22387,29225.800700000018
C-3584,0.0
C-1470,157616.25639999995
C-7414,19837.464900000003
C-13736,45754.61139999999
C-20000,12313.003999999997
C-13131,0.0
C-25770,116141.84210000002
C-39835,16883.5047
C-38785,20681.6286
C-13550,87098.7989
C-33507,23750.357500000006
C-32936,45126.452200000014
C-9825,0.0
C-16391,0.0
C-5815,13369.479899999998
C-43067,0.0
C-17473,17943.711100000008
C-13993,113877.16270000002
C-38815,28064.0472
C-18960,17875.405999999995
C-38344,29843.684299999994
C-43366,60587.85399999999
C-30380,48634.763100000004
C-41062,93080.63549999997
C-40333,72597.40390000003
C-38680,103002.15330000002
C-35197,95520.33839999996
C-33470,16036.22129999999
C-26514,14004.252399999998
C-1803,45533.38150000001
C-23868,19802.732600000014
C-9559,29966.863599999997
C-36259,85675.25360000003
C-15883,9306.031100000002
C-7162,19369.108
C-28809,25091.727099999996
C-34130,0.0
C-21981,29115.54410000001
C-32133,120673.98380000003
C-5692,84663.72020000001
C-42226,49682.6061
C-18390,130507.08409999998
C-7129,16425.5856
C-32368,61063.806899999996
C-22518,180536.4927
C-3390,99156.49590000004
C-46023,28254.872699999985
C-4537,39196.17459999999
C-48813,0.0
C-14046,21678.062799999985
C-48248,0.0
C-18060,125975.73259999994
C-44598,10620.429800000005
C-42875,13381.576800000003
C-5043,39974.299100000004
C-506,25162.416099999995
C-41850,0.0
C-11584,0.0
C-30986,50393.60880000001
C-21047,24842.48349999999
C-28777,11123.404599999998
C-28576,0.0
C-7687,48971.57090000002
C-13340,27046.952599999982
C-34396,20603.103400000004
C-29720,32021.93490000001
C-44655,89530.68119999995
C-29972,23286.248299999996
C-27215,30767.431899999996
C-34680,64100.426799999994
C-38916,56145.2922
C-39024,62198.61650000003
C-2411,54834.89279999997
C-3018,56525.330599999994
C-44304,0.0
C-36561,89039.33710000003
C-36177,0.0
C-13460,37797.0174
C-7786,15039.0399
C-17774,0.0
C-45384,0.0
C-4357,97381.843
C-15657,85681.04509999997
C-49245,0.0
C-3296,12215.0025
C-30244,51850.0383
C-36054,16405.895800000002
C-3366,43567.044
C-1296,65865.6324
C-8698,26060.277099999985
C-37199,93610.87060000007
C-27928,128850.49639999992
C-12325,24792.702500000003
C-43193,862.7414
C-10090,120706.65420000002
C-40289,20116.991700000006
C-15351,47740.29080000001
C-44295,71910.48520000001
C-8628,118254.2618
C-39159,50257.776099999995
C-48675,0.0
C-5759,23352.094299999993
C-37267,60576.88870000007
C-18331,0.0
C-23344,0.0
C-22942,27392.012900000005
C-27780,34532.410199999984
C-23068,25071.58820000001
C-44841,0.0
C-49256,0.0
C-8485,0.0
C-40175,47375.70250000003
C-16424,0.0
C-4403,20646.520299999996
C-49490,0.0
C-7678,20725.089399999993
C-35639,114948.62290000002
C-36690,46168.23430000002
C-20226,46682.712199999994
C-21045,0.0
C-23817,37527.6797
C-21531,79498.48890000003
C-37979,11610.064899999998
C-37116,25733.30259999999
C-45404,0.0
C-23418,168637.65420000002
C-6684,60028.27559999998
C-30154,15646.280800000008
C-32140,20880.939899999998
C-21319,91147.15570000006
C-12886,5379.232400000004
C-45367,0.0
C-519,27608.783300000006
C-36129,73795.73550000001
C-24566,55908.581099999996
C-30533,77091.70170000003
C-39151,27569.17039999999
C-709,17949.5827
C-25664,51830.52660000002
C-9024,63979.00579999997
C-29038,32421.408100000004
C-714,91380.54090000002
C-46900,39000.085300000006
C-42950,64742.3272
C-7123,20571.617799999996
C-26366,0.0
C-20159,57999.26400000003
C-38674,146806.2056
C-14713,10371.360900000001
C-253,91685.14590000003
C-2152,22647.7342
C-18510,17091.143599999996
C-25523,37130.668600000005
C-19239,0.0
C-47427,0.0
C-31568,49518.56709999997
C-34286,15097.215900000003
C-30550,38184.2585
C-33103,0.0
C-118,121691.22789999997
C-660,12147.034599999997
C-42536,54868.4093
C-34222,50728.02859999998
C-1589,4085.513900000001
C-32708,47883.72869999999
C-48595,0.0
C-5852,81000.18299999999
C-34609,183257.31250000012
C-1289,85825.17830000001
C-30853,54607.15470000001
C-28356,15678.184699999994
C-23106,48111.33999999999
C-9351,14625.0669
C-2890,92593.07509999997
C-6824,110017.13050000001
C-44985,0.0
C-10922,18913.1212
C-49146,0.0
C-29006,9332.284799999998
C-35513,22251.690300000006
C-16212,43612.0299
C-7661,0.0
C-38339,34182.348399999995
C-43627,12307.689800000002
C-23470,55391.583099999996
C-39878,20144.5083
C-5336,29065.5313
C-27135,59412.523799999995
C-429,0.0
C-1686,107406.48680000003
C-35621,16569.954499999996
C-618,55298.81030000001
C-8692,59637.530299999984
C-17917,34126.952699999994
C-20739,108793.81599999999
C-249,51021.3432
C-20263,0.0
C-22667,13222.758000000003
C-35425,20673.3794
C-39394,26886.675200000005
C-10747,26485.0801
C-20051,100531.68090000002
C-15792,37486.11699999999
C-43597,34313.35699999997
C-29443,49925.110199999996
C-18714,14613.2882
C-6378,19995.02080000001
C-23139,41834.35289999998
C-33311,103317.35809999997
C-6935,0.0
C-8717,94117.96749999997
C-18754,62453.940500000004
C-27051,92789.99260000004
C-17529,0.0
C-34991,48151.83449999998
C-1796,0.0
C-38150,57135.0933
C-5748,29352.945099999997
C-18703,56141.22550000001
C-8405,101583.21029999999
C-42526,28600.457199999997
C-3757,42426.7305
C-13598,9945.759700000002
C-7210,100718.36960000006
C-4352,66856.5724
C-11641,93406.17390000004
C-1483,56926.990000000034
C-19972,25732.539299999993
C-27195,45359.36160000001
C-34337,0.0
C-4281,47845.65209999997
C-21247,84835.12650000003
C-2400,71477.60010000003
C-2795,47820.80739999999
C-22054,0.0
C-39148,46707.05259999999
C-16186,16800.258199999997
C-18923,71653.72989999999
C-18909,29216.7626
C-15513,41124.79519999998
C-23072,0.0
C-31596,159277.92620000002
C-66,11467.9477
C-17923,27336.747600000002
C-38952,104865.78809999995
C-10826,51289.90670000001
C-16283,55265.45719999996
C-32560,37842.496300000006
C-46300,26453.139599999995
C-19868,18051.408599999995
C-18410,23389.704699999984
C-14278,44225.96459999999
C-12449,28913.543300000016
C-44983,0.0
C-34080,119461.45160000001
C-29030,81973.72349999996
C-33120,54623.018199999984
C-11766,54202.7613
C-4747,54788.30130000002
C-38838,184288.69589999996
C-35930,25049.9315
C-20756,22003.145799999995
C-44998,0.0
C-13007,66706.74929999998
C-9188,61651.28880000002
C-42361,0.0
C-46852,278.8199
C-43601,73299.59759999996
C-7067,88651.3283
C-21673,98062.28119999997
C-26455,24953.821999999993
C-30129,67434.57689999994
C-21640,101392.26040000001
C-13328,35214.95239999999
C-15552,27217.89050000001
C-16422,30540.622500000005
C-44267,41163.011300000006
C-14404,51056.40570000001
C-30753,34986.502400000005
C-18001,114917.86529999998
C-14409,56205.41840000001
C-14241,35454.83579999998
C-21987,0.0
C-24012,40544.25000000002
C-21671,51527.707
C-10180,0.0
C-33341,55078.6341
C-8967,26801.0507
C-3684,85427.3282
C-37323,94336.61140000002
C-36866,0.0
C-23041,150987.13929999995
C-32977,103166.69999999998
C-3434,51972.99129999997
C-4760,17969.8214
C-30069,25247.0923
C-6424,123359.5071
C-44062,222.4986
C-33020,64673.87889999998
C-35472,15783.439599999994
C-6674,0.0
C-33667,0.0
C-1632,45925.66999999999
C-10977,31443.68189999999
C-21193,25444.81549999999
C-24498,23285.13259999999
C-12836,10682.957000000006
C-921,38782.57520000001
C-46321,68140.1337
C-6400,26328.794299999987
C-31393,39176.617300000005
C-23892,129826.83699999997
C-10250,84987.12329999998
C-3926,66821.37700000004
C-28851,25519.370799999997
C-603,0.0
C-20619,53224.120600000046
C-47923,8190.0852
C-22623,64307.78449999998
C-48922,0.0
C-16927,0.0
C-3763,85018.16950000003
C-29791,174240.30039999998
C-2769,137687.26350000006
C-1905,66635.10900000001
C-47766,2508.6834999999996
C-1407,32104.1941
C-49440,110726.88879999997
C-13215,23915.325800000002
C-11028,0.0
C-44456,0.0
C-30773,122679.0564
C-14829,185619.0165
C-7730,0.0
C-6454,44012.27040000001
C-47906,0.0
C-28998,0.0
C-7978,54006.9332
C-13059,45519.85740000001
C-42961,306.0973
C-2265,40458.232399999986
C-7047,122107.01629999999
C-27533,84101.9416
C-19604,30464.939300000005
C-5697,170430.22990000012
C-23058,36125.316499999986
C-18652,18417.57769999999
C-8161,84246.1265
C-33224,23201.185900000004
C-35135,83808.52629999998
C-1087,56450.10129999999
C-28322,0.0
C-26102,84143.33969999998
C-20015,17781.79140000001
C-39613,0.0
C-15084,22920.3791
C-2806,10856.142900000004
C-33282,17584.675600000002
C-7166,10227.233399999994
C-43078,53914.1094
C-26271,83888.561
C-16412,38897.11489999999
C-36500,30982.0336
C-37474,19382.809999999998
C-40364,18730.8271
C-18351,21735.617799999996
C-21610,36293.96699999999
C-30581,0.0
C-27749,82059.24120000003
C-30618,42365.60340000001
C-48400,0.0
C-15401,50981.49670000001
C-19778,72013.52430000002
C-45462,94949.5574
C-45377,91601.8596
C-32421,29750.77069999998
C-15471,78783.10010000001
C-42046,0.0
C-35642,22483.014800000004
C-43526,0.0
C-37624,42184.70059999999
C-47309,0.0
C-21914,45991.90579999998
C-29875,0.0
C-33959,26575.380400000013
C-38057,0.0
C-34529,64455.21869999998
C-8623,105381.94729999997
C-39805,25825.92
C-19313,24804.1805
C-17954,0.0
C-27975,65981.90590000001
C-3092,80666.25820000004
C-19932,83136.51760000002
C-8008,47019.79780000002
C-54,33376.65670000001
C-4396,73380.5142
C-48708,0.0
C-49770,0.0
C-15395,141596.5327
C-20330,18939.486500000003
C-10685,21344.780199999994
C-28824,89448.65090000002
C-21137,88375.13290000001
C-49175,0.0
C-39580,0.0
C-32288,40555.0911
C-41262,28320.276600000005
C-32197,0.0
C-27472,24907.138699999996
C-49430,25343.1342
C-3886,40419.5675
C-30290,54797.7044
C-11592,50016.80010000002
C-1513,54641.44549999999
C-46632,0.0
C-18722,23423.741200000004
C-44950,0.0
C-25477,0.0
C-4421,61245.971499999985
C-13793,13749.175799999994
C-12857,30338.749400000008
C-41478,56950.035000000025
C-37535,128379.53249999994
C-46908,0.0
C-46014,25395.933600000008
C-40415,35762.9535
C-48112,5271.188499999998
C-33200,68867.28849999997
C-31354,58453.56849999999
C-47962,0.0
C-22499,66037.99620000001
C-30334,76063.33829999999
C-5987,32728.09570000002
C-9330,69634.56420000002
C-21839,14855.845799999994
C-230,19898.8001
C-48681,0.0
C-12672,87214.62870000006
C-8684,133862.54250000007
C-7948,20624.7338
C-1932,25711.437700000013
C-4942,9323.057800000004
C-40554,0.0
C-5461,35958.692800000004
C-37508,0.0
C-29569,0.0
C-3611,0.0
C-28679,79334.92909999994
C-15975,118665.81729999998
C-6442,58799.93870000002
C-10241,72010.47279999999
C-6061,60649.68590000002
C-25072,61721.054200000006
C-6107,108605.5477
C-34514,0.0
C-4120,112821.33730000003
C-201,19241.5462
C-1984,74932.35320000003
C-49932,0.0
C-38617,6674.909500000003
C-33533,0.0
C-30880,42341.4264
C-27516,15719.882200000007
C-32892,22236.530700000003
C-34364,55101.522600000026
C-26699,33930.679299999996
C-28894,68593.72909999998
C-35191,46152.54150000002
C-42318,67678.7933
C-13219,27493.7303
C-8376,11777.057900000009
C-45961,63746.849200000026
C-36665,18998.154000000002
C-31528,0.0
C-26609,22836.1582
C-14170,24199.275399999995
C-48401,28219.166300000004
C-49058,27171.71669999999
C-7695,74367.42020000001
C-44154,0.0
C-32638,0.0
C-28002,70655.12950000001
C-42149,57374.3608
C-39819,26162.748700000015
C-22198,39561.266599999995
C-35854,60186.039300000026
C-25578,23427.292199999993
C-43341,0.0
C-42112,130662.0566
C-31140,90257.41980000002
C-33893,5468.719499999999
C-7603,67608.37010000004
C-23414,67965.06820000005
C-12634,55416.34959999999
C-27668,29430.481399999986
C-41821,84109.00420000002
C-822,23147.32109999999
C-9942,64687.7493
C-22750,21129.136699999995
C-13254,103376.99820000006
C-31260,23449.08519999999
C-32301,10411.885800000005
C-35100,169783.35139999993
C-17358,92271.94809999998
C-41642,0.0
C-30579,24217.505500000014
C-45474,0.0
C-4554,0.0
C-5396,66066.69020000003
C-28671,23715.06519999999
C-20850,17633.7734
C-11449,58554.550700000014
C-34356,67240.2353
C-6954,79556.77290000004
C-35600,68119.87600000005
C-21239,76783.10029999998
C-42646,37691.402799999996
C-39351,24711.576700000005
C-11228,13176.433599999995
C-3185,11226.935499999998
C-20256,20766.537699999993
C-38891,35899.71950000001
C-44172,0.0
C-20246,0.0
C-37953,81738.32220000001
C-33501,40928.07710000001
C-46294,34916.558199999985
C-9202,63741.40669999999
C-15621,12366.118800000006
C-38960,70557.09420000002
C-33462,24970.150100000017
C-34044,0.0
C-41214,66722.4767
C-17087,145376.87670000002
C-13470,105326.00549999997
C-14333,28595.28320000001
C-20595,70636.22239999998
C-17211,21416.817099999997
C-25434,37828.96900000001
C-32803,0.0
C-14062,13896.376500000006
C-30937,113947.05610000002
C-11995,126358.7745
C-2957,94650.82630000003
C-22041,34043.55230000001
C-8321,107910.7348
C-2764,24994.852400000003
C-20631,36300.620400000014
C-5746,19945.568399999996
C-28445,4536.733299999997
C-34636,48706.95250000001
C-17430,39286.311599999986
C-32022,87822.6182
C-27279,23995.911399999997
C-31813,0.0
C-22114,63322.34200000002
C-23294,26609.7215
C-8205,67410.2982
C-8322,24380.414100000005
C-13047,61400.03330000003
C-10769,147469.2544000001
C-13989,58793.86379999998
C-2664,37111.447700000004
C-17399,99999.89059999996
C-14876,31114.12440000002
C-42772,0.0
C-37248,145649.7636
C-6246,116442.52160000004
C-11103,22105.924399999985
C-8950,45772.34539999999
C-38421,28127.689899999998
C-19363,0.0
C-30157,31097.571200000002
C-14294,14705.622399999991
C-33251,0.0
C-43221,278.8199
C-3496,10721.434799999995
C-45197,0.0
C-38356,28330.113699999987
C-43817,0.0
C-497,82570.17079999999
C-43902,0.0
C-49625,9520.521999999999
C-36006,15155.101700000001
C-10519,0.0
C-40378,33321.093599999986
C-34535,0.0
C-5774,21487.436599999997
C-31345,0.0
C-24267,22672.381699999998
C-41866,61350.51139999999
C-11862,48664.82470000002
C-39274,62697.7573
C-2472,53420.64810000001
C-35868,0.0
C-47968,52158.242799999985
C-48623,0.0
C-2403,22489.481699999993
C-67,0.0
C-40302,12297.802800000003
C-36206,21101.9122
C-17791,11523.476099999996
C-6482,42332.96040000001
C-13495,66155.60650000002
C-12852,66434.14380000003
C-25580,85677.92970000007
C-46259,0.0
C-37428,17946.3253
C-19170,24058.7009
C-49120,92638.2574
C-37643,42847.34580000002
C-38564,89996.88989999997
C-19747,74431.80299999996
C-32987,22360.879400000005
C-37388,50762.25340000002
C-40765,147791.0462
C-6898,63124.88710000002
C-12105,27427.55749999998
C-45078,56047.83579999999
C-26939,39985.687900000004
C-47203,0.0
C-45177,16675.771200000003
C-5623,8232.469600000002
C-40239,105044.9805
C-30314,77620.56309999996
C-19912,8146.548699999997
C-45130,0.0
C-23977,86840.04220000003
C-37,0.0
C-13725,13995.745800000006
C-27488,62363.10069999996
C-20956,84036.397
C-38010,99171.33000000002
C-37120,60515.19730000003
C-47117,120136.93480000002
C-22177,54267.0315
C-22853,12486.417600000002
C-22968,25022.749599999992
C-23258,39725.57689999998
C-3028,58930.13589999999
C-11588,31738.757199999996
C-48436,0.0
C-22283,54153.872
C-25714,77038.71200000001
C-28741,60145.61819999998
C-32896,86967.08020000001
C-47397,159466.77690000003
C-30586,26187.70719999999
C-49234,0.0
C-22489,26467.019099999998
C-16861,109058.70300000001
C-6956,14154.164900000005
C-27007,166151.96330000006
C-30341,48896.05369999999
C-33234,17425.184300000008
C-32615,36604.6886
C-17939,55908.8478
C-18581,111495.38279999999
C-10876,64136.72550000001
C-47852,0.0
C-43411,15017.3188
C-36309,85076.87880000002
C-40772,26783.92529999999
C-40129,53768.00050000004
C-36885,21661.4992
C-35032,96974.39860000001
C-23622,57222.92180000004
C-9704,0.0
C-9730,9092.886599999993
C-116,97530.23000000005
C-12952,52771.41199999999
C-36387,83711.32030000006
C-42296,85506.5065
C-43175,0.0
C-9211,45463.7865
C-34274,151240.5584999999
C-44080,62685.07830000001
C-21771,87722.55969999998
C-23873,0.0
C-33249,18411.703799999996
C-40073,29464.867300000005
C-11439,17226.6745
C-36348,0.0
C-18657,46116.6194
C-25747,66815.03030000003
C-7340,26753.0369
C-38833,17757.379900000007
C-36950,0.0
C-20381,48745.699899999985
C-8238,0.0
C-43071,0.0
C-35766,174316.43120000005
C-12893,66581.44400000005
C-17976,24385.516999999993
C-15696,36904.137500000004
C-45510,0.0
C-43242,0.0
C-28001,132667.07259999996
C-1504,49219.829800000014
C-32710,23418.4969
C-49598,0.0
C-21089,133416.4547
C-44973,21540.249099999994
C-38324,55375.410999999986
C-46054,0.0
C-44179,71585.3066
C-28877,0.0
C-31202,28030.476799999997
C-45501,535.2823000000001
C-21197,44338.89259999998
C-10412,193411.12240000002
C-16816,0.0
C-32800,25864.360700000012
C-14938,20938.37869999999
C-43236,58986.21710000001
C-5790,89738.70120000002
C-12860,44260.83060000002
C-24884,28273.8774
C-22645,31679.5676
C-442,17513.250399999997
C-34657,88788.61800000003
C-32523,19922.657700000007
C-1405,30165.4208
C-47186,206543.26559999996
C-40774,59615.60529999998
C-6381,52364.02610000001
C-21242,27438.76540000001
C-42784,0.0
C-13812,118236.6507
C-16169,13979.514899999998
C-39125,173453.79209999996
C-36888,23933.355800000005
C-48858,0.0
C-7905,55554.470899999964
C-33903,57839.22130000003
C-48944,26452.731399999993
C-12833,25570.279199999986
C-4759,56726.38250000001
C-8605,13537.4395
C-14556,66054.00380000002
C-32110,17455.298299999995
C-16920,17595.0438
C-36564,0.0
C-33448,76585.21830000001
C-41153,42116.30119999998
C-47226,0.0
C-22043,38522.451700000005
C-16823,43025.92679999999
C-20497,0.0
C-9538,35218.472400000006
C-3601,82901.45879999996
C-4841,110094.71930000006
C-42896,0.0
C-34890,114261.60119999998
C-5007,14915.556399999996
C-1194,72448.59809999999
C-27844,0.0
C-37106,42651.66349999999
C-21347,85189.0224
C-13349,28041.218700000012
C-44596,566.864
C-20676,91860.49350000004
C-15665,96288.07930000001
C-18018,116034.86220000003
C-45557,210925.54620000024
C-42657,105176.09950000001
C-38693,222043.6861999999
C-41803,85881.24000000003
C-7485,103875.46539999999
C-23562,37227.9612
C-29477,31487.039999999986
C-38854,13365.8142
C-35714,10679.027600000003
C-11847,43327.91079999999
C-32424,11263.928199999998
C-13198,137601.45160000006
C-27306,0.0
C-286,24904.334599999995
C-45504,8476.096099999999
C-18252,112938.61180000001
C-40917,22406.518200000002
C-20069,36079.7767
C-18075,15492.405200000003
C-7934,24034.142800000012
C-12688,52016.895599999996
C-44351,6300.791700000001
C-7849,23180.51049999999
C-34480,17311.874399999997
C-32555,85640.74590000002
C-25555,77973.6136
C-20988,82457.04060000004
C-48735,38648.30119999998
C-26916,184539.86010000014
C-7164,137390.12210000007
C-19744,75999.92909999996
C-23180,56272.890300000014
C-3440,58733.143100000045
C-35576,0.0
C-2328,0.0
C-3848,21686.6311
C-39166,0.0
C-5451,13856.938299999996
C-8402,0.0
C-32334,96247.89180000001
C-39232,32057.1314
C-39755,12791.321599999997
C-14673,100200.16460000003
C-26421,0.0
C-21131,45737.892000000014
C-21088,8131.2943
C-24018,28242.76429999999
C-32746,29438.41199999999
C-4236,28351.19860000002
C-30807,26464.061900000004
C-47146,122926.39090000007
C-6565,53590.754199999996
C-28,46783.961400000015
C-46149,300.7478
C-6892,63615.52290000002
C-46339,5727.554499999999
C-23701,25539.174300000017
C-24314,82982.06290000003
C-3294,28420.308699999983
C-44679,15594.691900000009
C-41295,0.0
C-11616,0.0
C-41938,41983.57890000001
C-953,0.0
C-46272,0.0
C-38860,52633.21409999998
C-24651,42627.29429999999
C-32,59815.4149
C-36052,35664.43169999999
C-29407,60056.17520000001
C-14134,107619.57190000004
C-48523,100757.57710000008
C-41328,0.0
C-29382,53060.83430000002
C-15284,22140.014900000002
C-38938,49202.832299999995
C-30654,41316.61340000002
C-22348,48544.156400000036
C-17309,22465.271199999992
C-4864,51213.9788
C-49344,451.8004
C-22556,70404.20880000001
C-39661,122836.93339999997
C-2369,20721.133399999995
C-39996,80162.67699999995
C-48037,0.0
C-28207,123946.6514
C-40433,67230.22619999998
C-38192,107301.89520000001
C-32139,9276.763999999997
C-3291,52965.83400000003
C-33985,24877.851799999997
C-34331,104497.44810000007
C-8507,18140.204300000005
C-26412,96483.5094
C-19971,97943.13699999999
C-25998,41154.172
C-29423,4254.4927
C-9516,169084.38899999994
C-5675,0.0
C-6738,98410.64320000002
C-30631,124441.10059999993
C-20490,0.0
C-1842,107391.42149999998
C-49084,71039.69680000002
C-2935,175696.6394
C-41100,64510.1744
C-4885,10498.562400000003
C-13416,24156.199400000005
C-41647,89601.68020000005
C-7303,80112.84039999996
C-46664,0.0
C-49225,0.0
C-48510,37696.62040000002
C-48491,18156.74030000001
C-12307,0.0
C-47873,17008.281000000003
C-22377,81419.54420000003
C-34314,31559.613599999997
C-40485,15191.567399999994
C-46310,0.0
C-36136,49739.80850000001
C-48426,710.1906
C-21136,44247.156
C-1179,0.0
C-37457,61451.23809999999
C-14580,33262.447599999985
C-22770,23405.470799999996
C-41705,0.0
C-20881,65743.7058
C-20341,0.0
C-30222,10984.3088
C-12213,18802.81650000001
C-45368,65187.18379999999
C-28326,49104.62629999996
C-35931,55880.38199999998
C-31925,0.0
C-46042,42795.928900000006
C-22887,134725.80999999997
C-1585,181659.56220000013
C-13099,61318.310699999995
C-39421,40548.81659999998
C-900,34620.63109999998
C-27756,28045.23899999998
C-30997,57159.239099999984
C-49850,43977.908399999964
C-6697,43348.68990000001
C-46921,0.0
C-37871,82794.13330000003
C-21106,35959.15809999999
C-11506,65122.8159
C-19,0.0
C-45954,11841.3761
C-43618,39918.00569999999
C-44158,0.0
C-8426,19774.721400000002
C-22696,26629.59829999999
C-27038,13187.556099999998
C-49611,31551.545000000006
C-48200,115814.2574
C-21447,0.0
C-38408,68248.45099999996
C-17440,33646.63870000002
C-30669,207187.5762
C-44610,8649.6279
C-1338,12332.530700000005
C-36281,53722.6239
C-47329,0.0
C-45128,0.0
C-45654,0.0
C-43536,0.0
C-47236,0.0
C-46330,109740.74410000004
C-9277,45447.87909999999
C-9579,15415.255799999995
C-42267,47942.4503
C-36306,0.0
C-7772,48262.87410000001
C-37394,45463.10900000001
C-34417,144758.85980000006
C-6964,112919.87690000002
C-43035,25642.977799999997
C-17039,27525.566799999993
C-23594,27022.772200000003
C-30867,15013.2553
C-17556,53407.996400000025
C-18743,102897.50119999997
C-41641,0.0
C-14833,37893.16790000001
C-19952,8544.085899999995
C-14045,88326.44720000001
C-39581,0.0
C-2720,23890.932699999987
C-45771,84112.98940000002
C-16333,0.0
C-28345,7921.595500000003
C-37834,91238.67410000002
C-12281,91501.40299999995
C-9790,114309.14810000006
C-10485,25026.528099999996
C-13905,0.0
C-25595,40712.07920000001
C-3260,13608.760299999993
C-22907,27410.1813
C-47343,81210.32420000002
C-18486,0.0
C-26969,22954.854900000002
C-27024,100828.3179
C-9655,31561.09289999998
C-48797,19785.563299999994
C-40845,21390.72379999999
C-43446,0.0
C-32105,19615.197199999995
C-38998,66278.08730000001
C-11722,123434.83509999997
C-48028,29362.47670000001
C-34443,62712.09360000003
C-36356,47750.5847
C-21121,25005.175900000013
C-39626,43456.23880000003
C-46419,152808.72489999997
C-3187,88691.51200000002
C-21223,37500.43460000001
C-27734,107414.73520000005
C-8048,61154.54219999999
C-1084,42256.28549999999
C-26493,49328.321800000005
C-2167,60845.46520000001
C-5114,27760.502099999994
C-30512,112211.8253
C-33198,16023.814299999995
C-3190,17221.9459
C-38769,84258.1655
C-30269,29357.3581
C-36216,86543.05130000002
C-32727,202096.63939999993
C-46844,24098.7683
C-7289,88197.69550000003
C-33549,27684.766799999994
C-49501,36099.467400000016
C-48514,36646.6308
C-33084,18185.31980000001
C-25007,21862.84669999999
C-14122,107587.25839999999
C-2262,108057.16169999998
C-32508,24260.3224
C-22032,54739.97820000002
C-46414,0.0
C-11545,114796.03199999999
C-13741,79694.28370000004
C-38391,49152.01549999997
C-36173,52447.86650000001
C-26924,94077.8728
C-20196,25550.076899999985
C-17219,20544.7956
C-23899,122595.18079999994
C-42400,27303.235799999988
C-44054,34779.16359999999
C-20807,10996.711200000002
C-22857,45774.04769999999
C-2336,62549.3953
C-25647,34304.171
C-19300,42033.687399999995
C-16122,0.0
C-3773,125230.48640000001
C-26307,200242.5920999999
C-42181,16730.099899999994
C-20816,91561.94089999999
C-2393,145334.0937
C-45165,9752.679399999999
C-16825,86830.03480000002
C-4348,65392.778699999995
C-27887,24703.182600000004
C-35282,25399.65139999999
C-37266,21752.722199999997
C-34678,193303.10029999996
C-9676,27662.77929999999
C-29330,55644.54490000001
C-46683,48471.74720000001
C-8529,57614.05999999998
C-40522,69320.38340000005
C-26302,61045.72140000002
C-45053,80816.8196
C-26495,126279.08080000004
C-40596,27478.272199999992
C-44374,49513.9738
C-31895,31351.4848
C-9974,120678.16479999998
C-42624,0.0
C-45115,44355.94620000001
C-27903,20156.761400000014
C-20318,18226.72070000001
C-8098,25877.0345
C-44725,0.0
C-19355,20331.591299999996
C-33010,22452.274999999994
C-25732,39511.35
C-25002,92725.86990000002
C-7645,42780.87370000001
C-21072,22263.686099999995
C-30843,12105.281499999997
C-41491,20050.588599999992
C-11259,37750.451000000015
C-47881,0.0
C-8057,48570.28820000001
C-32905,129418.3299
C-49229,1716.5233
C-29426,21647.949600000007
C-28302,51887.68510000001
C-8144,0.0
C-27025,0.0
C-8609,113843.28830000001
C-30158,21685.580599999998
C-11353,0.0
C-21029,62545.47889999999
C-6384,88215.98709999998
C-29346,111330.71879999993
C-37826,54258.6427
C-16717,25129.42240000001
C-31002,82557.55189999996
C-34913,58861.2779
C-8857,25776.549699999996
C-34175,5213.976000000002
C-25875,22825.391799999994
C-19618,31202.4803
C-15768,55910.16980000003
C-48620,22624.021699999994
C-35359,13681.54380000001
C-3623,63985.20459999999
C-25127,96059.74529999998
C-14908,0.0
C-5466,15106.903600000003
C-32559,56656.9271
C-43211,108363.67029999997
C-29242,34742.03219999998
C-25620,29301.3196
C-17549,51779.92629999998
C-25315,78207.38389999997
C-4750,92308.22870000004
C-35294,55061.54459999998
C-28451,84885.29909999999
C-25589,94484.13279999999
C-34795,68153.92350000002
C-21848,112428.78840000005
C-23844,94987.4442
C-4595,57751.8759
C-31809,67312.72940000003
C-40878,40049.36729999999
C-4568,18012.582400000007
C-25274,0.0
C-19401,0.0
C-15407,56433.615999999995
C-29800,45025.8963
C-35121,0.0
C-20209,19986.118700000003
C-44182,109917.76780000003
C-40405,38144.712500000016
C-18593,0.0
C-12792,130362.61480000001
C-44317,0.0
C-16569,48682.6367
C-18978,82280.6904
C-41985,0.0
C-17518,40885.20449999997
C-47035,0.0
C-14867,95199.95920000001
C-47097,16055.454299999998
C-19632,82780.09450000004
C-29245,53922.53590000002
C-22677,156484.78780000008
C-27043,0.0
C-30201,47189.76250000002
C-5807,19884.052999999996
C-151,30022.441400000014
C-5454,166809.93539999993
C-16978,70356.63440000001
C-28571,68951.72580000001
C-8396,25255.55669999999
C-5700,19198.6399
C-41508,0.0
C-36692,0.0
C-44434,24012.439200000004
C-8242,48289.78009999999
C-48593,0.0
C-24043,13555.559099999999
C-3280,16081.862199999996
C-20317,198771.8041
C-16425,24129.41379999999
C-13332,17871.05150000001
C-14425,15808.9806
C-23795,85127.5717
C-43962,44430.29150000001
C-16379,61128.38530000001
C-1078,47379.00550000001
C-47765,0.0
C-18832,23489.294199999993
C-34050,0.0
C-6084,84249.60919999998
C-40291,76798.89259999998
C-23373,93428.14469999999
C-4495,34256.68349999999
C-19567,15569.359500000002
C-16483,30947.035300000007
C-33451,0.0
C-15134,74061.8594
C-29919,28077.93999999999
C-48335,79725.29499999997
C-32374,98162.59859999994
C-15856,159348.66939999998
C-17632,33032.43459999999
C-15223,0.0
C-40221,51707.806199999985
C-4306,29935.67130000001
C-33891,4959.203699999997
C-9472,129256.85329999996
C-39242,99081.1546
C-36308,0.0
C-4699,24941.392000000003
C-4825,0.0
C-46645,89520.6937
C-25438,0.0
C-36744,74057.59710000004
C-20948,31841.150099999984
C-31449,10758.508300000003
C-23205,72596.10800000001
C-6570,18351.742600000005
C-33441,32702.03040000001
C-46225,66874.82960000004
C-33745,34044.6058
C-31008,42040.0538
C-44190,60009.47849999996
C-10898,199770.253
C-11913,62605.17249999999
C-22496,55596.49530000001
C-15006,24437.1002
C-47846,17012.951899999996
C-7079,33687.5838
C-35238,125471.90620000001
C-8145,23595.443499999983
C-20479,0.0
C-5218,52604.1185
C-4950,68234.38209999999
C-25672,46892.453900000015
C-784,140999.37459999998
C-3971,179598.75350000002
C-48363,0.0
C-25870,45446.9371
C-37647,55374.600600000034
C-43138,123021.98569999995
C-38302,7826.281299999998
C-30137,27346.48299999999
C-23813,0.0
C-28204,56090.122800000005
C-25809,120171.3364
C-43529,56023.776700000024
C-29199,0.0
C-5358,118267.10930000005
C-28107,127622.80599999998
C-10312,38747.63699999998
C-7757,0.0
C-12070,13761.947699999997
C-18929,78446.00760000007
C-36340,35981.7069
C-22961,160856.50759999998
C-8955,25728.79910000001
C-14148,56502.50939999999
C-10629,55089.74620000001
C-46722,0.0
C-9170,0.0
C-6620,53528.30290000001
C-485,0.0
C-11861,10138.6204
C-21158,104979.38610000002
C-22956,0.0
C-10235,81295.66860000005
C-43719,0.0
C-1455,0.0
C-43082,0.0
C-6510,22549.349999999988
C-19166,84675.77960000001
C-3145,109304.4859
C-17959,78140.9557
C-39493,47452.149900000004
C-48691,80952.4318
C-1703,45487.03189999999
C-11310,28611.864999999987
C-37940,24200.526100000003
C-36416,49583.14320000001
C-19477,85371.6107
C-21607,105736.67300000002
C-42319,0.0
C-26673,14602.879400000003
C-8887,30287.920000000006
C-1930,120190.34030000008
C-23177,52478.71139999998
C-16912,18123.980000000003
C-43251,0.0
C-37815,55898.61710000002
C-44111,0.0
C-40967,87156.0526
C-46325,53853.4634
C-49944,0.0
C-36585,49209.0561
C-6406,24136.6906
C-4309,21936.07419999999
C-12931,69485.84239999998
C-14458,115514.76670000002
C-33834,0.0
C-16913,27111.96250000002
C-5985,96147.82379999997
C-47316,113145.41610000003
C-26236,0.0
C-48215,43962.72460000001
C-30337,19697.108899999996
C-1141,0.0
C-17673,31617.840499999988
C-17601,47907.2842
C-24832,45442.158399999986
C-44784,0.0
C-47594,0.0
C-5769,41330.8941
C-6069,21709.136300000002
C-38974,44793.18310000002
C-40058,28067.437999999995
C-36490,24042.310999999987
C-12557,20388.8349
C-23908,52924.087799999994
C-45767,102898.56650000002
C-25937,30440.069000000003
C-26720,0.0
C-47545,104635.92320000003
C-41715,12578.9858
C-42658,18267.617999999995
C-11852,110708.53739999999
C-5231,25616.083999999995
C-25297,27739.987299999993
C-26089,22386.819499999994
C-36005,48069.45329999998
C-3343,16148.5724
C-1981,37665.2683
C-7963,44413.164399999994
C-22595,107475.00910000002
C-107,0.0
C-41789,77513.05559999999
C-33873,35729.58890000002
C-43473,95829.668
C-11277,8677.3809
C-20534,10694.280100000002
C-19963,96334.52040000005
C-30714,30878.7239
C-19980,0.0
C-36954,79242.5632
C-28280,55127.57500000002
C-26791,37565.110300000015
C-47907,13934.411399999992
C-26943,0.0
C-18630,87802.92669999998
C-14952,21999.3194
C-45644,0.0
C-18511,36436.134899999975
C-12427,59519.797200000015
C-30835,49020.523
C-6260,455.69949999999994
C-26210,0.0
C-5149,21418.8829
C-39715,23491.807299999997
C-41879,13991.276800000001
C-16988,119243.14729999998
C-9793,112314.337
C-29855,14679.551399999988
C-4127,16700.4691
C-12914,18471.610299999997
C-29836,22087.056400000005
C-9982,33935.86980000001
C-38048,30619.285300000007
C-38081,12434.2501
C-36522,120833.94950000003
C-11246,36532.52169999998
C-5012,81478.5197
C-25266,0.0
C-24038,16284.7421
C-33655,62673.10389999996
C-811,0.0
C-7057,87376.95049999999
C-23614,198540.79970000003
C-20312,153557.25619999995
C-14606,15978.623699999998
C-20103,17494.835900000002
C-10219,17694.331300000005
C-21676,0.0
C-41759,0.0
C-45837,0.0
C-13102,28099.654599999994
C-33424,110021.06410000003
C-8091,26542.0317
C-10459,49690.1668
C-36535,81504.85779999997
C-22962,39986.16280000002
C-6947,0.0
C-25332,53513.07629999998
C-36711,46427.39750000002
C-8339,0.0
C-20005,82022.2142
C-20314,17347.173900000005
C-26624,92169.62760000002
C-6422,0.0
C-18824,11251.616100000001
C-22653,0.0
C-41340,19625.078799999996
C-10913,40092.15239999998
C-22074,149029.67459999994
C-12742,98255.47410000002
C-13367,60170.85580000001
C-24975,40758.149900000004
C-10503,39584.161600000014
C-29271,60808.89259999998
C-36862,0.0
C-5569,0.0
C-29820,54192.570199999995
C-33558,26440.740899999997
C-43582,0.0
C-23615,0.0
C-45596,85160.25709999993
C-12045,25582.814199999993
C-24254,37369.04660000002
C-33100,53534.69430000002
C-8513,68964.5395
C-3800,0.0
C-13481,45046.73360000002
C-29395,52450.10050000001
C-36354,37157.85380000003
C-9008,69539.0707
C-35077,0.0
C-14030,0.0
C-27116,0.0
C-6267,62066.620700000014
C-13110,36933.312300000005
C-33969,5676.7179000000015
C-31388,99086.60700000003
C-22670,66053.71060000002
C-885,30147.9731
C-43202,0.0
C-47886,0.0
C-37115,12941.202399999995
C-9724,61330.15539999998
C-49137,12966.955800000003
C-39163,0.0
C-43329,0.0
C-14650,110673.48370000003
C-27553,70427.10450000002
C-16586,28174.9805
C-2578,61311.929599999974
C-25070,27162.8059
C-31983,21981.927799999994
C-49752,566.864
C-7832,114784.88880000003
C-12086,92171.11979999994
C-13049,32410.897100000006
C-6591,71596.3886
C-40590,75495.10630000001
C-30009,25078.9504
C-8564,40377.4952
C-22237,12976.035500000005
C-36428,21798.135199999997
C-5547,47425.41639999999
C-8468,70950.74680000002
C-34948,32775.233900000014
C-27514,90591.7101
C-40265,26646.58529999999
C-44629,7928.624500000001
C-33,37624.384600000005
C-7823,75064.65179999999
C-42725,127266.39590000002
C-25082,46526.468100000006
C-35577,107916.61079999997
C-23183,48090.42540000001
C-2512,15579.734300000002
C-26460,23125.15939999999
C-44266,0.0
C-4097,0.0
C-23295,150000.63609999995
C-4688,64741.66029999998
C-33984,11331.082100000001
C-21653,105111.897
C-24781,73236.67399999997
C-37425,70062.86349999996
C-38128,100472.88119999996
C-30947,35854.117399999996
C-43325,54036.830899999986
C-6978,149274.0100000001
C-35903,22900.196899999995
C-2355,45027.98009999997
C-4194,43084.35489999999
C-36401,0.0
C-36241,0.0
C-12602,0.0
C-43319,45579.5637
C-11930,74346.37160000001
C-33644,44527.22609999999
C-34030,110167.07770000001
C-40857,49773.94209999999
C-26397,46071.8453
C-5112,104042.54409999998
C-24863,16862.670100000003
C-14623,25523.616100000003
C-14822,0.0
C-48137,0.0
C-7227,97160.53450000005
C-8085,0.0
C-37081,54073.23020000004
C-2847,65906.49700000002
C-23126,29700.757500000014
C-47224,0.0
C-25552,28504.4465
C-10398,34862.8909
C-45191,96782.92529999999
C-5221,155213.28109999993
C-48182,0.0
C-40568,112320.74659999998
C-13372,8581.7435
C-23349,61442.01550000001
C-45042,0.0
C-25075,173225.4045
C-27735,12910.523300000003
C-14906,54949.472300000016
C-41588,38658.06210000001
C-9734,52889.50469999999
C-911,43676.493600000016
C-25298,25630.80889999998
C-12360,25562.962699999996
C-14755,21629.448399999997
C-47917,248.426
C-46606,84985.86630000002
C-24103,21783.4029
C-35353,179488.0613
C-44051,0.0
C-42734,0.0
C-30718,119584.54490000001
C-36582,0.0
C-12485,0.0
C-20661,45980.4505
C-5690,67929.87499999999
C-25262,0.0
C-17835,120324.77100000001
C-45283,80252.9042
C-41648,25959.308100000002
C-7073,14360.2514
C-6828,20676.261000000006
C-35558,56326.66280000003
C-49117,338.43770000000006
C-9853,0.0
C-11087,105205.56300000004
C-42859,12719.732799999996
C-48574,0.0
C-27123,61897.178199999995
C-14703,120190.26720000003
C-21230,58205.44950000001
C-46015,46861.409300000014
C-12806,31551.414000000004
C-10074,36615.95459999999
C-37284,33621.54749999999
C-36105,66517.78340000001
C-16366,65741.25900000002
C-23788,127546.95420000005
C-5633,67222.65209999999
C-5635,122099.63549999993
C-18514,46744.10740000001
C-15350,234144.08389999988
C-15451,11976.275699999997
C-49328,0.0
C-43448,14772.99
C-6265,0.0
C-924,87854.7109
C-26382,0.0
C-21716,19938.1421
C-41901,0.0
C-41380,23092.239999999994
C-34351,0.0
C-11291,0.0
C-2869,0.0
C-42670,6653.650799999999
C-2282,37190.56169999999
C-43761,0.0
C-47414,0.0
C-35929,115886.58270000003
C-21720,47135.30460000001
C-14935,52517.38799999998
C-45029,0.0
C-43043,0.0
C-38223,20550.580800000003
C-16874,0.0
C-26058,25922.299400000004
C-29041,53935.31470000001
C-41039,41715.5105
C-25444,60918.92020000001
C-29452,52583.171200000004
C-29062,61702.22830000003
C-4084,64068.54520000001
C-7826,78568.76819999999
C-23884,39616.39670000002
C-31659,99477.8733
C-24534,47021.54100000001
C-6094,104609.70049999998
C-8843,0.0
C-42858,0.0
C-43148,24147.209000000003
C-49289,0.0
C-32903,40575.58359999999
C-23463,40932.283999999985
C-47871,0.0
C-104,60404.7408
C-22269,18054.396899999992
C-16643,50915.97999999999
C-42173,13015.637200000006
C-27669,80516.52759999999
C-22307,0.0
C-18173,22495.29319999999
C-23700,455.69949999999994
C-44494,535.6569000000001
C-46547,58331.15960000003
C-21708,38398.3292
C-24081,65538.78060000003
C-45208,44961.02650000001
C-42893,12292.369699999997
C-9672,49330.13020000001
C-25689,0.0
C-7205,64999.14230000002
C-11151,57280.399700000016
C-4081,15073.0424
C-4872,18674.638599999995
C-9057,60254.43559999999
C-25245,78903.26239999998
C-3798,20159.5074
C-23761,40839.358800000016
C-3785,86796.92799999997
C-44426,0.0
C-18633,0.0
C-30943,15106.079999999993
C-28835,83461.54380000004
C-19542,44641.818999999996
C-26331,29977.427099999986
C-47448,46747.7595
C-7385,27334.049599999995
C-36988,28029.3595
C-19698,15972.2828
C-44255,30626.296499999993
C-45803,25980.09330000002
C-21068,30742.186099999995
C-37269,123539.02469999994
C-12352,69419.48009999999
C-10611,0.0
C-47521,0.0
C-43662,503.6053
C-1300,82378.64760000001
C-41798,553.2638
C-46713,0.0
C-31524,26312.300199999994
C-47157,0.0
C-24049,0.0
C-48482,14792.0215
C-32433,134483.41999999995
C-35379,48434.66629999999
C-21869,23411.295699999988
C-8577,44170.4619
C-30143,46722.7861
C-11579,45946.79370000001
C-1732,105148.13309999996
C-40473,59772.7723
C-2870,27254.089500000002
C-12856,107818.71600000009
C-8783,66743.28099999999
C-44034,121220.25700000001
C-37232,61829.169600000016
C-846,52509.997200000005
C-47366,0.0
C-49039,0.0
C-31927,87175.58970000003
C-9506,52978.74980000001
C-13339,12099.135199999997
C-47855,539.8812
C-38773,18220.875899999995
C-28984,87496.12220000001
C-7301,19658.9893
C-10176,58680.05909999999
C-23357,76076.19570000003
C-20112,19920.022
C-10094,21454.765000000003
C-8501,48241.10550000002
C-29494,23971.392600000006
C-15297,99837.2578
C-26354,0.0
C-23030,53283.65319999999
C-5502,71362.5839
C-3358,54686.33080000005
C-22678,77899.3414
C-30272,61078.85339999999
C-2844,38932.609599999996
C-44471,80928.36619999996
C-48203,0.0
C-8243,44327.586
C-35963,16853.53480000001
C-43023,0.0
C-31679,11686.2076
C-28266,42095.364900000015
C-33607,0.0
C-23606,8250.930200000004
C-35810,40162.121699999996
C-16962,68924.5403
C-45530,0.0
C-45719,0.0
C-35588,53801.56229999998
C-29406,15883.648300000003
C-24034,77373.54650000003
C-27918,179418.3018
C-43895,0.0
C-23797,36596.107599999996
C-40450,0.0
C-17856,23824.237599999997
C-35842,24898.3278
C-31505,18229.328800000007
C-15144,52044.02169999999
C-20564,0.0
C-9769,16537.2804
C-43423,57473.60859999999
C-32244,71498.29969999999
C-26942,32541.799300000002
C-263,87927.1039
C-14562,36947.2265
C-14760,83154.18920000002
C-41695,0.0
C-21155,76008.45689999999
C-11093,8002.732100000002
C-2711,58409.44930000002
C-46032,13620.746999999996
C-31413,113745.55809999998
C-1891,27718.31860000001
C-10244,28863.405200000016
C-25337,171531.68779999987
C-10260,38234.89390000001
C-41656,92467.61309999994
C-7732,49696.96300000001
C-1362,43109.995699999985
C-33329,20203.949500000002
C-31894,113442.92769999997
C-38466,13922.822899999996
C-36433,31324.9883
C-26533,62453.23230000001
C-48094,0.0
C-1438,43365.17700000001
C-11973,36823.47699999999
C-24073,53640.73950000002
C-26761,100519.06919999998
C-41425,0.0
C-45552,0.0
C-7196,0.0
C-36492,61705.664599999975
C-24562,29256.785999999996
C-45075,17166.796899999998
C-30348,14002.510600000007
C-42101,20373.380400000002
C-9239,34750.2705
C-15336,92933.45160000004
C-25120,43004.46649999999
C-33263,69917.86579999999
C-43629,48818.04420000003
C-7447,45353.81700000001
C-45722,0.0
C-47850,27552.991400000003
C-18435,12261.030699999998
C-46745,31515.463999999993
C-41547,13393.8104
C-31476,84937.08780000004
C-38226,111409.28509999994
C-47106,65895.81150000001
C-24574,0.0
C-4803,24466.076100000017
C-45899,0.0
C-19705,89307.1953
C-44305,0.0
C-32910,16794.266699999993
C-8805,69188.26640000004
C-13513,64639.0212
C-8371,120558.51109999996
C-30623,30967.58619999999
C-45415,71117.9693
C-11738,19474.81890000001
C-48799,0.0
C-1359,26025.118199999997
C-8801,46724.2972
C-42900,40923.5841
C-17113,66526.60059999999
C-40888,37759.168600000005
C-4514,49327.314300000005
C-22765,59659.24249999998
C-574,24826.138400000003
C-9854,65725.9131
C-25778,21594.319200000005
C-39567,195081.99300000002
C-27597,19691.4521
C-17822,22897.8764
C-27365,60328.818899999984
C-29270,78382.4073
C-22793,37369.68479999999
C-28030,115030.2388
C-45049,52090.7217
C-49411,108672.41700000002
C-9627,50333.673599999995
C-9361,115227.23689999997
C-47436,43636.17880000001
C-6811,23780.011799999982
C-28573,45396.7898
C-1656,91055.71999999999
C-32155,32098.474299999987
C-8926,16651.531299999995
C-32988,16068.5136
C-18690,52549.77189999999
C-34754,16614.5664
C-38349,175871.35239999992
C-29278,40669.54950000001
C-7649,36267.6924
C-49097,89672.26779999999
C-30646,35530.10479999999
C-13390,10758.561900000004
C-43354,2252.0245999999997
C-44814,0.0
C-42805,45692.5091
C-33088,60724.1122
C-11395,190480.84829999998
C-15954,91284.2478
C-3407,35215.32449999998
C-45601,0.0
C-22133,75549.35360000002
C-29004,10813.850900000005
C-17650,43904.1639
C-45652,0.0
C-8677,0.0
C-45082,0.0
C-27272,69043.93639999998
C-6779,90633.0437
C-47589,0.0
C-28456,50485.21319999998
C-28236,41216.888100000004
C-30426,37777.23040000001
C-9007,22932.892700000004
C-15155,18352.813699999995
C-46126,142454.1907
C-19480,45817.575299999975
C-44264,0.0
C-45631,7213.674700000002
C-45422,0.0
C-26402,7175.973599999998
C-42485,216.86180000000002
C-22453,60295.759000000005
C-38104,25689.440599999994
C-28647,0.0
C-1131,19447.562899999997
C-35846,108167.9932
C-16367,178960.41740000003
C-9585,62907.917199999996
C-389,26132.720299999997
C-9468,65379.33549999999
C-49811,38127.824899999985
C-39566,61135.27469999997
C-36050,59886.99379999995
C-43406,102610.02439999994
C-44089,41352.59939999999
C-41182,17839.670900000012
C-41977,0.0
C-24868,72665.92340000003
C-8433,71473.9709
C-19415,51530.22919999997
C-4036,26779.127
C-22347,102959.24490000003
C-10837,29459.25449999999
C-26672,23192.960199999994
C-24693,29098.408399999993
C-8107,22590.7721
C-35722,17137.3445
C-33140,110021.07369999995
C-49685,4819.765399999999
C-28523,26757.262800000008
C-25635,107217.75860000007
C-27710,0.0
C-27883,26239.8941
C-4365,72531.28069999999
C-43435,22049.1425
C-26321,194760.8117
C-46742,27800.0426
C-45028,0.0
C-32765,0.0
C-29052,78456.13440000001
C-3449,30320.865500000004
C-44830,22094.622000000007
C-8701,17054.713700000008
C-9940,79500.5223
C-44383,0.0
C-21723,6328.4672
C-17023,86529.87549999997
C-21655,49014.790499999996
C-46652,45598.74300000002
C-8099,15922.622299999997
C-20822,66294.16720000001
C-31709,103706.85539999994
C-17996,44116.93689999999
C-32497,0.0
C-39476,27940.879999999994
C-34665,29052.095500000003
C-3533,75669.76549999996
C-36924,129909.66240000006
C-26027,14156.9295
C-49889,0.0
C-42598,16064.078200000004
C-10956,19471.7345
C-10449,76421.7915
C-42947,17642.282900000002
C-45503,120898.53769999994
C-6211,42887.835100000004
C-9895,28140.953400000002
C-10821,120427.22289999998
C-5414,25229.706200000004
C-43314,55014.34880000001
C-13319,26753.119399999996
C-31180,87391.99890000002
C-1996,62959.877700000005
C-33455,25559.227199999998
C-9796,59998.49590000002
C-6500,113075.9194
C-27879,128095.27889999998
C-2946,0.0
C-41064,22299.83379999999
C-10870,20814.766800000012
C-12458,33215.32329999999
C-24554,151079.51729999998
C-13133,33746.865100000025
C-30216,178333.9602
C-26976,106417.0545
C-35630,0.0
C-45289,0.0
C-41560,17175.556399999998
C-34405,47928.43150000001
C-32180,16348.623799999996
C-19189,0.0
C-11219,12936.233300000005
C-40285,60395.7566
C-19175,91335.75359999995
C-18802,125452.85569999997
C-13808,9933.808700000005
C-48740,0.0
C-30113,19051.964700000008
C-11838,8538.113699999998
C-22742,0.0
C-17630,112502.66330000001
C-3668,0.0
C-29416,24925.0794
C-30627,0.0
C-18391,0.0
C-19574,17351.243099999996
C-34743,54506.47329999998
C-47504,28484.1764
C-46076,99958.50050000002
C-19573,0.0
C-33137,87884.07159999998
C-28676,65823.4728
C-10735,217006.0165
C-28946,42889.6879
C-41718,0.0
C-10616,21385.9365
C-34425,0.0
C-19807,37389.59840000001
C-34142,134162.89960000003
C-4328,117996.524
C-15950,40402.626400000016
C-12509,19398.386
C-22342,28012.402099999992
C-18861,14073.459799999993
C-18375,50785.36720000004
C-860,40249.91540000001
C-19978,18072.003399999994
C-31898,37239.2075
C-16247,0.0
C-24925,1692.5325
C-46584,0.0
C-178,19032.717100000005
C-18762,0.0
C-22366,20918.6851
C-26298,36382.19329999999
C-28069,15258.267800000012
C-21921,24060.8017
C-11774,80487.0693
C-30283,26866.50249999999
C-29695,98055.34010000002
C-2553,21316.844699999998
C-40060,49104.1714
C-34259,22103.46209999999
C-28090,17436.6836
C-25783,0.0
C-21561,105275.19660000002
C-5441,0.0
C-25576,69476.31889999998
C-39870,36961.4881
C-29560,27285.598899999994
C-10927,28022.730399999997
C-48156,0.0
C-49596,0.0
C-38073,66480.9997
C-15330,177225.18069999988
C-4180,35092.01170000001
C-43737,111750.56660000002
C-27731,0.0
C-30264,3280.7810999999997
C-565,22376.376300000004
C-25037,30113.327999999994
C-23861,30336.978800000008
C-23329,71017.07449999997
C-35754,0.0
C-19950,36809.96960000001
C-25713,117094.55640000003
C-39239,22987.840500000013
C-41389,24017.342000000008
C-23248,107676.81680000006
C-28439,0.0
C-35377,55813.20960000001
C-48224,102476.96600000001
C-48245,0.0
C-44056,37665.260800000004
C-1766,75657.32100000003
C-46347,26273.292899999997
C-32922,0.0
C-30482,23004.509299999998
C-36755,52598.69420000002
C-13709,52947.24490000002
C-16803,53826.6737
C-39843,140940.51410000003
C-33551,26432.97689999999
C-37566,0.0
C-11726,12230.416599999999
C-30355,58966.76159999998
C-22351,91034.2499
C-15598,47436.85379999999
C-28617,54718.5467
C-42709,20048.7392
C-26585,42350.22630000002
C-47183,0.0
C-5385,81179.26230000005
C-12013,34269.990600000005
C-21283,112384.52049999997
C-48068,11734.979899999998
C-45543,41507.3483
C-26154,14799.471100000002
C-14758,18300.529899999998
C-1308,69968.263
C-23433,25374.0308
C-39261,81684.35420000005
C-44214,0.0
C-18038,7632.0307
C-15371,41924.79149999999
C-29063,21111.5668
C-47336,136502.3244
C-14896,77894.84140000002
C-41669,114201.96689999997
C-23746,12780.367400000005
C-38314,0.0
C-21988,0.0
C-2097,34885.8592
C-3550,11522.638800000006
C-949,7809.714799999998
C-8942,20632.358300000007
C-18967,115358.45079999996
C-43695,57822.45209999999
C-43954,22221.896999999983
C-33785,96412.98740000004
C-36068,63021.89160000003
C-8275,22413.293600000005
C-44360,0.0
C-28240,82977.99769999999
C-46282,27725.32409999999
C-29787,14605.6933
C-38551,108369.02220000006
C-37055,126544.76199999999
C-49037,58311.25409999999
C-38071,0.0
C-41555,76064.18890000002
C-23328,32638.4007
C-30189,21433.86469999999
C-9052,40533.72770000001
C-41701,0.0
C-17055,0.0
C-11860,19689.187100000014
C-10584,50062.285699999986
C-30723,23743.703400000002
C-44775,0.0
C-49278,0.0
C-566,102972.7801
C-1586,100654.01449999999
C-17249,21035.034599999995
C-42244,26346.189499999997
C-30754,10769.4226
C-8842,104825.46280000004
C-33561,58947.29759999999
C-319,88281.08210000003
C-31857,0.0
C-31181,22277.602099999996
C-43869,0.0
C-19885,37643.70859999998
C-25782,14985.084700000001
C-21388,0.0
C-42853,66684.85309999998
C-41860,18743.636800000004
C-33322,72293.93749999999
C-16289,47094.71369999999
C-4613,20891.45129999999
C-32361,145249.85589999994
C-38415,41163.20240000001
C-3048,89828.77290000003
C-48091,62008.030900000034
C-5562,0.0
C-30477,45073.7203
C-44215,12141.6115
C-27460,62979.251300000025
C-31951,52372.09310000003
C-38263,41466.022000000004
C-37765,0.0
C-19230,17689.716800000002
C-25135,0.0
C-49453,91970.58030000002
C-21872,88241.1778
C-25493,104041.08949999999
C-41407,0.0
C-39610,25258.75149999999
C-18140,34869.9438
C-20446,18100.063399999977
C-17476,16723.812100000003
C-49955,0.0
C-33946,85556.1071
C-17779,0.0
C-4683,49448.1334
C-20400,25749.05160000001
C-47068,0.0
C-1424,21115.140399999997
C-36515,23806.6142
C-21162,19792.90709999999
C-28006,27334.31959999999
C-7100,37199.0326
C-17707,87036.61830000012
C-32384,23134.393799999998
C-38235,115768.53909999998
C-37641,79767.9605
C-15293,57719.49550000002
C-23306,69128.30010000004
C-23894,50279.99919999999
C-48233,49729.541900000004
C-46227,87283.18389999999
C-17098,63678.14390000002
C-47003,278.8199
C-5124,46423.1318
C-47321,53786.721999999994
C-36254,46769.20660000002
C-32986,68440.71179999998
C-29945,22319.141899999995
C-26046,15093.910699999993
C-27729,52968.742999999995
C-5602,219267.6829
C-662,72822.61920000002
C-46125,20066.915899999996
C-7974,25131.17430000001
C-41374,0.0
C-16742,20857.85999999999
C-17985,69327.68970000003
C-36724,0.0
C-37345,96947.76820000002
C-26356,46718.71870000002
C-24226,132646.9272000001
C-16185,103944.98599999996
C-33795,54758.62819999998
C-43592,0.0
C-18133,111619.55580000006
C-33861,45148.65279999998
C-13888,34468.504000000015
C-29659,0.0
C-38657,19569.742400000003
C-5185,120504.20879999996
C-34229,45433.7576
C-3374,25079.248999999996
C-34964,0.0
C-2091,13708.415500000001
C-10571,12384.475200000004
C-26278,0.0
C-37268,25036.914099999987
C-44217,81271.24339999999
C-35036,84490.14729999997
C-48266,160848.81020000004
C-32099,28696.2648
C-45618,16349.182199999997
C-26347,9647.330100000005
C-30905,0.0
C-6532,92916.66690000003
C-39347,57308.914099999995
C-48661,10427.241000000004
C-7818,0.0
C-20467,39560.41060000002
C-32416,31557.430500000002
C-40624,209228.9011
C-29951,79912.7923
C-24281,41980.237700000005
C-39436,75479.76049999997
C-6940,56046.79659999997
C-36979,79502.35419999996
C-32866,35346.9744
C-42234,2599.764
C-10364,103505.9035
C-22411,54184.567400000014
C-12771,26962.707500000015
C-4837,24983.707000000002
C-21521,30913.495899999976
C-18874,84712.7636
C-47209,0.0
C-22337,26801.510500000008
C-45693,34168.9597
C-42736,0.0
C-7003,63333.625200000024
C-29338,41218.88930000002
C-29750,53731.73979999999
C-7131,48869.996100000004
C-18566,73206.3846
C-41427,10014.265200000002
C-33530,0.0
C-23945,14082.197099999998
C-4587,86693.32630000003
C-32232,100105.95790000002
C-38358,13743.323599999998
C-11962,12504.170500000002
C-881,11358.572200000006
C-46400,0.0
C-19503,203311.15270000006
C-43324,3882.5285999999996
C-43142,0.0
C-13666,45670.23180000001
C-34225,113610.51110000002
C-17145,115090.64780000005
C-27818,99569.1168
C-27797,57441.00850000002
C-44622,81601.2043
C-48453,0.0
C-25175,40201.2441
C-1498,36688.922199999986
C-21449,157179.03770000007
C-35366,12353.901600000001
C-34965,9260.071899999995
C-20461,17104.1517
C-44967,81323.59640000004
C-30983,21998.189499999993
C-38511,0.0
C-43977,35282.9991
C-25027,18192.0314
C-6831,13994.525000000005
C-48046,0.0
C-28220,31445.679999999997
C-1390,11471.564799999998
C-6085,31663.860699999997
C-11366,134552.93519999998
C-42141,124896.97320000001
C-30285,87266.29340000005
C-10832,85409.334
C-31788,37747.706699999995
C-41806,0.0
C-49345,0.0
C-21989,27117.382799999985
C-31649,26975.963699999997
C-44593,0.0
C-3543,0.0
C-46617,0.0
C-48425,0.0
C-12741,45091.24729999999
C-18005,54758.98809999998
C-36729,61556.34700000002
C-48571,51850.44140000002
C-25464,0.0
C-11316,28331.17629999999
C-1252,72842.42009999997
C-17078,75850.70690000002
C-22551,36972.874899999995
C-31578,16137.7875
C-1295,94715.04820000003
C-357,20084.421599999998
C-2920,58480.394999999975
C-46744,0.0
C-5439,0.0
C-1545,45403.629299999986
C-40160,58347.18069999998
C-8600,3261.8317000000006
C-23194,51077.20960000002
C-38632,24786.1308
C-13195,48142.1872
C-30441,48121.06250000002
C-17327,6532.811599999998
C-36336,0.0
C-6687,17140.66769999999
C-34093,109575.94979999999
C-2810,0.0
C-45065,67237.19450000001
C-32498,20169.106099999997
C-12540,23466.0512
C-28749,104278.02370000005
C-8836,0.0
C-43570,0.0
C-22257,16991.684299999997
C-30722,58700.3505
C-38873,48134.1462
C-7432,27049.175399999986
C-46940,114983.1787
C-20284,59388.73739999996
C-37292,0.0
C-8657,28025.350700000006
C-21033,39325.67250000001
C-46357,0.0
C-30733,123635.22150000004
C-22354,64610.44149999999
C-24172,23796.12650000001
C-49943,0.0
C-31017,114670.01330000002
C-7390,62630.010600000016
C-39748,40409.2169
C-41777,22701.846800000003
C-30655,46873.7278
C-37960,70149.1676
C-42679,0.0
C-34083,139180.23690000005
C-40137,75351.90409999997
C-47729,102600.15099999995
C-17204,0.0
C-31166,54101.73580000003
C-12861,21535.728900000006
C-33079,71197.50790000001
C-1570,107705.63660000003
C-6921,0.0
C-4737,38337.32039999999
C-39570,119022.09340000007
C-38582,0.0
C-13504,99259.26120000002
C-11220,58492.21929999997
C-45990,0.0
C-6008,157956.94669999997
C-18540,145408.67319999996
C-41707,0.0
C-38472,19699.810299999997
C-24143,22933.6204
C-38699,88580.1804
C-28762,0.0
C-33579,12894.398900000002
C-26098,19098.891099999997
C-26239,46385.38250000001
C-9288,16957.329499999996
C-24914,17486.314700000003
C-13814,19267.763200000012
C-40722,0.0
C-35790,22921.024799999996
C-21077,80358.35420000009
C-2273,25888.0374
C-23586,27942.335700000003
C-41132,83111.54039999997
C-31874,117480.57440000001
C-38571,16525.686899999997
C-7207,54222.63890000003
C-36696,25061.03199999999
C-18424,23559.635899999997
C-1962,103202.02650000007
C-46302,0.0
C-48388,0.0
C-8018,98331.50880000003
C-36939,82395.99219999998
C-2238,61720.263
C-37736,103539.77599999998
C-14590,25973.928599999996
C-32725,42625.560300000005
C-2930,48554.0614
C-4857,48281.01830000001
C-11153,26367.441699999985
C-46204,0.0
C-35835,29256.96610000001
C-44263,62072.3367
C-24416,59981.74250000001
C-35382,0.0
C-27625,52630.580699999984
C-31248,16208.128599999998
C-49947,16766.8219
C-37601,69018.33069999996
C-40432,0.0
C-6409,91119.43820000002
C-23276,41712.729099999975
C-48765,25300.291099999984
C-39596,0.0
C-32117,24506.245699999992
C-15034,20607.69
C-26611,27278.629499999995
C-30236,102176.24100000004
C-14491,35904.581499999986
C-4970,153933.08819999997
C-24597,28813.5699
C-41290,0.0
C-28608,149529.4749
C-29170,56202.19639999998
C-2028,25947.0195
C-39498,31140.962500000005
C-6112,111125.72179999998
C-45464,35240.17910000001
C-3801,68876.58699999997
C-33585,45870.55990000002
C-35924,81919.22439999995
C-23755,0.0
C-32194,56503.50590000001
C-8087,16416.217900000014
C-22995,32003.00769999998
C-43985,58449.55989999997
C-34451,115391.13209999999
C-28601,23765.3612
C-22847,40014.771100000005
C-16479,79184.31019999999
C-28299,53805.6048
C-40591,46053.1266
C-47731,0.0
C-28263,40036.4186
C-35262,50126.326100000006
C-18785,44272.12439999999
C-20648,34465.760900000016
C-36750,49881.777900000016
C-37567,0.0
C-47812,0.0
C-21286,0.0
C-21818,45043.2913
C-44117,25898.052100000008
C-48133,21545.439899999987
C-2110,63305.809799999995
C-6174,19162.0398
C-23367,61595.094099999995
C-38984,105316.3784
C-28845,33449.51489999998
C-26445,61240.108400000034
C-11637,14603.058699999996
C-20719,50307.08680000002
C-49735,62012.75589999998
C-42411,0.0
C-11328,117782.80759999996
C-12719,22985.377399999998
C-9451,84319.93600000003
C-685,54157.73080000001
C-40575,52578.1324
C-41767,0.0
C-46402,108159.54790000003
C-12168,21644.66560000001
C-5612,0.0
C-11235,41021.905399999996
C-46639,0.0
C-14110,27598.678599999985
C-44397,22826.081399999995
C-38641,41308.89200000001
C-15289,101748.03419999998
C-31562,92742.06139999996
C-47523,58134.85200000001
C-14793,56508.61239999999
C-29118,27220.01250000002
C-23916,58713.28380000002
C-26376,0.0
C-39171,72006.87599999999
C-4994,0.0
C-12329,45143.697400000034
C-29620,4650.890799999999
C-27808,124536.46630000001
C-13659,26612.632799999992
C-38377,0.0
C-6438,38218.48909999999
C-27601,0.0
C-26854,109540.1913
C-13611,0.0
C-12197,25530.84999999999
C-330,91037.43580000005
C-23718,18780.636000000002
C-6957,105356.53660000002
C-6838,46740.3047
C-32161,31415.608400000005
C-43631,0.0
C-6437,68090.0467
C-30459,131171.18219999992
C-22843,0.0
C-45391,14693.090999999997
C-28123,22333.4211
C-21861,0.0
C-6105,41142.41809999999
C-17079,6707.521399999998
C-14154,82289.90759999999
C-17273,45820.868800000026
C-14898,48783.02739999999
C-9178,0.0
C-44564,47676.07439999997
C-16740,26215.20290000001
C-43505,638.2605
C-47485,121709.55330000001
C-19685,74269.0842
C-4728,0.0
C-30094,22389.760800000004
C-14177,36114.785299999996
C-36925,21595.760800000004
C-17827,50494.347299999994
C-39601,24519.0251
C-10634,23141.554299999996
C-17388,49319.184299999986
C-41962,0.0
C-8369,17194.6267
C-36737,56434.981899999984
C-24787,41825.358199999995
C-43415,35162.176499999994
C-41840,43823.448200000006
C-6900,0.0
C-1401,0.0
C-44747,0.0
C-6000,80778.60489999995
C-21506,26306.682700000005
C-29310,25803.097099999984
C-35241,74799.8551
C-9530,114952.7218
C-20326,58865.06270000004
C-11398,18752.4303
C-4168,0.0
C-40638,50040.902700000006
C-17331,95183.38460000003
C-39238,48971.7428
C-29205,101386.806
C-10468,0.0
C-21188,70068.13400000002
C-27481,45218.090200000006
C-47681,19638.963099999994
C-16819,28694.734500000002
C-17232,63526.34049999999
C-6222,51734.897399999994
C-42774,58392.4271
C-23089,89170.74329999994
C-5357,47509.21060000001
C-35236,6747.493299999997
C-6848,31714.039500000003
C-10348,29421.392000000007
C-31216,12200.256399999995
C-6161,32417.226899999994
C-19822,210368.78100000002
C-30886,41294.29589999999
C-2999,80527.50260000002
C-1303,47338.22270000001
C-27967,71000.40169999999
C-9204,60346.752399999976
C-32066,42269.84750000001
C-11344,204325.46750000003
C-12646,132217.0316
C-16731,23490.612200000003
C-7542,23408.513800000004
C-5256,46122.54079999999
C-48831,75516.45579999997
C-21727,0.0
C-8670,45646.735499999995
C-2872,81672.1698
C-10283,93303.13220000005
C-5377,43491.93289999999
C-10529,57648.26459999999
C-21597,18257.480300000007
C-47790,49416.02210000001
C-26309,41548.98349999999
C-2447,33643.36350000001
C-8505,90216.7317
C-1327,79182.89030000003
C-26134,19930.426499999994
C-42800,0.0
C-42883,0.0
C-5590,12760.327499999996
C-11491,0.0
C-15100,0.0
C-49074,24016.335099999982
C-646,7340.006199999998
C-17540,5368.830499999998
C-38741,0.0
C-29351,40233.713800000005
C-1619,107667.38220000001
C-47848,0.0
C-15079,72703.13659999995
C-7962,0.0
C-38547,40860.349900000016
C-46218,20563.525100000003
C-37882,40283.132600000004
C-36432,21722.11269999999
C-12454,17061.17069999999
C-12909,55124.71210000001
C-28748,47520.76459999999
C-36986,8447.408199999998
C-21725,26251.74409999998
C-19103,0.0
C-18453,0.0
C-11604,38120.5037
C-30861,21034.202299999994
C-43177,0.0
C-17003,29945.911200000017
C-41088,33677.075899999996
C-29747,22953.94710000001
C-45069,13993.8528
C-38605,99381.49199999995
C-1382,37567.9199
C-24619,41330.119300000006
C-33339,45907.40720000002
C-28044,26011.601400000014
C-19624,25552.2469
C-26471,36015.81649999999
C-3419,205770.1143000001
C-10596,0.0
C-7739,0.0
C-40334,11612.977899999998
C-18673,47954.88350000002
C-17521,41395.67900000001
C-26771,20341.1551
C-46226,0.0
C-42054,967.7226999999999
C-31020,41132.63569999999
C-5120,67632.33740000002
C-7155,0.0
C-49828,5342.394299999998
C-7666,39184.201300000015
C-39276,23882.307399999998
C-16501,12322.1688
C-12504,35471.61189999999
C-5916,48712.0587
C-23339,47722.11689999998
C-27042,56221.507800000014
C-19646,73835.71869999998
C-15313,21444.18400000001
C-21615,23415.087699999996
C-20407,61301.01180000004
C-49486,45627.84789999998
C-5191,32084.3165
C-44726,824.4851000000001
C-32015,0.0
C-39328,83101.63729999997
C-32715,35942.99790000002
C-42528,17973.877200000006
C-35015,0.0
C-7945,23693.823899999996
C-11121,24494.508199999997
C-3628,44258.528099999996
C-11920,24397.45929999999
C-22232,0.0
C-17222,35455.8024
C-49331,128301.92300000002
C-43534,0.0
C-3612,9052.392900000004
C-31741,38125.1819
C-26623,54210.54560000001
C-10590,39336.57080000001
C-35337,21998.365
C-47957,0.0
C-15337,74651.47349999995
C-16616,55535.00849999999
C-26260,0.0
C-47646,0.0
C-1005,42619.36129999998
C-38079,38101.97700000001
C-675,12698.086700000003
C-16560,132287.5252
C-10952,45496.075600000026
C-20298,50826.389400000015
C-4855,116762.39099999995
C-28917,61737.34359999999
C-34654,18111.087700000004
C-11410,75654.5061
C-26718,88023.73370000003
C-47127,24912.14230000001
C-7843,0.0
C-4993,38942.671200000004
C-25411,25653.254000000004
C-40537,168872.50979999994
C-38821,56491.509000000005
C-44202,29397.95810000001
C-28339,107711.39890000006
C-35674,0.0
C-26039,0.0
C-11049,52388.024500000014
C-3676,47866.0234
C-21059,27038.6898
C-38448,69630.21129999998
C-33239,47592.384099999974
C-31911,24705.040900000007
C-22532,42345.66450000001
C-36363,0.0
C-48232,66093.35649999997
C-36856,62144.1224
C-20207,59799.758099999985
C-38383,9279.882099999999
C-42084,0.0
C-16009,0.0
C-25412,35380.9411
C-6031,162651.4231999999
C-24846,0.0
C-49505,55294.4804
C-28338,7770.911699999993
C-46434,0.0
C-42351,0.0
C-39164,66141.04170000006
C-46203,74822.89760000003
C-46580,78736.82379999995
C-17433,91523.46470000001
C-18751,95303.45010000006
C-24900,51553.04519999998
C-19218,94641.25340000002
C-28556,25397.28469999999
C-12473,0.0
C-16556,0.0
C-18458,40566.52709999998
C-18015,16972.478600000002
C-16832,28242.8591
C-14994,0.0
C-37405,14815.448800000007
C-38976,60929.989399999984
C-15240,96327.93959999995
C-21749,0.0
C-13943,0.0
C-12892,32504.606999999993
C-40994,44996.24590000001
C-17999,100998.31100000002
C-49055,0.0
C-6782,39008.496699999996
C-32945,53978.22730000004
C-6154,59403.462499999994
C-29987,0.0
C-7484,62086.49520000001
C-14487,140647.58670000007
C-729,77493.25899999999
C-18287,111133.94189999999
C-46045,39096.80360000001
C-27937,0.0
C-17896,13615.1302
C-30799,63772.23959999999
C-32294,169080.7513
C-20114,48967.032800000015
C-34015,0.0
C-5992,40265.5594
C-21224,86362.66199999997
C-11350,70710.597
C-10994,53965.78219999999
C-36287,94540.02309999996
C-46592,0.0
C-2011,31550.124099999986
C-40310,46012.40819999999
C-1253,29160.71710000001
C-6508,19024.4882
C-22167,26112.009599999994
C-11869,17351.2301
C-10696,58037.667499999974
C-10129,83070.97190000002
C-10791,21282.281399999996
C-9903,146696.52209999997
C-39740,18009.8986
C-40874,0.0
C-26803,221694.80380000002
C-15923,37396.3061
C-38133,60281.21420000001
C-14746,14097.8319
C-25718,23984.3112
C-10228,126892.00990000008
C-8748,70721.14840000003
C-22654,0.0
C-10642,51086.59330000001
C-18672,27473.5777
C-16029,115525.72859999999
C-12066,0.0
C-10106,71324.96959999991
C-25789,38064.79320000001
C-21599,65750.76820000002
C-47590,17315.255400000002
C-29709,89393.34410000005
C-17066,91650.5593
C-18759,117403.89369999997
C-32818,52120.512700000014
C-18567,0.0
C-43296,75027.5461
C-47675,0.0
C-39998,58001.196899999995
C-39767,32204.695099999997
C-11062,40437.57969999999
C-49196,15382.296899999994
C-22786,20388.20150000001
C-43064,110309.98430000001
C-43409,0.0
C-6295,23321.0309
C-43693,0.0
C-38546,74593.54429999998
C-18890,16106.842299999995
C-30279,0.0
C-44457,88890.84830000001
C-34949,24550.912600000003
C-21927,18506.32680000001
C-31210,98018.98770000001
C-31899,48332.015999999996
C-24870,117476.45030000003
C-38227,131386.50460000001
C-38181,97412.9422
C-26276,61711.77230000003
C-19526,41001.8347
C-32369,18003.898900000007
C-24372,67304.37689999997
C-31127,51723.751399999994
C-438,0.0
C-20372,32847.4667
C-20125,16512.650499999996
C-7023,27549.2069
C-33595,197855.50670000003
C-28421,40279.438300000016
C-2978,50808.99300000004
C-7790,19378.189200000004
C-4964,31407.516000000014
C-24615,25207.106399999997
C-34660,23580.27139999999
C-7759,15227.961500000001
C-15145,4574.0698999999995
C-31646,59454.761499999986
C-33930,28058.69349999999
C-6499,0.0
C-26482,64896.945300000014
C-13393,57945.17330000002
C-18300,42642.852799999986
C-35124,15022.936199999998
C-5775,55383.52589999997
C-40157,38133.624300000025
C-32308,59514.021900000014
C-34988,1614.4216000000001
C-22459,34634.91949999999
C-23203,14763.557200000005
C-6513,20418.574799999995
C-34173,47022.4458
C-16685,75835.64169999998
C-49896,0.0
C-14554,54480.0039
C-24936,0.0
C-1242,0.0
C-14332,8584.7709
C-27718,92778.8466
C-48880,11532.043500000002
C-34034,50181.96500000001
C-44131,0.0
C-30185,103534.41440000001
C-45253,45895.971999999994
C-25655,55906.82399999998
C-45121,0.0
C-13836,22709.308800000003
C-40572,53661.3201
C-40703,58321.25720000001
C-14588,66894.3954
C-47618,393.4788
C-5860,44073.12260000002
C-48306,0.0
C-35626,25390.7071
C-4292,21924.163599999993
C-14232,0.0
C-47198,43837.018500000006
C-21956,78874.94589999998
C-40704,39306.52619999999
C-27590,45754.697
C-20623,105359.27049999998
C-35598,95189.45020000002
C-18839,50263.89620000001
C-27299,43828.74540000001
C-13762,37448.8926
C-48770,0.0
C-27360,0.0
C-6618,86144.63140000001
C-49029,0.0
C-27131,13674.028599999998
C-46030,2123.3801999999996
C-9906,39437.6394
C-27475,45589.840299999996
C-35212,104307.81920000004
C-24956,38955.62769999998
C-23130,94366.72859999999
C-33002,0.0
C-8778,39135.92039999999
C-39453,34136.507799999985
C-18409,10118.888699999994
C-42429,15022.700100000005
C-26867,57004.863699999994
C-36594,13221.654500000002
C-46385,0.0
C-44052,42856.00590000002
C-25869,16934.544400000006
C-14706,28893.324600000004
C-42313,22942.2812
C-29212,174841.84770000004
C-17790,0.0
C-25836,20721.991700000002
C-46560,147190.01159999997
C-21221,40638.12370000002
C-47073,50193.868999999984
C-29412,21804.329100000003
C-21689,96367.9646
C-275,0.0
C-14300,76257.85310000001
C-13818,76821.34740000004
C-8122,25360.801099999993
C-7810,44129.69250000001
C-19780,49562.939000000006
C-14857,70142.76039999998
C-13050,25232.406399999996
C-49887,182756.76219999994
C-30303,27087.078100000006
C-45846,65390.932600000015
C-47495,0.0
C-11667,0.0
C-32168,20838.300499999994
C-37527,16051.550699999998
C-32913,61270.63009999999
C-44157,80723.4139
C-32310,94631.37529999997
C-35263,22449.4269
C-32346,56736.2499
C-35476,128929.4276
C-8189,26806.446399999997
C-9671,67802.1353
C-33386,80412.5907
C-8421,18010.749800000005
C-22021,55362.35859999999
C-3880,43771.56320000001
C-46019,38647.48769999998
C-1825,27991.125299999985
C-22607,45051.3967
C-48033,47508.942400000036
C-12054,151643.92039999992
C-31146,0.0
C-8047,56326.94969999999
C-34816,14563.650999999996
C-34583,112023.49119999999
C-24976,50875.67739999999
C-45259,132125.50989999998
C-773,20923.261800000004
C-32135,12516.144100000003
C-22324,26124.667999999994
C-34925,109874.77760000003
C-24121,69523.9485
C-21901,37238.482800000005
C-19599,0.0
C-17038,21497.761300000002
C-5919,37196.82160000002
C-47208,7659.709100000002
C-33572,40784.68460000001
C-43217,18738.1429
C-31708,21529.146200000003
C-41303,0.0
C-18895,97184.40779999999
C-42418,19976.8477
C-45938,2857.2306
C-15086,24513.043100000006
C-41882,0.0
C-3286,0.0
C-5457,66273.91879999997
C-35292,64293.05390000003
C-48221,0.0
C-5745,111567.80719999995
C-37498,46816.766399999986
C-14579,19273.5382
C-2111,72449.77810000003
C-12839,40997.54990000001
C-21039,71378.26029999998
C-43119,19223.525199999996
C-16032,8803.8617
C-10361,0.0
C-27172,32698.27270000001
C-9816,48095.844000000005
C-20428,89421.98689999999
C-47478,0.0
C-39992,30556.405099999993
C-25932,23380.26109999999
C-23905,45852.27580000003
C-31252,64755.3555
C-186,40308.32789999998
C-6604,106804.72
C-39853,14892.14649999999
C-44718,0.0
C-45556,56474.6502
C-49253,0.0
C-10457,44603.0823
C-836,64929.9383
C-26031,70923.59569999999
C-15027,94476.3396
C-45903,0.0
C-32358,25401.742299999998
C-14006,0.0
C-38864,80218.97169999998
C-24511,83939.61660000001
C-2879,36109.819699999985
C-9274,79800.1775
C-43980,34939.722499999996
C-36596,17484.1847
C-25012,54855.1912
C-7926,65658.76879999999
C-6462,24216.44769999999
C-39808,38525.0293
C-37442,119938.26110000002
C-10893,34411.06989999999
C-32333,43213.913700000005
C-18419,21983.875199999995
C-38027,29929.197600000007
C-32552,60628.70439999997
C-31063,33185.997600000024
C-35592,0.0
C-36612,0.0
C-32771,103266.60350000001
C-48695,16798.1384
C-29124,0.0
C-41932,61974.81069999997
C-6593,33718.544100000014
C-19671,59577.03150000002
C-38341,44033.45000000001
C-16233,131811.1079
C-30881,24680.741299999994
C-2832,16338.48170000001
C-47205,55205.99839999998
C-42009,80966.47900000002
C-21205,74552.03609999998
C-36556,44276.18619999998
C-13382,0.0
C-31854,26389.612999999998
C-44902,46097.631100000006
C-17960,47004.86390000002
C-32825,0.0
C-40976,141937.51020000002
C-27170,77834.8509
C-38367,42102.15060000001
C-4311,93799.3636
C-14541,60065.83030000001
C-34723,18335.234199999995
C-32393,15537.601400000003
C-43399,60872.97349999999
C-40690,54016.684600000015
C-39182,14476.629299999999
C-8155,54805.053600000014
C-30602,18893.071000000007
C-483,0.0
C-16119,28701.053
C-14428,163448.99639999997
C-12088,72595.48920000001
C-11897,91252.13330000004
C-19421,12185.377999999999
C-42268,19697.524400000002
C-25269,40515.3985
C-5857,0.0
C-317,19833.292
C-28727,30281.518699999997
C-11189,0.0
C-23403,100105.54380000003
C-29915,18993.544200000004
C-4646,50801.270200000006
C-31395,88921.55789999999
C-32481,0.0
C-15539,59244.6456
C-16171,47968.644900000014
C-6553,27651.95709999998
C-25722,0.0
C-26462,42192.2026
C-45146,0.0
C-17267,104833.31010000003
C-40823,15355.3318
C-14120,61917.991399999984
C-36589,9834.785399999995
C-20078,77654.04840000006
C-23483,27961.07249999998
C-24401,0.0
C-9828,86055.2726
C-15467,0.0
C-4435,0.0
C-20639,8538.3839
C-47959,37257.1998
C-1684,61043.97420000002
C-11735,11148.636099999998
C-45143,0.0
C-49244,7654.270800000001
C-40988,32665.5023
C-43577,66144.75430000002
C-36967,127810.40690000002
C-233,0.0
C-31407,23704.44809999999
C-25500,44919.94419999998
C-32758,16029.591499999999
C-49996,30149.682300000015
C-49266,0.0
C-43258,114841.06850000007
C-16735,64362.80729999999
C-6616,61525.827200000014
C-39066,106872.95360000005
C-38568,65183.13749999999
C-36718,23408.5004
C-13149,86867.19820000006
C-7217,24884.5356
C-48459,57195.33729999998
C-18067,35463.31249999999
C-17339,131759.36510000008
C-49148,26514.5402
C-8831,111265.56490000006
C-19693,60740.17050000001
C-32264,27468.634399999995
C-4625,31783.483699999993
C-12021,104891.30060000002
C-12617,129124.02230000003
C-13860,0.0
C-30437,25252.743900000005
C-3782,103711.61739999999
C-47588,0.0
C-17496,37011.126299999996
C-39612,45782.16359999999
C-42502,0.0
C-5006,44173.96959999999
C-43385,20793.3896
C-39226,17872.068
C-38837,67265.24079999999
C-39644,70252.61330000003
C-37099,0.0
C-33333,33110.73420000001
C-19323,111327.28170000004
C-44224,41552.3771
C-7583,17025.9299
C-47911,25557.527100000003
C-5475,68781.03439999999
C-11437,19129.747500000012
C-32689,50656.59589999997
C-1258,0.0
C-14998,56407.54459999997
C-21368,122149.90910000002
C-25537,72538.70210000002
C-38637,64695.1009
C-20499,52741.78720000003
C-14731,129513.1417
C-39503,75840.16969999997
C-22545,117083.85039999995
C-31810,19473.274199999996
C-11779,35375.77200000001
C-40707,22885.1504
C-38874,9465.9949
C-48406,0.0
C-49799,0.0
C-7177,44013.180300000015
C-23320,35441.537700000015
C-14131,21474.57679999999
C-49398,23071.259
C-11084,20420.011899999994
C-29819,46712.97759999998
C-11944,22646.05770000001
C-7720,21766.482799999994
C-49579,11897.326300000004
C-22751,37601.76209999999
C-294,55732.8303
C-49852,44551.692200000005
C-25731,91400.64799999997
C-19835,90733.97600000004
C-22905,113199.44980000002
C-22934,114587.05
C-30849,48004.5271
C-37406,68468.15579999998
C-292,25575.56450000001
C-15901,8804.059900000002
C-27127,7360.241999999995
C-35879,0.0
C-10986,11564.355899999999
C-41691,0.0
C-40466,102808.4134
C-26192,73182.28470000005
C-16606,156928.93559999994
C-18899,112954.78830000006
C-6063,49696.54270000001
C-30010,71042.38190000002
C-2991,28709.438800000004
C-10544,105608.86210000004
C-19875,16217.2153
C-4271,0.0
C-49487,2658.2757
C-5375,114469.03910000002
C-7083,17152.636300000002
C-29711,98109.84010000002
C-9923,0.0
C-9575,149816.73250000004
C-16442,52617.257000000005
C-1664,12155.402899999997
C-13582,61578.41189999998
C-36963,56564.54880000003
C-48607,0.0
C-1273,69315.74159999998
C-15752,24844.084999999995
C-36345,29703.34540000001
C-20221,45703.32750000001
C-4391,8026.264300000005
C-47692,13436.087400000002
C-27993,18640.960000000003
C-38318,0.0
C-45054,62315.26579999997
C-41627,49935.48650000003
C-6160,40600.92570000001
C-2588,45115.31649999999
C-35658,0.0
C-31356,30538.50929999998
C-48189,66016.97170000002
C-6672,130371.78729999997
C-18604,32078.497400000026
C-7994,34682.24910000001
C-11895,0.0
C-41616,0.0
C-7287,35321.93639999999
C-43309,203568.0442000001
C-29359,41565.6168
C-38921,11814.616399999997
C-35946,141754.70169999998
C-6016,0.0
C-15803,46995.90120000001
C-35378,38795.69150000001
C-37249,17359.147400000005
C-8115,0.0
C-11996,98996.3504
C-35273,20496.715600000007
C-29467,14444.642799999996
C-28488,111575.10440000003
C-1606,27737.9871
C-43268,139.7643
C-29504,18142.625700000004
C-16750,167951.2521999999
C-21178,101826.68649999995
C-13249,14758.351399999996
C-41181,42874.7465
C-38940,35624.977500000015
C-17037,59920.55270000002
C-21406,27886.831599999998
C-31045,10313.441399999996
C-15503,0.0
C-46611,0.0
C-35131,11609.2517
C-44223,47660.390400000004
C-10570,196082.59910000005
C-28971,139002.23880000002
C-30138,31290.794500000007
C-27471,0.0
C-47913,20004.27339999999
C-12846,97009.32579999998
C-38706,28327.748999999996
C-27319,0.0
C-39517,0.0
C-10524,48818.5633
C-27640,127552.13879999997
C-5552,38217.71559999998
C-37031,0.0
C-37354,136848.78539999996
C-10311,46138.0446
C-46324,23828.690400000007
C-33754,108260.18400000002
C-13978,16914.9077
C-39801,107883.72910000003
C-47212,22277.369399999996
C-11533,114098.76960000006
C-49365,46728.42050000001
C-10939,37149.3152
C-40844,31202.77250000001
C-29802,51126.20100000001
C-32808,89943.98870000002
C-14712,99894.2038
C-41852,91698.95890000001
C-4988,109811.10549999995
C-34482,76866.84039999996
C-26442,91247.2096
C-41951,0.0
C-26293,142656.8619
C-705,107163.54929999994
C-5558,48798.98480000002
C-15693,79719.2194
C-37689,33770.60300000001
C-21726,10283.930000000002
C-27790,0.0
C-1852,49288.851500000004
C-29896,30563.967099999998
C-15072,134988.46890000007
C-23187,22542.464600000018
C-6044,128.7003
C-4586,75683.95439999999
C-10697,30356.359100000005
C-11985,36333.42439999999
C-46556,18528.5256
C-20301,9911.3002
C-30466,46959.3423
C-3133,0.0
C-3577,33383.2849
C-22799,13284.612699999996
C-17627,109365.80899999996
C-9259,0.0
C-13233,10262.76760000001
C-37210,59583.91809999999
C-4151,33840.657299999984
C-32811,51710.32700000001
C-39295,54341.84519999999
C-10423,151879.01500000004
C-29223,24654.007499999996
C-30971,11281.5705
C-11988,61993.27189999996
C-37538,15510.128299999998
C-26388,0.0
C-9712,0.0
C-39473,118259.68969999999
C-18596,69414.21889999998
C-10548,147161.54059999998
C-41760,0.0
C-25658,5629.005900000001
C-19490,44398.52370000001
C-6337,26465.282799999997
C-4106,13577.001
C-9562,85401.1996
C-13617,106712.6058
C-45770,0.0
C-16063,17287.6223
C-18729,98322.21940000003
C-48392,0.0
C-40949,46329.437699999995
C-2897,64563.48190000004
C-31335,79660.84760000002
C-12875,0.0
C-6623,15913.8673
C-38979,0.0
C-32824,17216.5314
C-1214,21894.50430000001
C-13197,33158.0521
C-36402,26193.94840000001
C-45077,0.0
C-316,66471.72229999998
C-43738,0.0
C-48394,23515.7355
C-10291,26112.242300000013
C-21433,104998.22549999996
C-10858,12695.5112
C-29600,14360.102100000004
C-33145,96732.10110000001
C-40356,6884.013799999998
C-41463,127406.46560000008
C-47409,0.0
C-40584,88665.93209999999
C-5463,16496.0262
C-12240,10439.307899999996
C-1623,81105.4478
C-5792,26912.729499999983
C-13147,57696.320900000006
C-34488,26385.079100000003
C-45434,56910.31830000001
C-36574,118818.15290000003
C-42795,59637.20009999999
C-47674,61620.10490000003
C-44187,0.0
C-36113,12518.391800000005
C-46980,54991.850099999996
C-49080,49342.00140000001
C-44891,17867.4584
C-47529,86659.1526
C-16794,35590.02069999999
C-8604,0.0
C-38372,0.0
C-37777,17842.791500000003
C-1879,16689.244899999998
C-12247,23984.2509
C-10110,33998.84869999998
C-1501,78241.02250000002
C-1566,166800.14559999993
C-8679,0.0
C-48488,25235.400799999996
C-12825,144932.02220000004
C-11083,117120.84559999997
C-14533,54705.974999999984
C-25242,13594.361000000006
C-26217,0.0
C-20117,46088.09639999999
C-15487,70550.00630000005
C-14456,68075.54449999999
C-12964,0.0
C-43084,0.0
C-48250,1920.9919
C-16034,31491.750800000016
C-18337,108382.87010000001
C-24610,55733.99759999997
C-5313,14473.540000000003
C-28795,0.0
C-4838,40195.11580000001
C-42376,19562.9446
C-18468,19533.90520000001
C-5197,26865.355999999985
C-40241,96911.09800000001
C-2211,0.0
C-19096,29266.946900000014
C-18045,158465.22759999998
C-48979,114588.67130000005
C-2104,112412.09179999997
C-11791,46877.1564
C-12970,47679.67820000001
C-37653,18940.39339999999
C-1544,70251.603
C-8140,22260.6642
C-31937,52636.09440000002
C-4527,44707.530700000025
C-25284,0.0
C-20110,53154.4141
C-7532,0.0
C-25652,37257.50969999998
C-47693,0.0
C-30705,47283.771799999995
C-24198,30071.11329999999
C-15622,0.0
C-1111,56995.800700000014
C-7951,22002.5649
C-10877,22897.9716
C-6795,144802.08969999998
C-48613,0.0
C-36151,25831.71729999999
C-4565,44395.14609999999
C-29901,21839.609400000005
C-42382,0.0
C-25743,33223.6204
C-46103,0.0
C-49833,14072.978499999996
C-48176,365.2633
C-12711,0.0
C-14771,133241.01469999997
C-45445,19890.220999999994
C-42861,0.0
C-9428,33661.9997
C-37443,21986.921500000008
C-18196,0.0
C-14625,51643.23969999998
C-43497,0.0
C-42731,0.0
C-34522,103935.65740000004
C-37781,39985.4799
C-12556,74261.17559999996
C-30521,25602.418799999996
C-6202,0.0
C-12018,73724.17869999997
C-3523,17051.5095
C-16432,43627.8756
C-48270,659.5224000000001
C-35919,0.0
C-1542,7861.445399999998
C-24243,50149.96140000001
C-21,0.0
C-45463,137916.26890000005
C-15416,53027.21360000004
C-12171,31307.192899999987
C-12750,55154.13760000001
C-10558,56154.38310000001
C-22892,54556.17289999999
C-33828,0.0
C-26700,19864.505799999995
C-42991,0.0
C-24855,27441.38630000001
C-22878,11344.241700000002
C-17965,26413.98539999999
C-19867,29144.2477
C-48169,0.0
C-5739,23623.5518
C-370,119999.84590000006
C-25054,58478.63500000001
C-36128,9527.621900000004
C-34329,6493.320900000001
C-9971,30889.7504
C-32258,6646.033700000003
C-26051,58747.49689999998
C-33280,65392.19529999999
C-14108,0.0
C-15600,119048.51570000005
C-21165,74527.78890000003
C-11175,41251.74779999998
C-39903,114690.48930000002
C-5850,55549.97880000002
C-20126,77488.18510000003
C-28568,55486.858700000026
C-2801,65837.6037
C-23117,60886.242300000005
C-16378,0.0
C-4517,64567.98570000002
C-24408,42998.884200000015
C-12442,48984.689300000005
C-23325,0.0
C-26730,14231.459999999994
C-49769,96909.51569999999
C-14996,0.0
C-11923,42324.42030000001
C-39081,104492.87249999998
C-15066,19569.161900000003
C-43180,38776.3243
C-21314,101562.98200000005
C-48759,0.0
C-41473,39524.6683
C-26582,79182.46240000002
C-20259,19879.112400000005
C-24122,109245.74869999997
C-16872,96000.43929999998
C-15673,32307.214099999987
C-20780,0.0
C-41440,0.0
C-19596,0.0
C-39197,53983.13459999998
C-43885,47208.86940000001
C-19493,20744.5139
C-31359,95628.7903
C-4031,63753.98030000004
C-23814,0.0
C-14942,44625.03079999999
C-33410,21957.655399999992
C-1376,98534.57069999995
C-27819,24104.44979999999
C-2032,55851.440099999985
C-12082,17492.910499999994
C-46105,0.0
C-24410,38754.75960000001
C-45359,0.0
C-42390,12159.824500000002
C-41203,50812.00220000001
C-25180,79751.94469999998
C-48804,139313.33669999999
C-36410,29504.1255
C-3627,70865.16159999999
C-3406,0.0
C-44106,0.0
C-25406,113300.21609999996
C-26979,51056.89750000001
C-3012,48116.0336
C-6210,56024.655000000006
C-8846,0.0
C-43348,49534.92199999999
C-19905,29105.238100000006
C-49247,0.0
C-36339,23319.351300000002
C-4073,30056.485400000005
C-9970,31226.92650000001
C-27897,82757.64040000002
C-21950,97966.10190000001
C-45716,0.0
C-25955,93474.78950000003
C-19984,173374.0738
C-13207,62611.66910000002
C-19866,33216.874099999986
C-16630,35100.9956
C-15535,33025.33449999999
C-38127,18103.19990000001
C-28463,22676.970699999998
C-25581,64662.23250000002
C-31337,50598.42869999998
C-26691,38937.30970000001
C-3195,51928.837199999994
C-27442,0.0
C-20869,27447.641500000012
C-21598,39595.13690000001
C-43066,38079.120399999985
C-29672,89224.22920000002
C-35087,0.0
C-27430,17635.584099999982
C-1814,13178.053699999995
C-10143,67241.6106
C-42496,92598.68860000001
C-39619,37088.42020000001
C-21833,13672.5553
C-45242,0.0
C-48815,481.362
C-38411,35385.64159999999
C-48450,0.0
C-42967,69175.20229999999
C-34841,201794.78240000005
C-14685,79773.91449999997
C-21895,23399.59610000001
C-48348,23459.709
C-8833,9315.1274
C-39127,58787.533700000036
C-38326,56029.146199999974
C-25328,66007.80439999998
C-37276,55733.7442
C-44444,70758.73689999997
C-42335,14707.7475
C-5287,0.0
C-4712,57603.40350000001
C-35031,26710.0586
C-16745,131482.62589999996
C-48480,40663.82309999997
C-36935,0.0
C-15910,73174.69839999995
C-1921,13170.651499999996
C-22,105894.31570000002
C-35019,9952.036100000001
C-20119,49340.61229999999
C-28979,88302.64019999997
C-28420,30821.0013
C-20675,151779.16699999996
C-21913,0.0
C-13795,89792.26009999998
C-5728,15897.023000000003
C-8667,111857.32
C-13771,55162.10810000001
C-47593,71696.83550000003
C-34587,38040.918600000005
C-47570,0.0
C-31579,0.0
C-3202,77951.37990000001
C-39678,28285.61979999999
C-20481,0.0
C-44032,90501.52350000001
C-11798,0.0
C-32930,93337.2038
C-28914,0.0
C-34515,67041.2084
C-9612,54881.11599999999
C-8862,52006.07410000004
C-32759,86130.64640000003
C-15680,70913.6939
C-2188,21652.37480000001
C-20321,107489.66740000002
C-25669,0.0
C-8682,0.0
C-49485,40282.4043
C-47047,0.0
C-47528,0.0
C-48247,89463.92129999999
C-13866,24050.115899999997
C-49412,0.0
C-26543,22230.38480000001
C-47498,0.0
C-26536,74685.76559999997
C-19838,20749.9889
C-13373,9167.575000000006
C-35492,8459.7025
C-35741,109621.93019999997
C-25874,0.0
C-48372,44371.828099999984
C-15735,57808.30719999997
C-31558,112200.01499999996
C-44466,74743.24150000002
C-44587,0.0
C-49454,0.0
C-33433,124003.6327
C-45032,0.0
C-20588,0.0
C-32401,38443.26419999999
C-18877,64484.877400000005
C-43124,0.0
C-47154,38261.27439999999
C-31118,117465.41239999999
C-26156,207237.3998
C-28071,33436.53050000001
C-19004,168598.19669999994
C-44251,0.0
C-26785,0.0
C-33711,33807.3637
C-30659,47264.42299999999
C-44525,0.0
C-34411,72191.78079999998
C-44504,126158.24329999996
C-10520,0.0
C-19842,0.0
C-10370,9959.144400000001
C-11160,453.18919999999997
C-7492,85982.16859999999
C-21637,65957.98240000005
C-12321,13906.301000000001
C-27657,24038.9727
C-6312,111125.65879999995
C-14819,53315.28749999999
C-45488,23666.3511
C-29273,58509.143200000006
C-49909,0.0
C-18451,80935.6432
C-12930,39494.25660000002
C-45343,0.0
C-28842,58361.051599999984
C-17570,35047.2622
C-24799,81605.22420000001
C-10848,21123.178800000005
C-42681,16981.243399999992
C-43520,50025.6554
C-49498,30475.02600000002
C-22144,58967.2791
C-16621,152265.59560000006
C-43810,0.0
C-42140,79610.54240000003
C-47525,23668.06499999998
C-11018,73663.65239999998
C-49243,4943.0862
C-19324,19764.747899999995
C-20932,13267.379100000006
C-25865,0.0
C-17762,78439.87200000003
C-21678,38104.20460000001
C-6434,7370.723700000001
C-43767,0.0
C-27027,26727.416999999998
C-6505,49275.1
C-3844,94525.42759999998
C-31111,21183.817599999995
C-22491,21795.4198
C-32023,70300.84130000003
C-30756,18707.3182
C-26498,28389.8184
C-37805,38216.56470000001
C-10773,0.0
C-18845,27393.205000000024
C-48031,21410.774500000003
C-24828,16923.114299999994
C-44813,65559.60800000005
C-2166,18401.418000000005
C-14519,20906.582599999998
C-22401,34579.276099999995
C-44543,0.0
C-19072,121976.41220000002
C-27423,77071.1011
C-41557,63501.428900000006
C-45695,15249.497999999996
C-38002,48194.908899999995
C-23426,44233.950799999984
C-1958,105572.42550000003
C-39304,35886.40449999999
C-12926,54382.88740000003
C-34210,120587.01350000002
C-28276,49067.019400000005
C-43727,121936.41540000001
C-48009,0.0
C-26606,62071.29430000002
C-4383,137899.2667
C-22971,67407.25929999999
C-46493,17886.198199999995
C-25543,12906.8917
C-47757,0.0
C-26930,14369.910099999997
C-15979,0.0
C-29801,77981.07000000002
C-6609,118601.38110000006
C-4675,51633.1075
C-10587,33035.23280000001
C-1759,65032.8286
C-13229,22112.896300000004
C-7936,0.0
C-31992,91366.82080000002
C-28111,0.0
C-11176,48146.34569999998
C-23676,45708.7024
C-40751,69308.59610000001
C-46012,16516.1218
C-24942,62253.4415
C-20249,27023.908999999996
C-8469,48488.095499999996
C-34406,117166.571
C-29448,77838.50219999997
C-12156,24274.686400000017
C-32461,67977.6233
C-13496,40699.54580000002
C-37169,37691.96530000001
C-31444,29770.943000000014
C-14984,46294.04579999999
C-46526,0.0
C-15654,35458.81560000001
C-30680,31194.413400000005
C-18447,48840.768500000035
C-36921,47243.45959999999
C-41492,0.0
C-27061,73195.74570000004
C-28084,46307.03
C-49729,13373.430599999996
C-16408,0.0
C-10315,47916.426999999996
C-43447,148647.76859999992
C-1859,30124.4512
C-28890,110458.94650000002
C-25758,23991.236700000005
C-41051,60943.99889999998
C-44230,90530.63930000004
C-17848,17841.897600000004
C-18635,0.0
C-18550,52062.59819999998
C-12739,123001.04780000007
C-1709,0.0
C-31552,21364.7122
C-3860,225752.22460000002
C-30649,80859.33219999998
C-4584,0.0
C-24968,33589.503000000004
C-39885,80986.74420000002
C-35399,30527.752900000014
C-46091,0.0
C-13023,28067.674799999993
C-30699,40784.8452
C-44794,0.0
C-2980,26141.518099999998
C-41876,0.0
C-45272,0.0
C-31668,94258.81089999998
C-29153,63689.396899999985
C-554,9061.2689
C-44661,10017.810099999999
C-31021,60345.924799999986
C-28512,14431.358599999994
C-32228,110067.67589999997
C-30900,42907.93749999999
C-29366,0.0
C-31183,47996.87950000001
C-36720,27994.522399999987
C-15606,160421.6941
C-16618,56691.614800000025
C-23910,57939.46760000003
C-49101,57765.66939999999
C-36739,0.0
C-36892,49567.6476
C-1548,17485.798
C-21134,34257.831199999986
C-38524,34844.337400000004
C-1966,0.0
C-41265,34745.2571
C-22494,101027.57
C-12497,14581.463899999997
C-41184,32870.968599999986
C-25164,72879.40130000001
C-33203,0.0
C-33296,104260.56160000002
C-11961,131510.81209999998
C-1567,0.0
C-15314,0.0
C-12529,57120.3947
C-7426,152177.39829999997
C-6149,78863.6236
C-36922,0.0
C-12774,46863.18239999999
C-41974,120998.81239999998
C-44365,17071.9132
C-20563,40828.72309999999
C-19400,0.0
C-35705,127566.50939999995
C-22718,55479.97560000001
C-30149,72432.01500000001
C-22501,46887.418900000004
C-46499,62223.513500000015
C-41392,0.0
C-43758,58836.921400000036
C-25044,77079.32449999997
C-17365,22653.603399999993
C-15583,0.0
C-31117,92266.2683
C-9650,112079.75469999999
C-35917,71022.26849999996
C-30164,14133.660199999998
C-9295,34911.86889999999
C-20435,61086.183999999994
C-42233,68670.14670000001
C-36446,108286.58159999996
C-29110,121447.92930000008
C-49340,0.0
C-45313,43246.008300000016
C-20206,47075.56289999999
C-12349,58742.332700000006
C-32234,12881.931599999996
C-34692,47304.042299999994
C-13754,16725.539600000004
C-686,0.0
C-6180,14548.908500000003
C-46954,14315.982899999997
C-14264,0.0
C-48383,18091.7878
C-26662,47499.694200000005
C-9669,7562.145300000003
C-40925,34887.996900000006
C-7042,128715.02799999993
C-18867,42780.996499999994
C-23641,15023.5031
C-31697,19591.4163
C-28705,35529.91590000001
C-1143,39537.97260000001
C-37754,19899.6375
C-49128,27156.90479999999
C-21760,109124.11940000005
C-24069,29705.959999999992
C-9453,60605.261700000025
C-19603,99576.00729999997
C-3164,30662.84040000001
C-27292,0.0
C-46848,0.0
C-12312,50208.33660000001
C-40387,75499.3362
C-27128,39979.178599999985
C-18799,0.0
C-4477,69389.58540000001
C-4600,23309.784900000002
C-23681,75423.48950000003
C-16632,123084.52859999996
C-46721,13251.7673
C-38598,12448.188099999996
C-45150,0.0
C-22142,75978.66900000001
C-4330,46150.0753
C-15689,22410.895000000004
C-16644,48125.31700000002
C-7714,67535.59499999999
C-1396,34376.207599999994
C-26616,102790.36350000002
C-17511,69946.78250000002
C-12083,37335.033599999995
C-42711,0.0
C-42909,4171.7112
C-37748,46619.153
C-35753,52291.8701
C-47611,419.1207
C-3641,32407.20510000002
C-47192,49976.409300000014
C-39211,17655.296699999995
C-713,33767.90300000002
C-45667,51168.327800000014
C-29016,85937.67979999998
C-26687,67736.21340000002
C-36008,31352.919400000017
C-7657,45636.7817
C-16246,21338.064500000008
C-26169,23083.574399999994
C-24561,0.0
C-5542,40877.86760000001
C-3579,14436.598500000004
C-39987,130864.77879999999
C-49997,0.0
C-11685,56062.05620000002
C-41497,24589.07
C-47963,21315.63729999999
C-37853,20176.409900000006
C-48526,20106.962199999998
C-44516,0.0
C-30588,41705.41780000003
C-12631,23209.341099999994
C-11356,8756.9102
C-6818,92316.63580000002
C-40065,110137.8105
C-35892,71712.1851
C-22729,70443.63579999996
C-2738,50810.07450000001
C-11594,154508.9455
C-21288,32678.423100000015
C-11055,52184.58329999999
C-29339,63257.02689999997
C-9739,0.0
C-42712,0.0
C-28697,70903.2728
C-1385,13769.463200000006
C-8641,25224.649299999997
C-30468,125775.04909999995
C-2153,0.0
C-6065,78887.6245
C-44894,43856.9369
C-32669,12922.8459
C-33688,0.0
C-13702,39347.28300000001
C-47519,75095.88039999997
C-44579,0.0
C-25336,136663.7570000001
C-16636,0.0
C-49049,73575.34590000003
C-3505,62758.75509999999
C-20009,88097.81800000001
C-45816,0.0
C-14195,21431.389
C-7480,57495.97509999997
C-4899,47935.90619999999
C-49637,0.0
C-481,76865.14609999998
C-46905,0.0
C-15708,112150.00920000006
C-38851,0.0
C-43833,0.0
C-14707,11039.375600000005
C-27113,25975.404499999997
C-22361,97940.27810000004
C-42481,0.0
C-25849,61648.998
C-13696,45017.51730000001
C-46771,27802.903499999993
C-34684,38176.2312
C-32802,78127.39580000004
C-46880,16877.298699999996
C-30190,16523.209399999996
C-41814,0.0
C-45298,0.0
C-3241,59030.368099999985
C-6436,63484.5442
C-19187,15828.913400000005
C-12367,118135.5696
C-15076,104488.48019999999
C-14619,16305.8864
C-3949,0.0
C-2346,85879.15649999998
C-24282,45082.437000000005
C-42837,132757.98080000005
C-48162,1474.3387999999998
C-27820,19727.196600000007
C-49326,83980.89050000004
C-38519,2560.6514
C-3660,116529.46780000004
C-23554,54516.92270000002
C-22105,0.0
C-21975,62254.18329999999
C-9572,71109.17899999996
C-5781,16855.437600000005
C-37294,14033.230799999998
C-40543,23738.408499999987
C-8266,26715.727800000004
C-34427,17211.972799999996
C-33877,47657.02850000001
C-48027,0.0
C-21415,127575.91239999999
C-43320,30267.429000000004
C-39766,33924.8412
C-16386,47461.570100000004
C-1096,54150.34199999999
C-12439,12825.919899999994
C-27836,99588.78349999999
C-46159,0.0
C-42691,16553.270799999995
C-31546,69188.8035
C-49269,76892.887
C-33052,18132.658199999998
C-27840,79582.95340000001
C-43219,51811.7247
C-26175,59452.40230000002
C-2731,11967.0675
C-36835,17697.497199999994
C-23252,127613.37329999996
C-20081,73023.39259999998
C-15611,40324.573300000004
C-35758,38998.2737
C-44932,136709.88040000002
C-6390,68780.33950000002
C-1880,34512.45050000001
C-31893,21796.0757
C-35912,12424.879000000004
C-18972,0.0
C-38058,65212.96410000002
C-2975,9317.845099999999
C-24294,9765.538100000002
C-4096,33804.113200000014
C-36944,32586.408800000005
C-41578,0.0
C-10402,20672.6144
C-3603,56034.804
C-25708,0.0
C-20887,42482.9685
C-10233,18586.661099999998
C-14831,0.0
C-9402,123018.41880000001
C-41579,0.0
C-42771,19085.64870000001
C-907,54832.50360000004
C-33734,26161.83559999999
C-43235,97897.35680000001
C-14745,97671.33429999996
C-1922,0.0
C-11311,26931.6835
C-44817,94400.99870000001
C-26974,84309.2592
C-17359,60882.8052
C-41836,21973.3576
C-18044,6760.6502999999975
C-34679,66434.69620000002
C-27636,120055.99749999998
C-15212,0.0
C-39723,0.0
C-434,53502.9611
C-31198,28167.905100000007
C-11296,14298.9837
C-7401,0.0
C-43679,5663.7764
C-34013,71843.3779
C-27841,26499.23219999999
C-24590,20731.911599999992
C-15225,67251.88320000003
C-29570,0.0
C-26561,37671.7189
C-9899,14141.45549999999
C-21307,23809.806900000003
C-42405,38730.41550000001
C-28531,91626.0733
C-40061,0.0
C-33460,54894.8453
C-21974,57229.24080000002
C-10954,46086.26370000001
C-30936,50156.02750000002
C-27280,0.0
C-10854,62621.66660000004
C-17013,45165.598000000005
C-19342,14071.015499999996
C-22156,0.0
C-17535,0.0
C-25833,89574.22639999997
C-9068,159790.78270000004
C-4555,0.0
C-40261,0.0
C-43239,90582.43990000003
C-9218,47757.61969999999
C-39731,22011.144399999994
C-11918,49922.36329999999
C-3924,17511.110100000005
C-4561,108432.76829999998
C-28043,70563.93469999995
C-4874,0.0
C-39458,0.0
C-8246,78016.29770000001
C-2060,28199.361200000014
C-16142,44629.263999999996
C-12534,46509.6742
C-45727,0.0
C-21577,21018.833300000013
C-48282,50151.50320000001
C-39234,162375.82109999994
C-23793,21101.151099999995
C-42792,99978.63969999999
C-17678,109757.55159999996
C-48059,55777.07229999999
C-42065,48192.89250000004
C-16101,102545.27500000004
C-18087,57277.57900000001
C-7138,43659.05330000001
C-191,61212.096099999995
C-38715,0.0
C-29365,68093.61820000003
C-4196,83201.48290000003
C-8408,101358.16670000002
C-17350,0.0
C-22486,187033.54140000002
C-9290,114173.80469999996
C-45308,0.0
C-8937,67242.58230000004
C-6909,30420.618699999995
C-4182,75318.90150000005
C-38014,26286.886299999995
C-31929,105475.19519999997
C-43957,0.0
C-12222,21015.390099999993
C-41837,0.0
C-32045,52832.37280000002
C-35388,31562.503999999986
C-12226,21700.701
C-14682,0.0
C-43496,1022.2343
C-31648,162606.0462
C-11524,0.0
C-35609,25687.10519999999
C-42765,24635.976300000002
C-32650,35263.91499999998
C-41498,0.0
C-35115,15682.842200000003
C-17604,74324.7687
C-42200,0.0
C-5363,0.0
C-11748,13626.298699999996
C-3862,24551.9275
C-16267,95192.96289999998
C-41273,123241.56680000002
C-23364,0.0
C-27538,0.0
C-38925,14852.696000000005
C-26889,21682.626400000012
C-39641,21155.260200000004
C-65,0.0
C-19999,71819.5507
C-10907,0.0
C-402,0.0
C-45708,0.0
C-21718,43747.25760000002
C-28120,0.0
C-19928,65564.3221
C-47841,80098.13360000002
C-15670,45541.6716
C-31207,17730.161299999992
C-32787,124313.49169999991
C-48252,7555.493499999998
C-3019,140361.9073
C-33683,87568.42169999998
C-43062,0.0
C-44857,566.864
C-7014,53448.97800000003
C-44680,22043.1809
C-8392,148891.51649999997
C-32053,58447.93049999999
C-33153,19394.301400000008
C-7681,87510.73680000006
C-42585,17045.2483
C-21523,60368.1562
C-32013,126662.16779999998
C-131,53963.51810000001
C-4739,15859.100299999998
C-8556,20007.6474
C-47093,0.0
C-22178,25566.668600000005
C-13125,39904.06509999999
C-23696,16832.9447
C-22244,9190.871600000006
C-47394,17872.278700000003
C-46734,0.0
C-36848,11861.4604
C-46240,0.0
C-17210,127821.81889999998
C-44112,0.0
C-44903,0.0
C-27704,98656.47619999998
C-11643,12719.223799999996
C-307,10584.452700000002
C-23557,61851.78699999999
C-44098,0.0
C-24090,49168.186700000006
C-41331,58043.51500000001
C-9993,51791.748000000014
C-11293,0.0
C-40738,27347.84900000001
C-38991,36795.3818
C-33503,38522.009399999995
C-46950,0.0
C-19589,12040.470699999998
C-48886,0.0
C-42611,0.0
C-49048,75370.15520000002
C-20486,81112.00409999999
C-36167,216333.90710000007
C-22657,24131.683399999984
C-39506,90053.95370000001
C-13303,0.0
C-47735,88245.48460000007
C-674,103846.09250000001
C-10626,0.0
C-48416,157657.52850000001
C-44607,0.0
C-2148,22829.907700000003
C-352,90307.19440000001
C-12200,60561.865300000005
C-2560,61026.52929999999
C-16813,30503.01230000001
C-1494,76245.51980000001
C-30439,55148.941400000025
C-17172,105448.32940000003
C-22098,124864.7965
C-6011,31401.83230000001
C-29621,33369.33740000001
C-8979,51918.19210000001
C-36880,45487.45180000001
C-3081,103455.60249999996
C-49585,22814.976400000007
C-13274,23481.330199999982
C-35895,180370.36109999995
C-23043,0.0
C-15470,16685.615499999993
C-38216,22436.492
C-29481,79029.60699999996
C-21179,62228.619999999966
C-43449,132013.78050000005
C-18284,16475.9737
C-13891,27179.212799999998
C-14468,25662.56230000002
C-41063,130054.50499999995
C-16346,34713.61710000001
C-41260,80876.34829999998
C-40029,56807.65460000003
C-1042,24186.8231
C-34238,18695.74289999999
C-19483,100114.2379
C-45090,58749.06129999999
C-3450,24832.023099999995
C-1491,71650.9604
C-43871,3793.1206000000006
C-39542,29295.310799999996
C-28394,6805.2859
C-23616,0.0
C-21691,25228.384100000003
C-4845,99907.90960000003
C-5679,27984.9557
C-26419,71998.03650000002
C-27774,126701.44470000001
C-893,0.0
C-23705,142966.42560000008
C-33402,28202.929799999998
C-37884,69989.09699999997
C-9522,83326.5884
C-42874,0.0
C-29505,33561.85449999997
C-16702,73904.8241
C-8743,122640.89220000003
C-14634,55593.01199999998
C-1165,81925.96380000001
C-6780,0.0
C-37830,41199.996699999996
C-470,0.0
C-274,124601.24699999999
C-14246,0.0
C-41029,110155.43340000005
C-45902,176407.3974
C-3644,21876.15429999999
C-29436,38830.6907
C-33827,64669.03580000004
C-11195,25089.8797
C-26310,52054.21970000001
C-13994,0.0
C-35581,0.0
C-43273,21614.0527
C-2370,46364.11920000001
C-10498,33925.195799999994
C-47333,10502.057600000006
C-18103,21096.00319999999
C-15017,111697.65939999999
C-725,54221.69100000001
C-33390,15256.762999999995
C-37062,106709.49629999991
C-33639,0.0
C-44476,60686.841400000034
C-20581,38086.107199999984
C-24874,11744.386900000001
C-15825,20416.49490000001
C-5518,26358.859200000003
C-30759,15387.1086
C-9737,11620.936800000003
C-15525,15551.653799999996
C-22466,88269.27150000002
C-2254,32423.907700000003
C-44856,119005.90730000004
C-38988,64705.24450000002
C-48915,27250.649799999996
C-7345,96917.27910000001
C-8467,41030.3498
C-48222,48623.995200000005
C-17565,71722.60099999998
C-8050,125119.0938
C-19759,20090.377999999997
C-5534,39563.6796
C-15296,76613.02279999998
C-7353,24006.926099999997
C-4137,25706.660899999988
C-48550,0.0
C-47113,27542.105099999997
C-43920,0.0
C-24203,0.0
C-2040,0.0
C-22622,31330.787800000013
C-18560,0.0
C-34297,87263.3405
C-47104,0.0
C-35695,71142.11699999997
C-17484,161331.32500000004
C-1095,50355.8155
C-45525,108408.35540000001
C-654,0.0
C-1052,126323.06599999996
C-4060,0.0
C-21796,58597.6604
C-35043,19685.134800000003
C-49383,0.0
C-45327,18822.83829999999
C-4827,10222.447300000003
C-6268,55800.22829999998
C-19902,45944.66089999999
C-47298,22583.8745
C-49121,28799.56970000001
C-47664,44146.3256
C-18456,50541.016800000005
C-20425,19170.72529999999
C-29173,39272.28879999999
C-40968,91259.26359999998
C-27340,74250.93070000003
C-46160,0.0
C-46130,0.0
C-36315,0.0
C-40910,25853.81099999999
C-23027,61051.616099999985
C-1148,82640.07560000001
C-42706,24522.4229
C-4141,56876.94279999998
C-6607,0.0
C-42928,88860.0905
C-2581,81316.79239999996
C-901,41549.08139999999
C-10206,98599.4509
C-17718,19218.790600000004
C-33794,8830.128899999998
C-48806,39817.8474
C-22561,58518.364100000035
C-38739,127391.0612
C-49283,0.0
C-7141,67265.40480000006
C-47257,0.0
C-44952,1293.9487000000001
C-28833,35731.65640000001
C-25872,14731.1571
C-19513,24535.55919999999
C-41362,45855.950899999996
C-9604,16935.0385
C-5017,47159.32249999999
C-11050,52208.586000000025
C-33110,73011.5416
C-48259,15380.589000000002
C-9553,0.0
C-43970,21976.366800000003
C-20960,99308.56819999998
C-5111,22912.6161
C-18485,52723.63719999999
C-3804,57228.55719999998
C-40604,87434.38250000002
C-188,138814.71829999998
C-40413,22242.01879999999
C-45250,216.86180000000002
C-16761,25741.249699999997
C-48461,0.0
C-27470,34230.358799999995
C-28513,88159.99199999997
C-36830,50775.63810000001
C-12923,31964.669100000006
C-9490,37630.52899999997
C-3904,25933.22690000001
C-4440,65027.74020000002
C-47302,0.0
C-5179,14059.382599999997
C-34468,18336.046199999997
C-25192,52766.4453
C-12015,44695.4673
C-5010,134247.13799999998
C-11232,74686.74249999998
C-28899,9282.630899999996
C-809,16872.959300000002
C-421,19013.8628
C-45236,0.0
C-29829,16252.711199999996
C-48738,0.0
C-7652,0.0
C-27353,85578.8418
C-18620,81556.02699999999
C-2157,7188.522799999997
C-45245,43375.01309999999
C-19050,36010.80370000001
C-34668,0.0
C-27361,75195.88889999998
C-15305,19503.440699999992
C-47284,13679.918599999992
C-26142,15850.284799999998
C-29077,31621.69730000001
C-14784,21619.220600000004
C-47374,71773.72060000003
C-20544,16588.002300000007
C-20652,28575.70179999999
C-6643,58196.956199999986
C-9791,85684.02200000003
C-5113,39096.85459999999
C-27592,18174.7289
C-15850,13328.008
C-44011,0.0
C-21013,0.0
C-13426,0.0
C-9083,0.0
C-41846,39978.09329999999
C-23627,50581.51360000001
C-15701,86971.01609999995
C-26255,56918.7995
C-44489,60551.89839999999
C-34687,110365.603
C-43331,0.0
C-44918,59548.86749999998
C-12141,23566.063500000004
C-3231,54963.18919999998
C-3171,23337.94830000001
C-14056,167643.31900000002
C-36920,14822.923399999994
C-26873,0.0
C-40138,23697.103999999996
C-19002,46537.06859999999
C-44508,9624.0716
C-23330,30211.6908
C-34304,238251.81329999992
C-1596,0.0
C-9436,31113.071699999993
C-21017,0.0
C-34499,0.0
C-31383,15622.474100000001
C-34081,93010.36000000004
C-19731,97218.64260000002
C-26162,48084.705599999994
C-36347,103539.26249999998
C-6881,80250.74960000002
C-12800,35933.68479999997
C-3990,65731.3262
C-41655,0.0
C-41512,91361.70119999997
C-6923,25135.05810000001
C-15932,93293.02060000002
C-21214,22434.15279999999
C-38024,0.0
C-24905,39522.327600000004
C-20430,18267.339399999993
C-37215,49724.639300000024
C-13396,85633.98340000001
C-37588,32592.849399999985
C-30382,0.0
C-33624,23128.67080000001
C-6794,40687.159600000006
C-16758,57601.05910000003
C-6122,113371.04429999997
C-40151,51023.7911
C-6156,0.0
C-34248,10981.829899999995
C-44235,0.0
C-34381,53616.4847
C-15270,18316.202599999997
C-25520,39422.91409999998
C-45216,0.0
C-2922,9494.6863
C-32772,58237.172
C-46834,28004.944299999996
C-16858,78700.22050000001
C-12102,44668.988000000005
C-20194,48020.92690000001
C-34775,84098.20400000004
C-47191,92378.93179999999
C-43683,0.0
C-22404,84817.20799999997
C-34542,0.0
C-27603,22188.805400000005
C-18700,50080.342800000006
C-13335,42953.07919999999
C-35243,45376.16809999999
C-14329,71806.05979999999
C-5190,68659.0614
C-19656,46563.10670000001
C-23147,0.0
C-4940,69963.11420000003
C-37449,32849.02599999999
C-31519,73160.74049999999
C-43427,51465.6406
C-5711,0.0
C-39050,47572.85300000002
C-36263,0.0
C-14225,35775.2049
C-7979,99482.94239999999
C-24311,0.0
C-35130,12479.7909
C-35084,0.0
C-29026,78044.93990000006
C-35033,70403.56209999997
C-18855,0.0
C-21820,45330.00259999996
C-17854,33999.696100000016
C-23744,90432.4924
C-33596,9822.166800000005
C-41363,43740.757000000005
C-21782,30662.038299999997
C-19453,121073.79270000002
C-15880,68972.843
C-12657,148364.58939999997
C-33136,14800.6855
C-12717,66684.88290000003
C-23421,30874.856099999986
C-47467,41462.85019999997
C-48208,0.0
C-24851,22592.8644
C-37844,0.0
C-36084,0.0
C-4966,27928.921500000004
C-47090,0.0
C-27617,86473.2347
C-5469,33146.1846
C-17575,100723.97550000003
C-31822,106629.61389999997
C-19966,30015.967300000008
C-1593,15970.419499999996
C-4904,53853.268900000025
C-5744,89971.6068
C-11530,47023.22920000001
C-31503,198547.82799999992
C-35163,23765.9169
C-35773,31535.811900000008
C-4744,23804.206400000003
C-31848,19720.052999999993
C-30963,55002.2678
C-6844,0.0
C-731,12712.263500000006
C-24614,53407.0487
C-38385,18481.773100000006
C-45724,10432.8424
C-20193,132225.14230000004
C-10327,0.0
C-40043,70803.2122
C-7191,90132.11660000002
C-46450,0.0
C-24422,13324.872299999999
C-10121,50397.17360000001
C-22920,83324.43830000007
C-28097,46977.716100000005
C-32495,69632.23449999998
C-38306,59595.1416
C-34149,75878.44030000002
C-28947,55433.87870000001
C-46764,27712.622500000005
C-47587,0.0
C-1605,56718.93599999998
C-25694,57874.664300000026
C-49073,33182.467300000026
C-7300,90975.32070000003
C-46700,0.0
C-30307,0.0
C-6473,27418.6014
C-49773,0.0
C-20885,56686.0968
C-7427,0.0
C-29738,46452.19439999999
C-44079,77324.96609999998
C-45067,0.0
C-13475,100649.2042
C-45370,29978.617200000015
C-38155,0.0
C-14424,0.0
C-49748,0.0
C-23895,34419.268800000005
C-41574,14104.996700000002
C-20997,0.0
C-49994,39312.4079
C-14536,71233.929
C-18721,10081.677899999999
C-681,0.0
C-32412,102829.22369999999
C-48603,89716.39120000003
C-42637,50093.6066
C-25550,41363.726
C-187,78039.55489999996
C-7018,59873.646400000005
C-383,74567.67120000003
C-15007,132867.75110000002
C-38809,16198.251799999996
C-9564,47628.50580000001
C-29392,17951.829500000003
C-17910,8694.219799999999
C-15602,88457.0711
C-34288,153233.98540000003
C-45812,18377.992800000004
C-7070,66001.06199999996
C-20759,72737.00699999997
C-46983,0.0
C-452,33920.385599999994
C-23913,54394.972300000016
C-27593,0.0
C-2164,40960.125700000004
C-37264,66642.28800000004
C-32452,55949.23280000001
C-14609,34446.403399999974
C-7428,131111.7869
C-40403,44357.6532
C-27237,15644.700100000005
C-25134,73063.48889999998
C-9931,0.0
C-43097,0.0
C-43222,30628.5137
C-27183,111798.46299999999
C-46762,0.0
C-32720,72932.06079999998
C-49604,44001.65070000001
C-2278,59224.42470000003
C-26748,148326.19559999992
C-24016,64679.19669999997
C-41449,0.0
C-33274,54548.023599999986
C-6534,33627.462899999984
C-39411,23698.6953
C-34046,8466.314699999995
C-776,61225.719599999975
C-44183,0.0
C-5489,58809.331600000005
C-9294,31862.021900000003
C-8744,103961.608
C-43104,19358.531699999992
C-9569,66353.79689999999
C-17132,21216.572499999995
C-26914,40230.45229999999
C-16769,130807.30960000002
C-11799,83292.26069999997
C-22315,70576.0653
C-41816,0.0
C-10275,61338.219000000034
C-31840,25554.598700000002
C-43008,31871.21000000001
C-27856,44388.026600000005
C-5177,38819.33460000001
C-44723,0.0
C-11276,52639.246599999955
C-37593,107715.12479999995
C-3563,22689.695099999994
C-37956,27730.01479999999
C-20808,45916.46419999999
C-17796,67662.55880000003
C-30386,29953.6366
C-8794,43086.30609999999
C-8839,0.0
C-29298,16184.37560000001
C-29727,23523.174699999996
C-46404,36046.640100000004
C-5976,52794.1328
C-13026,89853.52310000002
C-40276,62848.211599999995
C-18528,29748.6923
C-1637,0.0
C-34757,42237.65200000001
C-46793,0.0
C-8225,26027.999700000008
C-36193,37758.84260000002
C-16894,132891.18390000003
C-28683,11066.903600000001
C-39064,0.0
C-6859,91814.81819999997
C-13358,63711.35249999998
C-13091,103514.27540000003
C-868,12980.1561
C-31721,8867.9331
C-40172,20572.01430000001
C-37364,50529.37359999999
C-512,38869.4196
C-38958,99686.29560000003
C-14684,55337.671099999985
C-15053,28729.551899999995
C-49812,0.0
C-36640,46700.9113
C-4347,36552.5003
C-13698,0.0
C-36697,21442.152500000004
C-20733,53122.41760000002
C-25306,127697.87580000008
C-37184,0.0
C-31625,20919.3669
C-31022,12293.713599999995
C-914,55487.71669999998
C-9444,22435.547799999997
C-6523,26224.03979999999
C-35726,44201.058300000004
C-21815,0.0
C-48253,569.1319
C-7593,0.0
C-44909,0.0
C-30326,24710.434999999994
C-34706,0.0
C-22143,55767.48810000002
C-31651,165631.20340000003
C-787,0.0
C-5713,43292.15669999999
C-16357,11897.552799999996
C-27661,54172.96689999999
C-27604,38504.24730000001
C-10148,7259.8041
C-45142,0.0
C-39387,48925.153099999974
C-40777,50087.8091
C-23885,64341.04330000002
C-2230,71908.9818
C-38300,58760.74569999996
C-46891,0.0
C-39382,50164.993099999985
C-46200,0.0
C-44707,0.0
C-30865,54659.12549999998
C-3877,129219.73869999999
C-38638,0.0
C-34864,31006.50459999999
C-14233,24342.911700000004
C-24030,24383.6162
C-42166,0.0
C-36551,0.0
C-12126,35162.8336
C-40181,56755.41380000002
C-19577,21741.960900000002
C-7357,73806.69020000001
C-25847,0.0
C-41786,98814.44579999996
C-24231,122056.27710000005
C-25774,60525.481900000006
C-4923,148187.9720999999
C-1311,19140.96110000002
C-24724,0.0
C-39595,28065.624300000007
C-18160,61526.427
C-22803,0.0
C-18401,36606.626999999986
C-39668,26005.0273
C-24920,33362.4784
C-9069,26503.7555
C-33527,0.0
C-34766,9192.518300000002
C-36982,94143.80349999998
C-15490,0.0
C-46937,0.0
C-13356,60159.96590000001
C-12773,92338.06899999996
C-18243,95665.53340000001
C-47029,23328.79249999998
C-36188,61845.0374
C-14185,17559.3261
C-12034,19830.605000000003
C-48900,84441.71590000001
C-25194,19699.793000000016
C-10713,30009.53139999998
C-26457,22750.1875
C-44001,0.0
C-16984,85525.87300000002
C-26764,119940.84069999994
C-29116,58117.989399999984
C-13232,0.0
C-31287,27639.408800000005
C-25590,0.0
C-30198,29221.508500000007
C-42944,0.0
C-13612,22748.701199999996
C-12125,59766.146800000024
C-32736,14855.410600000005
C-43652,0.0
C-33606,24358.074199999995
C-35847,0.0
C-16554,35932.50699999999
C-33235,26603.057100000005
C-28135,155981.24459999998
C-14276,0.0
C-45715,31378.955500000007
C-1903,47609.96360000001
C-40465,55635.24560000002
C-32284,53441.3024
C-16671,25866.290999999997
C-44410,0.0
C-30062,37412.361899999996
C-46603,64135.084899999994
C-35542,93064.4689
C-32658,62883.362799999995
C-23302,0.0
C-34865,45052.969699999994
C-27213,94127.86920000006
C-3964,15605.496699999996
C-22451,131295.48449999996
C-45006,47879.82630000001
C-39385,0.0
C-25149,29558.21449999998
C-34643,98029.27900000004
C-11878,40983.19
C-48730,106290.82449999999
C-32877,88876.60150000002
C-21273,39930.581
C-13437,211273.79400000005
C-47256,84382.86630000001
C-32241,49271.089799999994
C-38806,104246.29890000004
C-46345,0.0
C-37991,15446.278899999994
C-40943,99860.50300000001
C-20538,13761.660899999995
C-20847,60172.25319999999
C-28701,95898.52579999999
C-20762,158455.8595
C-21732,90229.54419999996
C-19998,0.0
C-45228,0.0
C-22997,25518.742699999995
C-40142,0.0
C-10292,71865.1936
C-242,131339.91209999993
C-32125,200113.5841
C-6469,0.0
C-34658,76198.5533
C-14946,67878.67219999999
C-28115,69962.0603
C-44893,42707.12620000001
C-39437,51015.78480000002
C-9485,79640.14569999996
C-5504,52740.1508
C-49759,0.0
C-49731,0.0
C-25079,0.0
C-17900,25343.156399999993
C-18739,0.0
C-35289,67903.769
C-6890,0.0
C-2621,135496.52659999998
C-17865,84989.48440000003
C-29450,29637.3292
C-11015,134121.74830000006
C-3128,101971.94900000001
C-4454,13670.729199999996
C-34912,0.0
C-28635,0.0
C-16475,83427.61719999998
C-19384,33933.66440000001
C-21701,0.0
C-35645,20706.3319
C-18275,41031.92490000002
C-31815,68585.4686
C-42609,0.0
C-20489,0.0
C-47013,0.0
C-20760,53690.19109999998
C-12803,24589.896700000005
C-14974,18418.66969999999
C-40255,29891.554900000006
C-49698,0.0
C-24039,0.0
C-3987,0.0
C-32958,126544.27940000009
C-29958,26067.733799999998
C-16583,103441.75289999992
C-39314,34828.075600000004
C-38662,21442.242500000015
C-2659,94702.6434
C-21559,45926.7881
C-47299,0.0
C-6410,21078.156199999998
C-48227,23360.9865
C-5882,33385.2721
C-35182,16178.915399999998
C-41194,39136.92480000001
C-38810,44139.08159999998
C-41488,84687.76020000002
C-32303,12421.645200000003
C-13728,16852.4099
C-6062,53815.0326
C-23590,55678.384800000014
C-2392,0.0
C-43018,0.0
C-27833,49498.2656
C-45613,8844.016799999998
C-48397,0.0
C-43906,38411.40099999998
C-466,40823.38989999999
C-19695,15834.946500000004
C-43304,0.0
C-27720,114370.74399999999
C-5264,17885.637400000007
C-35178,114118.63429999996
C-12747,23654.87470000001
C-18226,52291.958199999994
C-47896,23258.1568
C-13070,0.0
C-36122,23710.7853
C-45275,3527.9716000000003
C-34527,107454.83439999996
C-6667,9746.085000000003
C-8755,95365.60190000001
C-8500,131457.31010000003
C-20191,60284.56870000002
C-43467,0.0
C-20926,117462.37850000004
C-4506,64711.312799999985
C-44668,1971.4776000000002
C-10701,16079.339300000007
C-24170,126088.20959999997
C-13708,37691.06059999999
C-5984,37048.21070000002
C-28778,26884.20910000001
C-1509,102161.25819999998
C-11822,132058.11959999992
C-10556,210701.96030000004
C-2074,35395.81410000002
C-3663,23883.478000000003
C-21071,21661.089299999996
C-26605,15142.052399999997
C-48449,0.0
C-35928,22019.7979
C-5658,20918.998300000007
C-44805,76706.031
C-44336,0.0
C-31832,51117.5479
C-18124,56966.63189999999
C-10812,86932.84110000003
C-22529,61857.861000000026
C-39032,63630.79470000001
C-36603,21107.856
C-30055,224974.93499999994
C-7949,63494.76249999999
C-6027,24385.1878
C-48430,0.0
C-17185,48585.05310000001
C-8273,62296.8714
C-24454,17820.53829999999
C-42630,0.0
C-33256,54123.98180000001
C-48984,0.0
C-11593,69806.31340000003
C-32898,0.0
C-11583,133088.7863
C-27334,21506.502600000003
C-24206,0.0
C-7881,118436.10750000001
C-38861,43854.565199999975
C-45655,34603.8678
C-48615,0.0
C-38414,86919.28129999999
C-14206,70524.88229999998
C-28454,24532.396599999996
C-2672,58326.87710000002
C-2030,29167.3949
C-14095,7674.364599999996
C-36057,42755.67319999999
C-35300,30581.629399999998
C-14512,94905.25079999997
C-19186,41872.37090000001
C-31451,52776.02089999999
C-27474,13722.5203
C-39236,19989.483199999995
C-20179,33834.64070000001
C-30998,63390.37070000005
C-4746,50312.14639999999
C-35283,136926.33149999994
C-13421,86234.29199999999
C-8953,132846.09319999997
C-22452,30529.459200000005
C-43181,0.0
C-29536,9761.381899999997
C-19507,31299.985000000015
C-13420,84869.39929999996
C-21474,10384.933
C-34778,0.0
C-11035,0.0
C-21908,38527.41699999999
C-35049,55747.56840000001
C-37737,0.0
C-41084,36982.905099999996
C-18886,59470.77849999999
C-29093,23817.684300000008
C-42419,159255.98580000002
C-1408,88108.36049999997
C-38465,22157.546199999993
C-27832,154387.4529
C-36194,59868.6502
C-47490,0.0
C-21636,88841.08390000001
C-30255,239310.5495
C-27511,39141.7489
C-48882,0.0
C-3846,15728.878499999999
C-34628,0.0
C-455,110952.57669999998
C-28566,0.0
C-6095,72459.3823
C-130,110222.24079999994
C-13244,57087.16640000001
C-3640,0.0
C-29779,0.0
C-14648,0.0
C-24921,32198.0064
C-6496,46600.19080000002
C-37676,41260.861200000014
C-37289,0.0
C-6047,45782.3753
C-20230,40000.18979999999
C-47682,0.0
C-39185,37147.18699999999
C-35859,0.0
C-30237,18489.031699999996
C-35618,67773.59400000001
C-3708,37856.26430000001
C-48424,0.0
C-41764,0.0
C-11655,0.0
C-36773,31337.2954
C-42701,0.0
C-21922,0.0
C-10639,27971.928600000014
C-11559,176155.1044
C-15209,43941.68250000001
C-29571,13373.496299999999
C-28172,14583.031800000012
C-1674,124316.11819999991
C-23707,47539.578600000015
C-18912,224772.20400000006
C-9375,23935.52929999999
C-22543,30726.762900000027
C-43403,0.0
C-23943,67757.29010000001
C-40633,18763.0962
C-22838,42077.19369999998
C-13722,142061.98340000014
C-42466,38439.94219999999
C-27936,21305.896599999996
C-37668,11182.413700000003
C-37984,0.0
C-21403,9868.447600000001
C-26946,0.0
C-4041,24248.035699999997
C-10388,5156.661399999997
C-18826,0.0
C-37584,68158.39790000003
C-16342,89998.87620000003
C-1079,116890.7187
C-3771,86021.44550000003
C-47629,41135.97439999999
C-18994,111896.73460000003
C-30497,117276.3327
C-41907,0.0
C-22441,18763.3872
C-13164,72510.71439999998
C-23544,61724.0616
C-27492,21313.0273
C-12889,183923.62300000002
C-45875,16997.639199999998
C-35104,10789.772500000003
C-48122,151284.0497
C-44866,2980.8213
C-9385,26514.8613
C-30221,17124.397899999996
C-31598,31214.27270000001
C-16362,19805.508199999997
C-15492,102040.47689999995
C-18496,30639.0796
C-1467,0.0
C-11305,33462.94639999999
C-9495,27654.225799999993
C-10598,18358.012499999993
C-2807,26849.61180000001
C-38007,90414.0235
C-32153,20720.952599999993
C-30661,120223.64600000005
C-43861,65570.06889999997
C-47054,0.0
C-5923,78123.51740000007
C-19663,81529.36749999995
C-4536,76544.5991
C-33759,53894.913400000056
C-10448,358.7769
C-33720,0.0
C-13687,161483.40010000003
C-27137,35679.9591
C-21393,29639.557600000004
C-33766,10058.052099999999
C-44391,0.0
C-45860,0.0
C-1889,120134.83630000002
C-39086,0.0
C-14626,48416.69449999998
C-43195,12649.249699999997
C-47488,258002.76460000008
C-525,95533.72099999996
C-23766,15925.2048
C-865,50820.954399999995
C-47188,21209.0666
C-31757,8824.5392
C-49212,13638.238200000003
C-17906,41424.323399999994
C-884,25027.602899999994
C-8663,108223.26479999999
C-30981,27593.130499999992
C-15562,42790.266099999986
C-19456,82059.48799999998
C-36990,122294.62100000003
C-27999,101829.28609999997
C-36429,0.0
C-24793,23397.0778
C-22168,27751.858900000003
C-25136,32930.4054
C-32777,23561.574800000024
C-10861,27784.032399999993
C-47801,0.0
C-18902,0.0
C-32804,42125.90730000001
C-35231,99563.57490000004
C-12128,45065.13640000005
C-3617,25800.54850000001
C-31661,0.0
C-43541,0.0
C-6885,118525.81429999998
C-40829,18005.860199999992
C-14430,25654.205099999992
C-55,11781.4257
C-36993,41468.95860000002
C-13082,0.0
C-24857,36908.64780000003
C-36875,0.0
C-45784,123263.68319999997
C-44505,0.0
C-37961,56041.80669999999
C-43808,0.0
C-45279,61943.675599999995
C-28838,63794.94330000001
C-34685,120868.93990000003
C-13158,25675.6842
C-16898,47257.55620000002
C-5816,62262.371500000016
C-36590,163068.96729999996
C-35886,17185.238799999996
C-43711,51175.66199999999
C-28396,139638.49910000002
C-32409,48363.229099999975
C-19874,0.0
C-102,31479.773799999988
C-31782,40976.8883
C-39108,22002.749300000007
C-11233,139590.89859999993
C-16257,0.0
C-7497,18802.953
C-7434,48229.18810000001
C-11515,161397.64810000005
C-25096,28470.910000000014
C-18809,21149.385900000005
C-5613,68258.4357
C-40896,37206.53150000001
C-25200,70753.8011
C-30995,60815.377600000036
C-37632,93180.4546
C-25275,165602.0041
C-14015,33177.31090000001
C-27566,85154.74540000003
C-10081,0.0
C-46098,18873.9352
C-9757,36796.2545
C-44490,51217.7036
C-28016,0.0
C-21116,40950.57370000001
C-14459,24501.346099999988
C-24815,15362.825699999996
C-45541,77212.77249999999
C-18632,11466.336
C-13926,37661.39049999999
C-40735,25255.751800000005
C-17902,95671.57949999999
C-21318,115150.51939999998
C-22979,39562.8869
C-45007,5779.4334
C-49684,0.0
C-24864,17795.0036
C-49688,0.0
C-35275,57229.79229999998
C-27264,15771.077200000005
C-17546,16502.98140000001
C-18343,20442.84800000001
C-42196,0.0
C-30812,98481.89059999998
C-29248,8670.702599999999
C-33105,0.0
C-4069,77434.44660000001
C-35471,43548.5132
C-5958,0.0
C-15647,77130.40689999997
C-7602,0.0
C-33505,0.0
C-48486,0.0
C-49322,25659.756999999998
C-25425,41446.06700000002
C-20168,17069.102100000004
C-34773,16810.622800000005
C-2542,21172.09959999999
C-25457,24532.700300000004
C-17656,0.0
C-34399,0.0
C-4144,61154.41819999999
C-14188,27661.727200000012
C-41982,35973.97319999999
C-34067,28013.376400000005
C-24601,19467.535699999993
C-34432,54602.3694
C-8630,12493.403000000006
C-9533,111831.34080000002
C-26711,49963.86119999999
C-28876,0.0
C-23486,82952.21679999998
C-21541,65253.681000000026
C-35493,60272.68989999997
C-2690,70891.11700000003
C-536,0.0
C-28347,46546.5605
C-31461,0.0
C-14155,20809.255099999995
C-32553,153930.04880000002
C-16864,62786.8563
C-7528,15988.9319
C-42901,0.0
C-49962,56368.2774
C-36923,25334.8429
C-8907,17063.4103
C-18674,111083.48649999998
C-7279,24832.808200000018
C-20908,84717.10519999999
C-25150,18093.17820000001
C-23322,28528.752599999993
C-37489,13883.898599999999
C-38498,23204.305599999996
C-44165,0.0
C-22804,82755.23889999998
C-29694,139184.58499999996
C-24794,98548.69440000001
C-6729,78470.78159999991
C-42635,0.0
C-49555,8529.699400000001
C-14012,23881.62420000001
C-20441,9880.367600000001
C-38110,15826.431799999993
C-28467,28913.361699999994
C-5584,21789.6044
C-4834,10850.5737
C-21514,176042.5078999999
C-35156,177432.1718
C-39178,32336.117300000013
C-8922,44072.08329999999
C-15762,40897.162899999996
C-21843,0.0
C-23122,0.0
C-9425,43871.26700000002
C-20603,52431.30599999999
C-32167,158942.56000000006
C-16666,175405.3794000001
C-6588,59133.87680000001
C-13663,128937.51299999989
C-6490,25008.680799999987
C-40080,29381.899499999992
C-11503,12919.657300000003
C-6817,19279.108099999998
C-42946,15355.565500000004
C-4167,7768.1610999999975
C-41454,132543.16669999997
C-3014,75257.0892
C-44228,32275.36139999999
C-31189,0.0
C-44328,10761.274400000006
C-9001,69481.21750000003
C-41444,83896.62720000003
C-6330,105997.61190000005
C-1969,0.0
C-34928,98225.69849999998
C-3573,21658.9057
C-7214,21793.287600000007
C-49302,0.0
C-14114,86608.56910000002
C-11509,35904.95880000001
C-12862,0.0
C-25036,64372.78169999999
C-30360,92792.5224
C-29834,89876.36139999997
C-38871,41205.28180000001
C-34378,0.0
C-42420,169387.49790000002
C-21025,47949.626899999996
C-22996,75475.68299999998
C-48664,135080.21529999995
C-26491,39552.45659999999
C-2198,29537.79110000001
C-17679,0.0
C-36133,66809.35600000003
C-1849,29569.502899999996
C-39243,34615.01499999999
C-28903,57868.025200000055
C-27777,36532.99539999999
C-31304,25064.15690000001
C-7090,0.0
C-8728,164021.7673
C-1522,16592.780399999996
C-35921,15595.872499999998
C-39769,148645.28889999996
C-10711,19735.86039999999
C-29824,21292.571
C-14786,33751.10810000001
C-27273,30925.366399999995
C-13438,65252.51340000005
C-19696,31411.831000000006
C-48414,0.0
C-9521,48882.6761
C-29257,27035.438999999984
C-16369,124543.62599999999
C-10365,84673.8476
C-22089,48264.31300000001
C-37917,143590.85709999996
C-7002,0.0
C-37678,29626.489300000005
C-21334,30859.719500000007
C-12789,86411.46240000002
C-28515,18217.718300000004
C-4778,62668.00889999999
C-19087,27352.06020000002
C-10127,148024.4421
C-37166,19442.200400000012
C-27595,0.0
C-6605,0.0
C-45536,0.0
C-301,43023.430300000015
C-34599,0.0
C-10860,31283.652300000005
C-31906,15675.071699999997
C-9125,60725.0373
C-11058,58117.165599999986
C-16791,0.0
C-2416,161028.53740000003
C-22835,45084.1175
C-11501,6118.7717999999995
C-7498,19189.9504
C-49132,0.0
C-21434,59537.122800000005
C-7008,24956.226199999997
C-9919,238782.85480000003
C-46143,0.0
C-11061,9735.164200000001
C-14118,17200.29310000001
C-8539,17994.0584
C-25137,42929.03640000001
C-41027,50275.0118
C-19697,57556.67490000003
C-40322,46624.71370000001
C-35683,18589.381100000002
C-24377,0.0
C-30084,189246.95909999998
C-8827,12467.846200000002
C-47699,0.0
C-27812,201836.30150000003
C-5324,46077.57639999999
C-1956,25948.443500000016
C-15545,46628.70510000001
C-11433,37113.94799999999
C-22204,103052.41189999999
C-24095,91060.84150000002
C-9946,39369.7754
C-3228,42455.9793
C-24762,0.0
C-44245,87522.91970000003
C-43855,116103.14880000002
C-48539,0.0
C-35755,13582.247200000005
C-45449,138278.91050000006
C-46318,20105.897599999997
C-22570,16275.663499999997
C-46165,1425.89
C-23543,20437.5204
C-46127,0.0
C-17182,58137.4171
C-32888,38351.51110000002
C-15610,48012.74210000004
C-12684,32102.47849999999
C-19508,80352.99350000001
C-45454,33552.318900000006
C-40438,80485.15900000004
C-36782,84269.04579999998
C-20863,36413.585699999974
C-25533,12501.5157
C-13817,41660.49340000001
C-29891,52176.60829999997
C-45615,175.40630000000002
C-49740,33421.9562
C-32805,62218.68640000001
C-36,48692.98449999999
C-1800,82283.40640000004
C-8442,0.0
C-15192,12575.036700000006
C-43030,0.0
C-49182,32223.948600000003
C-3506,58970.24129999997
C-32538,17161.310199999996
C-11720,9259.110199999994
C-24285,49514.784599999984
C-20286,0.0
C-41021,87787.0681
C-47369,0.0
C-28682,59975.849300000016
C-48748,53063.26090000004
C-16780,60410.14499999998
C-47379,0.0
C-31168,5470.5151000000005
C-46234,0.0
C-24886,91326.05249999998
C-45247,45404.0457
C-6537,0.0
C-38565,28537.891499999994
C-46794,13833.728899999998
C-20682,0.0
C-22759,0.0
C-33457,18253.518700000004
C-6754,68543.00620000002
C-49683,130738.15670000004
C-8229,20962.9998
C-45930,19002.920900000005
C-5949,81216.71620000005
C-43961,29127.187599999983
C-14417,56178.8438
C-13445,40451.81719999998
C-25876,160626.67429999998
C-21216,21357.908800000005
C-30891,23422.413199999988
C-15683,68690.22559999999
C-39184,51543.21259999997
C-8608,0.0
C-25914,200503.8682
C-4315,111868.59870000002
C-48720,0.0
C-16405,71717.43579999998
C-48567,0.0
C-30276,23135.76479999999
C-36233,68620.6572
C-28650,24886.0762
C-26191,41627.76059999999
C-39484,30136.392599999992
C-35637,153694.81320000003
C-41849,36989.67599999999
C-12643,44666.7901
C-40985,18036.240300000012
C-45819,87470.339
C-12600,79002.71229999998
C-47429,89427.86210000001
C-41712,0.0
C-49336,0.0
C-33966,26481.181699999986
C-33295,26785.927899999988
C-7477,23428.26519999999
C-30395,117043.77379999997
C-44241,33764.906099999986
C-7868,28258.851799999997
C-26793,26471.380599999986
C-23351,101103.35770000001
C-23938,23055.20099999999
C-25236,52547.830299999994
C-12783,22004.7886
C-25052,32051.555099999976
C-46751,0.0
C-41844,37906.35059999998
C-18901,132317.30960000004
C-43190,0.0
C-39119,4163.132199999997
C-33324,127289.86389999998
C-33211,109459.96089999995
C-15625,0.0
C-46856,0.0
C-34892,35317.1074
C-36910,89998.46630000001
C-42124,566.864
C-28677,67468.15120000002
C-45446,0.0
C-42380,85396.02419999996
C-41987,0.0
C-38251,201967.92119999992
C-29447,27351.172500000004
C-22514,116159.58439999999
C-34689,25957.4985
C-8634,43726.44269999999
C-34158,18477.794800000003
C-32949,0.0
C-1802,61227.71619999998
C-37954,19857.005400000002
C-25250,10007.261299999998
C-10496,0.0
C-41580,24232.9252
C-22373,75798.08580000003
C-3457,21190.1124
C-29113,42278.58930000001
C-48230,14029.541299999999
C-3764,139063.60609999995
C-35706,69210.44500000002
C-35190,55362.18350000002
C-40982,18349.504300000008
C-28584,87705.13419999999
C-26143,0.0
C-23878,0.0
C-13176,98114.09890000004
C-42930,0.0
C-25891,55137.0931
C-49200,0.0
C-33468,87386.13979999996
C-13398,40477.62400000002
C-28670,20741.022500000006
C-12424,6664.3478
C-34619,20591.242599999994
C-32381,0.0
C-14263,54207.45379999999
C-14084,55303.67430000005
C-7107,18024.211400000004
C-25461,70895.78380000003
C-11757,58710.345100000006
C-1883,79572.35079999997
C-24320,87325.33679999999
C-3268,25419.24639999999
C-12535,0.0
C-37855,19044.662599999992
C-28081,22239.1878
C-5793,63900.82530000002
C-30474,13901.816400000003
C-15485,94805.72559999999
C-21946,26546.67349999999
C-8849,114697.71759999997
C-30731,13521.114099999997
C-22999,137918.75469999996
C-12409,0.0
C-26697,8253.675899999997
C-38664,67430.24110000001
C-41190,0.0
C-5892,23744.698899999996
C-10536,32782.40110000002
C-10036,88577.09989999999
C-43654,109799.01030000007
C-35894,30081.041099999988
C-22669,32645.315800000015
C-10700,13773.029100000002
C-23406,6598.3877
C-22057,0.0
C-22536,23984.63860000001
C-7582,70159.28920000003
C-18819,109894.34030000003
C-4585,53558.89580000002
C-47754,11015.6737
C-7180,82471.00690000004
C-43216,61254.86969999996
C-30519,0.0
C-19860,187902.802
C-19164,25848.372099999986
C-10525,46391.48790000002
C-6904,0.0
C-14765,22569.620799999997
C-6639,139176.98450000002
C-29746,60693.42
C-43225,0.0
C-6354,75094.34840000002
C-11765,34636.2704
C-5442,0.0
C-27000,75104.04860000002
C-39756,20275.1643
C-32138,37652.73300000001
C-9076,88448.1913
C-17587,29119.941900000005
C-46479,278.467
C-3099,70582.97369999997
C-43482,91986.93990000007
